commit_idx,seed,source,target,dfs_depth,probability,threshold,accepted,actual_target,cochange_prior
500,233,233,111,0,0.9009955525398254,0.9500000000000004,0,0,0.5
500,233,233,131,0,0.8703280091285706,0.9500000000000004,0,0,0.5
500,233,233,244,0,0.8858685493469238,0.9500000000000004,0,0,0.5
500,233,233,282,0,0.9411730766296387,0.9500000000000004,0,0,1.0
500,233,233,318,0,0.9415261149406433,0.9500000000000004,0,0,1.0
502,1094,1094,1093,0,0.9401272535324097,0.9500000000000004,0,0,1.0
504,1068,1068,1065,0,0.9266781806945801,0.9500000000000004,0,0,1.0
504,1068,1068,1066,0,0.9266781806945801,0.9500000000000004,0,0,1.0
504,1068,1068,1067,0,0.9266781806945801,0.9500000000000004,0,1,1.0
504,1068,1068,1069,0,0.9266781806945801,0.9500000000000004,0,1,1.0
504,1068,1068,1070,0,0.9266781806945801,0.9500000000000004,0,0,1.0
504,1068,1068,1071,0,0.9266781806945801,0.9500000000000004,0,0,1.0
504,1068,1068,1072,0,0.9266781806945801,0.9500000000000004,0,0,1.0
504,1068,1068,1073,0,0.9266781806945801,0.9500000000000004,0,1,1.0
505,1069,1069,1065,0,0.800368070602417,0.9500000000000004,0,0,0.5
505,1069,1069,1066,0,0.800368070602417,0.9500000000000004,0,0,0.5
505,1069,1069,1067,0,0.9719184637069702,0.9500000000000004,1,0,1.0
505,1069,1069,1068,0,0.9719184637069702,0.9500000000000004,1,0,1.0
505,1069,1069,1070,0,0.800368070602417,0.9500000000000004,0,0,0.5
505,1069,1069,1071,0,0.800368070602417,0.9500000000000004,0,0,0.5
505,1069,1069,1072,0,0.800368070602417,0.9500000000000004,0,0,0.5
505,1069,1069,1073,0,0.9719184637069702,0.9500000000000004,1,1,1.0
505,1069,1073,1065,1,0.800368070602417,0.9500000000000004,0,0,0.5
505,1069,1073,1066,1,0.800368070602417,0.9500000000000004,0,0,0.5
505,1069,1073,1070,1,0.800368070602417,0.9500000000000004,0,0,0.5
505,1069,1073,1071,1,0.800368070602417,0.9500000000000004,0,0,0.5
505,1069,1073,1072,1,0.800368070602417,0.9500000000000004,0,0,0.5
505,1069,1068,1065,1,0.800368070602417,0.9500000000000004,0,0,0.5
505,1069,1068,1066,1,0.800368070602417,0.9500000000000004,0,0,0.5
505,1069,1068,1070,1,0.800368070602417,0.9500000000000004,0,0,0.5
505,1069,1068,1071,1,0.800368070602417,0.9500000000000004,0,0,0.5
505,1069,1068,1072,1,0.800368070602417,0.9500000000000004,0,0,0.5
505,1069,1067,1065,1,0.800368070602417,0.9500000000000004,0,0,0.5
505,1069,1067,1066,1,0.800368070602417,0.9500000000000004,0,0,0.5
505,1069,1067,1070,1,0.800368070602417,0.9500000000000004,0,0,0.5
505,1069,1067,1071,1,0.800368070602417,0.9500000000000004,0,0,0.5
505,1069,1067,1072,1,0.800368070602417,0.9500000000000004,0,0,0.5
506,177,177,106,0,0.7093106508255005,0.9500000000000004,0,0,0.2
506,177,177,113,0,0.71095871925354,0.9500000000000004,0,0,0.25
506,177,177,125,0,0.9486533999443054,0.9500000000000004,0,0,0.6
506,177,177,127,0,0.6604464054107666,0.9500000000000004,0,0,0.2
506,177,177,130,0,0.9754804372787476,0.9500000000000004,1,0,0.8
506,177,177,131,0,0.6567577719688416,0.9500000000000004,0,0,0.2
506,177,177,137,0,0.6567577719688416,0.9500000000000004,0,0,0.2
506,177,177,164,0,0.6399866938591003,0.9500000000000004,0,0,0.2
506,177,177,165,0,0.8499698042869568,0.9500000000000004,0,0,0.4
506,177,177,246,0,0.7380536198616028,0.9500000000000004,0,0,0.25
506,177,177,3,0,0.7508781552314758,0.9500000000000004,0,0,0.2
506,177,177,90,0,0.7169619798660278,0.9500000000000004,0,0,0.2
506,177,177,99,0,0.7850577235221863,0.9500000000000004,0,0,0.3333333333333333
506,177,130,106,1,0.7303247451782227,0.9500000000000004,0,0,0.25
506,177,130,113,1,0.725062906742096,0.9500000000000004,0,0,0.3333333333333333
506,177,130,125,1,0.9566917419433594,0.9500000000000004,1,0,0.75
506,177,130,127,1,0.6660032272338867,0.9500000000000004,0,0,0.25
506,177,130,131,1,0.6590035557746887,0.9500000000000004,0,0,0.25
506,177,130,137,1,0.6590035557746887,0.9500000000000004,0,0,0.25
506,177,130,164,1,0.6315342783927917,0.9500000000000004,0,0,0.25
506,177,130,165,1,0.6830629706382751,0.9500000000000004,0,0,0.25
506,177,130,246,1,0.7555244565010071,0.9500000000000004,0,0,0.3333333333333333
506,177,130,3,1,0.763822615146637,0.9500000000000004,0,0,0.25
506,177,130,90,1,0.7239304780960083,0.9500000000000004,0,0,0.25
506,177,130,99,1,0.7653457522392273,0.9500000000000004,0,0,0.3333333333333333
506,177,125,106,2,0.7037391662597656,0.9500000000000004,0,0,0.2
506,177,125,111,2,0.7439943552017212,0.9500000000000004,0,0,0.25
506,177,125,113,2,0.6565788984298706,0.9500000000000004,0,0,0.25
506,177,125,117,2,0.8604711890220642,0.9500000000000004,0,0,0.5
506,177,125,127,2,0.587624192237854,0.9500000000000004,0,0,0.2
506,177,125,131,2,0.5734589695930481,0.9500000000000004,0,0,0.2
506,177,125,137,2,0.5734589695930481,0.9500000000000004,0,0,0.2
506,177,125,140,2,0.8798229098320007,0.9500000000000004,0,0,1.0
506,177,125,164,2,0.5514043569564819,0.9500000000000004,0,0,0.2
506,177,125,165,2,0.6202653646469116,0.9500000000000004,0,0,0.2
506,177,125,233,2,0.7544668912887573,0.9500000000000004,0,0,0.3333333333333333
506,177,125,246,2,0.7428078651428223,0.9500000000000004,0,0,0.25
506,177,125,3,2,0.7484812140464783,0.9500000000000004,0,0,0.2
506,177,125,90,2,0.6948748230934143,0.9500000000000004,0,0,0.2
506,177,125,99,2,0.7636299729347229,0.9500000000000004,0,0,0.3333333333333333
507,111,111,110,0,0.7680348753929138,0.9500000000000004,0,0,0.1875
507,111,111,1106,0,0.8837497234344482,0.9500000000000004,0,0,1.0
507,111,111,112,0,0.7107640504837036,0.9500000000000004,0,0,0.18181818181818182
507,111,111,114,0,0.641077995300293,0.9500000000000004,0,0,0.2
507,111,111,122,0,0.8105167150497437,0.9500000000000004,0,0,0.25
507,111,111,124,0,0.7311238646507263,0.9500000000000004,0,0,0.125
507,111,111,127,0,0.7616735696792603,0.9500000000000004,0,0,0.25
507,111,111,129,0,0.6963749527931213,0.9500000000000004,0,0,0.18181818181818182
507,111,111,131,0,0.7267736196517944,0.9500000000000004,0,0,0.1875
507,111,111,137,0,0.6655660271644592,0.9500000000000004,0,0,0.125
507,111,111,178,0,0.6509869694709778,0.9500000000000004,0,0,0.125
507,111,111,204,0,0.7887018918991089,0.9500000000000004,0,0,0.1875
507,111,111,233,0,0.664705216884613,0.9500000000000004,0,0,0.1
507,111,111,246,0,0.828117847442627,0.9500000000000004,0,0,0.26666666666666666
507,111,111,292,0,0.5807691216468811,0.9500000000000004,0,0,0.1111111111111111
507,111,111,335,0,0.5986943244934082,0.9500000000000004,0,0,0.125
507,111,111,338,0,0.7983171939849854,0.9500000000000004,0,0,0.4
507,111,111,344,0,0.5942894220352173,0.9500000000000004,0,0,0.14285714285714285
507,111,111,357,0,0.578175961971283,0.9500000000000004,0,0,0.14285714285714285
507,111,111,376,0,0.6089968085289001,0.9500000000000004,0,0,0.16666666666666666
507,111,111,402,0,0.6377733945846558,0.9500000000000004,0,0,0.25
507,111,111,488,0,0.6929966807365417,0.9500000000000004,0,0,0.3333333333333333
507,111,111,489,0,0.6929966807365417,0.9500000000000004,0,0,0.3333333333333333
507,111,111,490,0,0.6929966807365417,0.9500000000000004,0,0,0.3333333333333333
507,111,111,491,0,0.6929966807365417,0.9500000000000004,0,0,0.3333333333333333
507,111,111,492,0,0.6929966807365417,0.9500000000000004,0,0,0.3333333333333333
507,111,111,493,0,0.6929966807365417,0.9500000000000004,0,0,0.3333333333333333
508,229,229,106,0,0.8217521905899048,0.9500000000000004,0,0,0.2
508,229,229,1100,0,0.9255126714706421,0.9500000000000004,0,1,1.0
508,229,229,256,0,0.6194450855255127,0.9500000000000004,0,0,0.2
508,229,229,313,0,0.8084565997123718,0.9500000000000004,0,0,0.2
508,229,229,486,0,0.9445332884788513,0.9500000000000004,0,0,0.6666666666666666
509,68,68,172,0,0.9304967522621155,0.9500000000000004,0,0,1.0
509,68,68,173,0,0.9264353513717651,0.9500000000000004,0,0,1.0
509,68,68,175,0,0.9297671914100647,0.9500000000000004,0,0,1.0
509,68,68,251,0,0.9281156659126282,0.9500000000000004,0,0,1.0
509,68,68,57,0,0.9212033152580261,0.9500000000000004,0,0,1.0
509,68,68,58,0,0.9262461066246033,0.9500000000000004,0,0,1.0
510,1128,1128,1127,0,0.9903545379638672,0.9500000000000004,1,1,1.0
511,225,225,12,0,0.7444051504135132,0.9500000000000004,0,0,0.3333333333333333
511,225,225,218,0,0.8875545263290405,0.9500000000000004,0,1,1.0
511,225,225,220,0,0.8875545263290405,0.9500000000000004,0,1,1.0
511,225,225,222,0,0.8606849312782288,0.9500000000000004,0,0,0.6666666666666666
511,225,225,223,0,0.9564561247825623,0.9500000000000004,1,1,1.0
511,225,225,224,0,0.7451928853988647,0.9500000000000004,0,0,0.3333333333333333
511,225,225,226,0,0.8717530965805054,0.9500000000000004,0,0,0.6666666666666666
511,225,225,227,0,0.8103811144828796,0.9500000000000004,0,0,0.5
511,225,225,26,0,0.7456550598144531,0.9500000000000004,0,0,0.3333333333333333
511,225,223,12,1,0.7444051504135132,0.9500000000000004,0,0,0.3333333333333333
511,225,223,218,1,0.8875545263290405,0.9500000000000004,0,1,1.0
511,225,223,220,1,0.8875545263290405,0.9500000000000004,0,1,1.0
511,225,223,222,1,0.8606849312782288,0.9500000000000004,0,0,0.6666666666666666
511,225,223,224,1,0.7451928853988647,0.9500000000000004,0,0,0.3333333333333333
511,225,223,226,1,0.8717530965805054,0.9500000000000004,0,0,0.6666666666666666
511,225,223,227,1,0.8103811144828796,0.9500000000000004,0,0,0.5
511,225,223,26,1,0.7456550598144531,0.9500000000000004,0,0,0.3333333333333333
513,121,121,111,0,0.8041844964027405,0.9500000000000004,0,0,0.25
513,121,121,113,0,0.7518323659896851,0.9500000000000004,0,0,0.25
513,121,121,122,0,0.8882910013198853,0.9500000000000004,0,0,0.5
513,121,121,124,0,0.8855779767036438,0.9500000000000004,0,0,0.5
513,121,121,242,0,0.8884074687957764,0.9500000000000004,0,0,0.5
513,121,121,250,0,0.8649210333824158,0.9500000000000004,0,0,0.5
513,121,121,323,0,0.8363522291183472,0.9500000000000004,0,0,1.0
513,121,121,367,0,0.8556524515151978,0.9500000000000004,0,0,1.0
513,121,121,58,0,0.8614577054977417,0.9500000000000004,0,0,1.0
513,121,121,73,0,0.7493683099746704,0.9500000000000004,0,0,0.25
513,121,121,83,0,0.8070908188819885,0.9500000000000004,0,0,0.25
514,1141,1141,1142,0,0.9069720506668091,0.9500000000000004,0,0,1.0
514,1141,1141,1143,0,0.9069720506668091,0.9500000000000004,0,0,1.0
514,1141,1141,121,0,0.9232843518257141,0.9500000000000004,0,1,1.0
514,1141,1141,204,0,0.9431120157241821,0.9500000000000004,0,0,1.0
515,1142,1142,1141,0,0.9209467172622681,0.9500000000000004,0,0,1.0
515,1142,1142,1143,0,0.9143086075782776,0.9500000000000004,0,1,1.0
515,1142,1142,121,0,0.9316954016685486,0.9500000000000004,0,0,1.0
515,1142,1142,204,0,0.948349118232727,0.9500000000000004,0,0,1.0
516,3,3,0,0,0.6115232110023499,0.9500000000000004,0,0,0.13636363636363635
516,3,3,106,0,0.7977282404899597,0.9500000000000004,0,0,0.1111111111111111
516,3,3,11,0,0.8511327505111694,0.9500000000000004,0,0,0.22727272727272727
516,3,3,1105,0,0.7327633500099182,0.9500000000000004,0,0,0.5
516,3,3,1125,0,0.9048923254013062,0.9500000000000004,0,0,1.0
516,3,3,1126,0,0.9048923254013062,0.9500000000000004,0,0,1.0
516,3,3,133,0,0.6780619621276855,0.9500000000000004,0,0,0.3333333333333333
516,3,3,138,0,0.5207205414772034,0.9500000000000004,0,0,0.1
516,3,3,164,0,0.5205816030502319,0.9500000000000004,0,0,0.1111111111111111
516,3,3,165,0,0.5899918675422668,0.9500000000000004,0,0,0.1111111111111111
516,3,3,167,0,0.6825547218322754,0.9500000000000004,0,0,0.34615384615384615
516,3,3,203,0,0.5857448577880859,0.9500000000000004,0,0,0.17647058823529413
516,3,3,204,0,0.8742176294326782,0.9500000000000004,0,0,0.35294117647058826
516,3,3,232,0,0.5257793068885803,0.9500000000000004,0,0,0.13333333333333333
516,3,3,242,0,0.6753804683685303,0.9500000000000004,0,0,0.16666666666666666
516,3,3,243,0,0.5347484350204468,0.9500000000000004,0,0,0.16666666666666666
516,3,3,244,0,0.5885028839111328,0.9500000000000004,0,0,0.16666666666666666
516,3,3,25,0,0.8561645746231079,0.9500000000000004,0,0,0.3333333333333333
516,3,3,291,0,0.6021562814712524,0.9500000000000004,0,0,0.1
516,3,3,313,0,0.5470330715179443,0.9500000000000004,0,0,0.125
516,3,3,325,0,0.6083685755729675,0.9500000000000004,0,0,0.125
516,3,3,79,0,0.5830392837524414,0.9500000000000004,0,0,0.1111111111111111
516,3,3,99,0,0.6264914274215698,0.9500000000000004,0,0,0.1111111111111111
517,1128,1128,1127,0,0.9958339929580688,0.9500000000000004,1,1,1.0
518,1127,1127,1128,0,0.9929017424583435,0.9500000000000004,1,1,1.0
519,344,344,111,0,0.9072414040565491,0.9500000000000004,0,0,0.5
519,344,344,112,0,0.8754141330718994,0.9500000000000004,0,0,0.5
519,344,344,114,0,0.9020668864250183,0.9500000000000004,0,0,1.0
519,344,344,122,0,0.8903610706329346,0.9500000000000004,0,0,0.5
519,344,344,124,0,0.8767118453979492,0.9500000000000004,0,1,0.5
519,344,344,129,0,0.8702450394630432,0.9500000000000004,0,0,0.5
519,344,344,204,0,0.9013707041740417,0.9500000000000004,0,0,0.5
519,344,344,269,0,0.8281610608100891,0.9500000000000004,0,0,0.5
519,344,344,338,0,0.9299876093864441,0.9500000000000004,0,0,1.0
519,344,344,345,0,0.8063877820968628,0.9500000000000004,0,0,0.5
519,344,344,376,0,0.9222373366355896,0.9500000000000004,0,0,1.0
520,884,884,977,0,0.9167885780334473,0.9500000000000004,0,1,1.0
521,1127,1127,1128,0,0.9961327314376831,0.9500000000000004,1,1,1.0
522,241,241,206,0,0.7114886045455933,0.9500000000000004,0,0,0.18181818181818182
522,241,241,227,0,0.704642653465271,0.9500000000000004,0,0,0.18181818181818182
522,241,241,240,0,0.9962497353553772,0.9500000000000004,1,0,0.9090909090909091
522,241,241,267,0,0.7169327735900879,0.9500000000000004,0,0,0.18181818181818182
522,241,241,277,0,0.6044113636016846,0.9500000000000004,0,0,0.1
522,241,240,206,1,0.7666869759559631,0.9500000000000004,0,0,0.2
522,241,240,227,1,0.7614943385124207,0.9500000000000004,0,0,0.2
522,241,240,267,1,0.6080685257911682,0.9500000000000004,0,0,0.1
522,241,240,268,1,0.6041097640991211,0.9500000000000004,0,0,0.1
523,961,961,1129,0,0.9145063161849976,0.9500000000000004,0,0,1.0
523,961,961,1130,0,0.9145063161849976,0.9500000000000004,0,0,1.0
523,961,961,955,0,0.9128817319869995,0.9500000000000004,0,0,0.5
523,961,961,956,0,0.6526904702186584,0.9500000000000004,0,0,0.25
523,961,961,957,0,0.6432368159294128,0.9500000000000004,0,0,0.25
523,961,961,958,0,0.6156706213951111,0.9500000000000004,0,0,0.25
523,961,961,959,0,0.6526904702186584,0.9500000000000004,0,0,0.25
523,961,961,960,0,0.6156706213951111,0.9500000000000004,0,0,0.25
523,961,961,962,0,0.9910392165184021,0.9500000000000004,1,1,1.0
523,961,962,1129,1,0.9145063161849976,0.9500000000000004,0,0,1.0
523,961,962,1130,1,0.9145063161849976,0.9500000000000004,0,0,1.0
523,961,962,955,1,0.9128817319869995,0.9500000000000004,0,0,0.5
523,961,962,956,1,0.6526904702186584,0.9500000000000004,0,0,0.25
523,961,962,957,1,0.6432368159294128,0.9500000000000004,0,0,0.25
523,961,962,958,1,0.6156706213951111,0.9500000000000004,0,0,0.25
523,961,962,959,1,0.6526904702186584,0.9500000000000004,0,0,0.25
523,961,962,960,1,0.6156706213951111,0.9500000000000004,0,0,0.25
525,990,990,1086,0,0.9043497443199158,0.9500000000000004,0,0,1.0
525,990,990,983,0,0.6985191702842712,0.9500000000000004,0,1,0.3333333333333333
525,990,990,984,0,0.6985191702842712,0.9500000000000004,0,0,0.3333333333333333
525,990,990,985,0,0.9735697507858276,0.9500000000000004,1,1,1.0
525,990,990,986,0,0.9735697507858276,0.9500000000000004,1,1,1.0
525,990,990,987,0,0.9735697507858276,0.9500000000000004,1,0,1.0
525,990,990,988,0,0.9285315275192261,0.9500000000000004,0,0,0.6666666666666666
525,990,990,989,0,0.9735697507858276,0.9500000000000004,1,1,1.0
525,990,989,1086,1,0.9043497443199158,0.9500000000000004,0,0,1.0
525,990,989,983,1,0.6985191702842712,0.9500000000000004,0,1,0.3333333333333333
525,990,989,984,1,0.6985191702842712,0.9500000000000004,0,0,0.3333333333333333
525,990,989,988,1,0.9285315275192261,0.9500000000000004,0,0,0.6666666666666666
525,990,987,1086,1,0.9043497443199158,0.9500000000000004,0,0,1.0
525,990,987,983,1,0.6985191106796265,0.9500000000000004,0,1,0.3333333333333333
525,990,987,984,1,0.6985191106796265,0.9500000000000004,0,0,0.3333333333333333
525,990,987,988,1,0.9285315275192261,0.9500000000000004,0,0,0.6666666666666666
525,990,986,1086,1,0.9043497443199158,0.9500000000000004,0,0,1.0
525,990,986,983,1,0.6985191106796265,0.9500000000000004,0,1,0.3333333333333333
525,990,986,984,1,0.6985191106796265,0.9500000000000004,0,0,0.3333333333333333
525,990,986,988,1,0.9285315275192261,0.9500000000000004,0,0,0.6666666666666666
525,990,985,1086,1,0.9043497443199158,0.9500000000000004,0,0,1.0
525,990,985,983,1,0.6985191106796265,0.9500000000000004,0,1,0.3333333333333333
525,990,985,984,1,0.6985191106796265,0.9500000000000004,0,0,0.3333333333333333
525,990,985,988,1,0.9285315275192261,0.9500000000000004,0,0,0.6666666666666666
526,241,241,1151,0,0.9400333762168884,0.9500000000000004,0,0,1.0
526,241,241,206,0,0.546927809715271,0.9500000000000004,0,0,0.16666666666666666
526,241,241,227,0,0.546546459197998,0.9500000000000004,0,0,0.16666666666666666
526,241,241,240,0,0.9944986701011658,0.9500000000000004,1,1,0.8333333333333334
526,241,241,267,0,0.49267658591270447,0.9500000000000004,0,0,0.16666666666666666
526,241,240,206,1,0.7687317728996277,0.9500000000000004,0,0,0.2
526,241,240,227,1,0.7637485265731812,0.9500000000000004,0,0,0.2
526,241,240,267,1,0.6104877591133118,0.9500000000000004,0,0,0.1
526,241,240,268,1,0.6061878204345703,0.9500000000000004,0,0,0.1
527,144,144,143,0,0.6686311960220337,0.9500000000000004,0,0,0.1875
527,144,144,147,0,0.6874033212661743,0.9500000000000004,0,0,0.16666666666666666
527,144,144,148,0,0.9415181875228882,0.9500000000000004,0,0,0.4375
527,144,144,162,0,0.6702473163604736,0.9500000000000004,0,0,0.125
527,144,144,178,0,0.8938465714454651,0.9500000000000004,0,0,0.375
527,144,144,204,0,0.7277493476867676,0.9500000000000004,0,1,0.14285714285714285
527,144,144,329,0,0.5497372150421143,0.9500000000000004,0,0,0.1111111111111111
527,144,144,331,0,0.5417693257331848,0.9500000000000004,0,0,0.1111111111111111
527,144,144,340,0,0.6986857056617737,0.9500000000000004,0,0,0.3333333333333333
527,144,144,341,0,0.6986857056617737,0.9500000000000004,0,0,0.3333333333333333
527,144,144,420,0,0.6986857056617737,0.9500000000000004,0,0,0.3333333333333333
527,144,144,421,0,0.6986857056617737,0.9500000000000004,0,0,0.3333333333333333
527,144,144,82,0,0.688791811466217,0.9500000000000004,0,0,0.125
527,144,144,83,0,0.7068676352500916,0.9500000000000004,0,0,0.125
527,144,144,90,0,0.8199549913406372,0.9500000000000004,0,0,0.25
528,144,144,143,0,0.568640410900116,0.9500000000000004,0,0,0.17647058823529413
528,144,144,147,0,0.5768027305603027,0.9500000000000004,0,0,0.15384615384615385
528,144,144,148,0,0.7709026336669922,0.9500000000000004,0,0,0.4117647058823529
528,144,144,162,0,0.5474615097045898,0.9500000000000004,0,0,0.11764705882352941
528,144,144,178,0,0.7983043789863586,0.9500000000000004,0,0,0.35294117647058826
528,144,144,204,0,0.8259501457214355,0.9500000000000004,0,0,0.2
528,144,144,329,0,0.46869224309921265,0.9500000000000004,0,0,0.1
528,144,144,331,0,0.46078190207481384,0.9500000000000004,0,0,0.1
528,144,144,340,0,0.5725407600402832,0.9500000000000004,0,0,0.25
528,144,144,341,0,0.5725407600402832,0.9500000000000004,0,0,0.25
528,144,144,420,0,0.5725407600402832,0.9500000000000004,0,0,0.25
528,144,144,421,0,0.5725407600402832,0.9500000000000004,0,0,0.25
528,144,144,82,0,0.6107214093208313,0.9500000000000004,0,1,0.11764705882352941
528,144,144,83,0,0.6383827328681946,0.9500000000000004,0,0,0.11764705882352941
528,144,144,90,0,0.7265276312828064,0.9500000000000004,0,1,0.23529411764705882
529,89,89,100,0,0.7611467242240906,0.9500000000000004,0,0,0.3333333333333333
529,89,89,163,0,0.8026270270347595,0.9500000000000004,0,0,0.4
529,89,89,204,0,0.882067084312439,0.9500000000000004,0,0,0.3333333333333333
529,89,89,330,0,0.873889148235321,0.9500000000000004,0,0,0.5
529,89,89,383,0,0.8169352412223816,0.9500000000000004,0,0,0.4
529,89,89,77,0,0.5379464030265808,0.9500000000000004,0,0,0.16666666666666666
529,89,89,83,0,0.9755536317825317,0.9500000000000004,1,0,0.6666666666666666
529,89,89,90,0,0.6970832943916321,0.9500000000000004,0,0,0.16666666666666666
529,89,89,91,0,0.6232233643531799,0.9500000000000004,0,0,0.16666666666666666
529,89,89,92,0,0.6360993981361389,0.9500000000000004,0,0,0.16666666666666666
529,89,83,100,1,0.46831321716308594,0.9500000000000004,0,0,0.16666666666666666
529,89,83,144,1,0.6793367862701416,0.9500000000000004,0,0,0.1111111111111111
529,89,83,163,1,0.7113431096076965,0.9500000000000004,0,0,0.3333333333333333
529,89,83,178,1,0.6395643353462219,0.9500000000000004,0,0,0.16666666666666666
529,89,83,204,1,0.9022958874702454,0.9500000000000004,0,0,0.35294117647058826
529,89,83,330,1,0.7436712384223938,0.9500000000000004,0,0,0.2727272727272727
529,89,83,383,1,0.7337305545806885,0.9500000000000004,0,0,0.3333333333333333
529,89,83,77,1,0.5407010912895203,0.9500000000000004,0,0,0.125
529,89,83,82,1,0.8024304509162903,0.9500000000000004,0,0,0.2777777777777778
529,89,83,90,1,0.8323961496353149,0.9500000000000004,0,0,0.3333333333333333
530,843,843,831,0,0.9638316035270691,0.9500000000000004,1,0,1.0
530,843,843,832,0,0.9626092314720154,0.9500000000000004,1,0,1.0
530,843,843,833,0,0.9626092314720154,0.9500000000000004,1,0,1.0
530,843,843,834,0,0.9634547829627991,0.9500000000000004,1,0,1.0
530,843,843,835,0,0.9634547829627991,0.9500000000000004,1,0,1.0
530,843,843,836,0,0.962369441986084,0.9500000000000004,1,0,1.0
530,843,843,973,0,0.9141048789024353,0.9500000000000004,0,0,0.5
530,843,843,974,0,0.8991250991821289,0.9500000000000004,0,0,0.5
530,843,843,992,0,0.9626092314720154,0.9500000000000004,1,0,1.0
531,1067,1067,1065,0,0.8405365943908691,0.9500000000000004,0,0,0.5
531,1067,1067,1066,0,0.8405365943908691,0.9500000000000004,0,0,0.5
531,1067,1067,1068,0,0.9729636907577515,0.9500000000000004,1,0,1.0
531,1067,1067,1069,0,0.9759559631347656,0.9500000000000004,1,0,1.0
531,1067,1067,1070,0,0.8405365943908691,0.9500000000000004,0,0,0.5
531,1067,1067,1071,0,0.8405365943908691,0.9500000000000004,0,0,0.5
531,1067,1067,1072,0,0.8405365943908691,0.9500000000000004,0,0,0.5
531,1067,1067,1073,0,0.974656343460083,0.9500000000000004,1,0,1.0
531,1067,1073,1065,1,0.8348428010940552,0.9500000000000004,0,0,0.3333333333333333
531,1067,1073,1066,1,0.8348428010940552,0.9500000000000004,0,0,0.3333333333333333
531,1067,1073,1070,1,0.8348428010940552,0.9500000000000004,0,0,0.3333333333333333
531,1067,1073,1071,1,0.8348428010940552,0.9500000000000004,0,0,0.3333333333333333
531,1067,1073,1072,1,0.8348428010940552,0.9500000000000004,0,0,0.3333333333333333
531,1067,1069,1065,1,0.7862429618835449,0.9500000000000004,0,0,0.25
531,1067,1069,1066,1,0.7862429618835449,0.9500000000000004,0,0,0.25
531,1067,1069,1070,1,0.7862429618835449,0.9500000000000004,0,0,0.25
531,1067,1069,1071,1,0.7862429618835449,0.9500000000000004,0,0,0.25
531,1067,1069,1072,1,0.7862429618835449,0.9500000000000004,0,0,0.25
531,1067,1069,1078,1,0.808451235294342,0.9500000000000004,0,0,0.3333333333333333
531,1067,1069,1079,1,0.808451235294342,0.9500000000000004,0,0,0.3333333333333333
531,1067,1069,1111,1,0.9432985782623291,0.9500000000000004,0,0,1.0
531,1067,1069,3,1,0.8674310445785522,0.9500000000000004,0,0,0.25
531,1067,1069,882,1,0.7816368341445923,0.9500000000000004,0,0,0.25
531,1067,1069,967,1,0.7977421283721924,0.9500000000000004,0,0,0.25
531,1067,1068,1065,1,0.8405365943908691,0.9500000000000004,0,0,0.5
531,1067,1068,1066,1,0.8405365943908691,0.9500000000000004,0,0,0.5
531,1067,1068,1070,1,0.8405365943908691,0.9500000000000004,0,0,0.5
531,1067,1068,1071,1,0.8405365943908691,0.9500000000000004,0,0,0.5
531,1067,1068,1072,1,0.8405365943908691,0.9500000000000004,0,0,0.5
532,978,978,1078,0,0.8069445490837097,0.9500000000000004,0,1,0.5
532,978,978,1079,0,0.8069445490837097,0.9500000000000004,0,1,0.5
532,978,978,843,0,0.9611943960189819,0.9500000000000004,1,0,0.3333333333333333
532,978,978,882,0,0.9540687203407288,0.9500000000000004,1,1,0.6666666666666666
532,978,978,883,0,0.543106198310852,0.9500000000000004,0,1,0.3333333333333333
532,978,978,997,0,0.7540400624275208,0.9500000000000004,0,1,0.5
532,978,882,1069,1,0.7885280847549438,0.9500000000000004,0,0,0.5
532,978,882,1078,1,0.9314085245132446,0.9500000000000004,0,1,1.0
532,978,882,1079,1,0.9314085245132446,0.9500000000000004,0,1,1.0
532,978,882,1111,1,0.8679410815238953,0.9500000000000004,0,0,1.0
532,978,882,3,1,0.7665358185768127,0.9500000000000004,0,0,0.3333333333333333
532,978,882,883,1,0.724654495716095,0.9500000000000004,0,1,0.3333333333333333
532,978,882,967,1,0.715181291103363,0.9500000000000004,0,0,0.3333333333333333
532,978,882,997,1,0.7802526950836182,0.9500000000000004,0,1,0.5
532,978,843,831,1,0.9533739686012268,0.9500000000000004,1,0,0.6666666666666666
532,978,843,832,1,0.9488954544067383,0.9500000000000004,0,0,0.6666666666666666
532,978,843,833,1,0.9488954544067383,0.9500000000000004,0,0,0.6666666666666666
532,978,843,834,1,0.9489984512329102,0.9500000000000004,0,0,0.6666666666666666
532,978,843,835,1,0.9489984512329102,0.9500000000000004,0,0,0.6666666666666666
532,978,843,836,1,0.9457111358642578,0.9500000000000004,0,0,0.6666666666666666
532,978,843,973,1,0.6493773460388184,0.9500000000000004,0,0,0.4
532,978,843,974,1,0.6278605461120605,0.9500000000000004,0,0,0.4
532,978,843,992,1,0.9488954544067383,0.9500000000000004,0,0,0.6666666666666666
532,978,831,832,2,0.9387421011924744,0.9500000000000004,0,0,0.6666666666666666
532,978,831,833,2,0.9387421011924744,0.9500000000000004,0,0,0.6666666666666666
532,978,831,834,2,0.9778076410293579,0.9500000000000004,1,0,1.0
532,978,831,835,2,0.9778076410293579,0.9500000000000004,1,0,1.0
532,978,831,836,2,0.9355546832084656,0.9500000000000004,0,0,0.6666666666666666
532,978,831,992,2,0.9387421011924744,0.9500000000000004,0,0,0.6666666666666666
532,978,835,832,3,0.8865832686424255,0.9500000000000004,0,0,0.5
532,978,835,833,3,0.8865832686424255,0.9500000000000004,0,0,0.5
532,978,835,836,3,0.9761359691619873,0.9500000000000004,1,0,0.75
532,978,835,992,3,0.8865832686424255,0.9500000000000004,0,0,0.5
532,978,836,832,4,0.9156966209411621,0.9500000000000004,0,0,0.6666666666666666
532,978,836,833,4,0.9156966209411621,0.9500000000000004,0,0,0.6666666666666666
532,978,836,992,4,0.9156966209411621,0.9500000000000004,0,0,0.6666666666666666
532,978,834,832,3,0.8865832686424255,0.9500000000000004,0,0,0.5
532,978,834,833,3,0.8865832686424255,0.9500000000000004,0,0,0.5
532,978,834,992,3,0.8865832686424255,0.9500000000000004,0,0,0.5
533,1079,1079,1069,0,0.7864357233047485,0.9500000000000004,0,0,0.3333333333333333
533,1079,1079,1078,0,0.9102127552032471,0.9500000000000004,0,1,1.0
533,1079,1079,1111,0,0.8037508726119995,0.9500000000000004,0,0,0.5
533,1079,1079,3,0,0.890022873878479,0.9500000000000004,0,0,0.3333333333333333
533,1079,1079,882,0,0.9109817743301392,0.9500000000000004,0,1,1.0
533,1079,1079,883,0,0.7262458801269531,0.9500000000000004,0,1,0.3333333333333333
533,1079,1079,967,0,0.8227602243423462,0.9500000000000004,0,0,0.3333333333333333
533,1079,1079,978,0,0.7960445880889893,0.9500000000000004,0,1,0.6666666666666666
533,1079,1079,997,0,0.8746328353881836,0.9500000000000004,0,1,0.6666666666666666
534,342,342,348,0,0.8775548934936523,0.9500000000000004,0,0,0.6666666666666666
534,342,342,352,0,0.6362244486808777,0.9500000000000004,0,0,0.3333333333333333
534,342,342,356,0,0.6362244486808777,0.9500000000000004,0,0,0.3333333333333333
534,342,342,394,0,0.8343967795372009,0.9500000000000004,0,1,1.0
534,342,342,402,0,0.8406856060028076,0.9500000000000004,0,1,1.0
535,342,342,348,0,0.5903615355491638,0.9500000000000004,0,0,0.5
535,342,342,352,0,0.27263423800468445,0.9500000000000004,0,0,0.25
535,342,342,356,0,0.27263423800468445,0.9500000000000004,0,0,0.25
535,342,342,394,0,0.9699581265449524,0.9500000000000004,1,1,1.0
535,342,342,402,0,0.9667260646820068,0.9500000000000004,1,0,1.0
535,342,342,493,0,0.9787898659706116,0.9500000000000004,1,0,1.0
535,342,493,111,1,0.936021625995636,0.9500000000000004,0,0,0.5
535,342,493,338,1,0.8983005285263062,0.9500000000000004,0,0,0.5
535,342,493,488,1,0.881588876247406,0.9500000000000004,0,0,0.5
535,342,493,489,1,0.881588876247406,0.9500000000000004,0,0,0.5
535,342,493,490,1,0.881588876247406,0.9500000000000004,0,0,0.5
535,342,493,491,1,0.881588876247406,0.9500000000000004,0,0,0.5
535,342,493,492,1,0.881588876247406,0.9500000000000004,0,0,0.5
535,342,402,111,1,0.879295825958252,0.9500000000000004,0,0,0.3333333333333333
535,342,402,338,1,0.7650349736213684,0.9500000000000004,0,0,0.3333333333333333
535,342,402,488,1,0.7612900733947754,0.9500000000000004,0,0,0.5
535,342,402,489,1,0.7612900733947754,0.9500000000000004,0,0,0.5
535,342,402,490,1,0.7612900733947754,0.9500000000000004,0,0,0.5
535,342,402,491,1,0.7612900733947754,0.9500000000000004,0,0,0.5
535,342,402,492,1,0.7612900733947754,0.9500000000000004,0,0,0.5
535,342,394,166,1,0.6945544481277466,0.9500000000000004,0,0,0.3333333333333333
536,57,57,172,0,0.8041985630989075,0.9500000000000004,0,0,0.5
536,57,57,173,0,0.7917432188987732,0.9500000000000004,0,0,0.5
536,57,57,175,0,0.8012180328369141,0.9500000000000004,0,0,0.5
536,57,57,204,0,0.9551357626914978,0.9500000000000004,1,0,0.5
536,57,57,251,0,0.7965283989906311,0.9500000000000004,0,0,0.5
536,57,57,58,0,0.791174054145813,0.9500000000000004,0,0,0.5
536,57,57,68,0,0.8149176836013794,0.9500000000000004,0,1,0.5
536,57,204,106,1,0.6828750371932983,0.9500000000000004,0,0,0.1
536,57,204,1125,1,0.5654967427253723,0.9500000000000004,0,0,0.3333333333333333
536,57,204,1126,1,0.5654967427253723,0.9500000000000004,0,0,0.3333333333333333
536,57,204,1141,1,0.7217514514923096,0.9500000000000004,0,0,0.5
536,57,204,1142,1,0.7227816581726074,0.9500000000000004,0,0,0.5
536,57,204,1143,1,0.7227816581726074,0.9500000000000004,0,0,0.5
536,57,204,3,1,0.7522711753845215,0.9500000000000004,0,0,0.12
536,57,204,432,1,0.49704161286354065,0.9500000000000004,0,0,0.1111111111111111
536,57,204,433,1,0.49704161286354065,0.9500000000000004,0,0,0.1111111111111111
536,57,204,434,1,0.49704161286354065,0.9500000000000004,0,0,0.1111111111111111
536,57,204,435,1,0.5031334161758423,0.9500000000000004,0,0,0.125
536,57,204,436,1,0.5031334161758423,0.9500000000000004,0,0,0.125
536,57,204,82,1,0.7400000691413879,0.9500000000000004,0,0,0.1
536,57,204,83,1,0.7276336550712585,0.9500000000000004,0,0,0.12
536,57,204,90,1,0.7394088506698608,0.9500000000000004,0,0,0.1
537,3,3,0,0,0.5807867646217346,0.9500000000000004,0,0,0.13043478260869565
537,3,3,106,0,0.6234636306762695,0.9500000000000004,0,0,0.10526315789473684
537,3,3,1069,0,0.5334329605102539,0.9500000000000004,0,0,0.3333333333333333
537,3,3,1078,0,0.5656384229660034,0.9500000000000004,0,0,0.3333333333333333
537,3,3,1079,0,0.5656384229660034,0.9500000000000004,0,0,0.3333333333333333
537,3,3,11,0,0.7216353416442871,0.9500000000000004,0,0,0.21739130434782608
537,3,3,1105,0,0.5591779947280884,0.9500000000000004,0,0,0.3333333333333333
537,3,3,1111,0,0.8558228611946106,0.9500000000000004,0,0,1.0
537,3,3,1125,0,0.6775996685028076,0.9500000000000004,0,0,0.5
537,3,3,1126,0,0.6775996685028076,0.9500000000000004,0,0,0.5
537,3,3,133,0,0.5412756204605103,0.9500000000000004,0,0,0.25
537,3,3,164,0,0.510131299495697,0.9500000000000004,0,0,0.10526315789473684
537,3,3,165,0,0.5242549777030945,0.9500000000000004,0,0,0.10526315789473684
537,3,3,167,0,0.6069494485855103,0.9500000000000004,0,0,0.3333333333333333
537,3,3,203,0,0.5447338223457336,0.9500000000000004,0,0,0.16666666666666666
537,3,3,204,0,0.8709036707878113,0.9500000000000004,0,0,0.3333333333333333
537,3,3,232,0,0.5024908185005188,0.9500000000000004,0,0,0.125
537,3,3,242,0,0.6170401573181152,0.9500000000000004,0,0,0.15384615384615385
537,3,3,243,0,0.5175779461860657,0.9500000000000004,0,0,0.15384615384615385
537,3,3,244,0,0.5539339780807495,0.9500000000000004,0,0,0.15384615384615385
537,3,3,25,0,0.7595888376235962,0.9500000000000004,0,0,0.3076923076923077
537,3,3,313,0,0.41357868909835815,0.9500000000000004,0,0,0.1111111111111111
537,3,3,325,0,0.5197708606719971,0.9500000000000004,0,0,0.1111111111111111
537,3,3,79,0,0.5023946762084961,0.9500000000000004,0,0,0.10526315789473684
537,3,3,882,0,0.5696448087692261,0.9500000000000004,0,0,0.3333333333333333
537,3,3,967,0,0.5343474745750427,0.9500000000000004,0,0,0.3333333333333333
537,3,3,99,0,0.5461421012878418,0.9500000000000004,0,0,0.1
538,204,204,106,0,0.6763887405395508,0.9500000000000004,0,0,0.1
538,204,204,1125,0,0.5507456660270691,0.9500000000000004,0,0,0.3333333333333333
538,204,204,1126,0,0.5507456660270691,0.9500000000000004,0,0,0.3333333333333333
538,204,204,1141,0,0.6958425641059875,0.9500000000000004,0,0,0.5
538,204,204,1142,0,0.6968904137611389,0.9500000000000004,0,0,0.5
538,204,204,1143,0,0.6968904137611389,0.9500000000000004,0,0,0.5
538,204,204,3,0,0.7856276631355286,0.9500000000000004,0,0,0.12
538,204,204,432,0,0.49440622329711914,0.9500000000000004,0,0,0.1111111111111111
538,204,204,433,0,0.49440622329711914,0.9500000000000004,0,0,0.1111111111111111
538,204,204,434,0,0.49440622329711914,0.9500000000000004,0,0,0.1111111111111111
538,204,204,435,0,0.500350296497345,0.9500000000000004,0,0,0.125
538,204,204,436,0,0.500350296497345,0.9500000000000004,0,0,0.125
538,204,204,82,0,0.7359510660171509,0.9500000000000004,0,0,0.1
538,204,204,83,0,0.7196958661079407,0.9500000000000004,0,0,0.12
538,204,204,90,0,0.7358694672584534,0.9500000000000004,0,0,0.1
539,1152,1152,1153,0,0.9177613854408264,0.9500000000000004,0,0,1.0
539,1152,1152,3,0,0.9520137310028076,0.9500000000000004,1,1,1.0
539,1152,3,0,1,0.5214372873306274,0.9500000000000004,0,0,0.125
539,1152,3,106,1,0.5622232556343079,0.9500000000000004,0,0,0.1
539,1152,3,1069,1,0.4659159481525421,0.9500000000000004,0,0,0.25
539,1152,3,1078,1,0.5016191601753235,0.9500000000000004,0,0,0.25
539,1152,3,1079,1,0.5016191601753235,0.9500000000000004,0,0,0.25
539,1152,3,11,1,0.673761248588562,0.9500000000000004,0,0,0.20833333333333334
539,1152,3,1105,1,0.5003893375396729,0.9500000000000004,0,0,0.25
539,1152,3,1111,1,0.6384474039077759,0.9500000000000004,0,0,0.5
539,1152,3,1125,1,0.5522623658180237,0.9500000000000004,0,0,0.3333333333333333
539,1152,3,1126,1,0.5522623658180237,0.9500000000000004,0,0,0.3333333333333333
539,1152,3,1153,1,0.8147923946380615,0.9500000000000004,0,0,1.0
539,1152,3,133,1,0.47656485438346863,0.9500000000000004,0,0,0.2
539,1152,3,164,1,0.4472610354423523,0.9500000000000004,0,0,0.1
539,1152,3,165,1,0.4716542661190033,0.9500000000000004,0,0,0.1
539,1152,3,167,1,0.558803379535675,0.9500000000000004,0,0,0.32142857142857145
539,1152,3,203,1,0.4887737035751343,0.9500000000000004,0,0,0.15789473684210525
539,1152,3,204,1,0.8341181874275208,0.9500000000000004,0,0,0.3157894736842105
539,1152,3,232,1,0.436218798160553,0.9500000000000004,0,0,0.11764705882352941
539,1152,3,242,1,0.5588573813438416,0.9500000000000004,0,0,0.14285714285714285
539,1152,3,243,1,0.44904375076293945,0.9500000000000004,0,0,0.14285714285714285
539,1152,3,244,1,0.485699325799942,0.9500000000000004,0,0,0.14285714285714285
539,1152,3,25,1,0.706905722618103,0.9500000000000004,0,0,0.2857142857142857
539,1152,3,313,1,0.4068058431148529,0.9500000000000004,0,0,0.1
539,1152,3,325,1,0.4891870617866516,0.9500000000000004,0,0,0.1
539,1152,3,79,1,0.4564160704612732,0.9500000000000004,0,0,0.1
539,1152,3,882,1,0.5035060048103333,0.9500000000000004,0,0,0.25
539,1152,3,967,1,0.46900665760040283,0.9500000000000004,0,0,0.25
540,14,14,0,0,0.6222002506256104,0.9500000000000004,0,0,0.13333333333333333
540,14,14,11,0,0.7066370248794556,0.9500000000000004,0,0,0.26666666666666666
540,14,14,12,0,0.637878954410553,0.9500000000000004,0,0,0.2
540,14,14,13,0,0.583779513835907,0.9500000000000004,0,0,0.2
540,14,14,235,0,0.524118959903717,0.9500000000000004,0,0,0.1
540,14,14,238,0,0.5257428288459778,0.9500000000000004,0,0,0.1
540,14,14,274,0,0.558358907699585,0.9500000000000004,0,0,0.1111111111111111
540,14,14,278,0,0.558358907699585,0.9500000000000004,0,0,0.1111111111111111
540,14,14,29,0,0.992825984954834,0.9500000000000004,1,1,0.9166666666666666
540,14,29,235,1,0.5730246305465698,0.9500000000000004,0,0,0.1111111111111111
540,14,29,238,1,0.5737890601158142,0.9500000000000004,0,0,0.1111111111111111
541,0,0,103,0,0.7271867990493774,0.9500000000000004,0,0,0.5
541,0,0,106,0,0.8550141453742981,0.9500000000000004,0,0,0.5
541,0,0,107,0,0.7485637068748474,0.9500000000000004,0,0,0.5
541,0,0,11,0,0.8330948948860168,0.9500000000000004,0,0,0.4
541,0,0,12,0,0.7152395248413086,0.9500000000000004,0,0,0.2
541,0,0,13,0,0.8194726705551147,0.9500000000000004,0,0,0.4
541,0,0,14,0,0.744227945804596,0.9500000000000004,0,0,0.4
541,0,0,144,0,0.6897718906402588,0.9500000000000004,0,0,0.2
541,0,0,157,0,0.6578011512756348,0.9500000000000004,0,0,0.3333333333333333
541,0,0,167,0,0.7150042057037354,0.9500000000000004,0,0,0.2
541,0,0,28,0,0.6786971092224121,0.9500000000000004,0,0,0.2
541,0,0,3,0,0.8379111886024475,0.9500000000000004,0,0,0.6
541,0,0,485,0,0.8892459273338318,0.9500000000000004,0,1,1.0
542,313,313,106,0,0.9893175959587097,0.9500000000000004,1,1,1.0
542,313,313,1105,0,0.9368197321891785,0.9500000000000004,0,0,1.0
542,313,313,117,0,0.5244508385658264,0.9500000000000004,0,0,0.15384615384615385
542,313,313,118,0,0.4453294277191162,0.9500000000000004,0,0,0.14285714285714285
542,313,313,165,0,0.47177019715309143,0.9500000000000004,0,0,0.21739130434782608
542,313,313,204,0,0.5581745505332947,0.9500000000000004,0,0,0.13043478260869565
542,313,313,314,0,0.4213847517967224,0.9500000000000004,0,0,0.1111111111111111
542,313,313,315,0,0.49842262268066406,0.9500000000000004,0,0,0.13333333333333333
542,313,106,1105,1,0.9573867321014404,0.9500000000000004,1,0,1.0
542,313,106,117,1,0.6729283332824707,0.9500000000000004,0,0,0.21428571428571427
542,313,106,118,1,0.4142720401287079,0.9500000000000004,0,0,0.13333333333333333
542,313,106,165,1,0.6217823624610901,0.9500000000000004,0,0,0.34210526315789475
542,313,106,204,1,0.6081305742263794,0.9500000000000004,0,0,0.13513513513513514
542,313,106,314,1,0.37046337127685547,0.9500000000000004,0,0,0.1
542,313,106,315,1,0.48156100511550903,0.9500000000000004,0,0,0.17647058823529413
542,313,106,74,1,0.409406453371048,0.9500000000000004,0,0,0.10344827586206896
542,313,1105,1099,2,0.9099904894828796,0.9500000000000004,0,0,0.6666666666666666
542,313,1105,1100,2,0.7945685982704163,0.9500000000000004,0,0,0.5
542,313,1105,3,2,0.8589736819267273,0.9500000000000004,0,0,0.3333333333333333
543,1093,1093,1094,0,0.8516491055488586,0.9500000000000004,0,0,0.5
543,1093,1093,1095,0,0.9264610409736633,0.9500000000000004,0,0,1.0
544,1006,1006,1004,0,0.9538639783859253,0.9500000000000004,1,1,1.0
544,1006,1006,1005,0,0.9515067338943481,0.9500000000000004,1,1,1.0
544,1006,1006,1007,0,0.7811692357063293,0.9500000000000004,0,0,0.5
544,1006,1006,1008,0,0.7811692357063293,0.9500000000000004,0,0,0.5
544,1006,1006,1009,0,0.7811692357063293,0.9500000000000004,0,0,0.5
544,1006,1006,963,0,0.7819454669952393,0.9500000000000004,0,0,0.5
544,1006,1006,964,0,0.7968456745147705,0.9500000000000004,0,0,0.5
544,1006,1006,967,0,0.8212372660636902,0.9500000000000004,0,0,0.5
544,1006,1006,969,0,0.7819454669952393,0.9500000000000004,0,0,0.5
544,1006,1006,993,0,0.7813225388526917,0.9500000000000004,0,0,0.5
544,1006,1006,994,0,0.7900311350822449,0.9500000000000004,0,0,0.5
544,1006,1005,1007,1,0.7811692357063293,0.9500000000000004,0,0,0.5
544,1006,1005,1008,1,0.7811692357063293,0.9500000000000004,0,0,0.5
544,1006,1005,1009,1,0.7811692357063293,0.9500000000000004,0,0,0.5
544,1006,1005,963,1,0.7819454669952393,0.9500000000000004,0,0,0.5
544,1006,1005,964,1,0.7968456745147705,0.9500000000000004,0,0,0.5
544,1006,1005,967,1,0.8212372660636902,0.9500000000000004,0,0,0.5
544,1006,1005,969,1,0.7819454669952393,0.9500000000000004,0,0,0.5
544,1006,1005,993,1,0.7813225388526917,0.9500000000000004,0,0,0.5
544,1006,1005,994,1,0.7900311350822449,0.9500000000000004,0,0,0.5
544,1006,1004,1007,1,0.7265833020210266,0.9500000000000004,0,0,0.3333333333333333
544,1006,1004,1008,1,0.7265833020210266,0.9500000000000004,0,0,0.3333333333333333
544,1006,1004,1009,1,0.7265833020210266,0.9500000000000004,0,0,0.3333333333333333
544,1006,1004,963,1,0.9120227098464966,0.9500000000000004,0,0,0.6666666666666666
544,1006,1004,964,1,0.7491400241851807,0.9500000000000004,0,0,0.3333333333333333
544,1006,1004,967,1,0.935423731803894,0.9500000000000004,0,0,0.6666666666666666
544,1006,1004,969,1,0.9120227098464966,0.9500000000000004,0,0,0.6666666666666666
544,1006,1004,993,1,0.9147360324859619,0.9500000000000004,0,0,0.6666666666666666
544,1006,1004,994,1,0.7399770021438599,0.9500000000000004,0,0,0.3333333333333333
545,964,964,1004,0,0.7667600512504578,0.9500000000000004,0,0,0.5
545,964,964,1005,0,0.7547783255577087,0.9500000000000004,0,0,0.5
545,964,964,1006,0,0.7547783255577087,0.9500000000000004,0,0,0.5
545,964,964,963,0,0.8698135614395142,0.9500000000000004,0,0,0.5
545,964,964,965,0,0.8695302605628967,0.9500000000000004,0,1,0.5
545,964,964,966,0,0.6548534035682678,0.9500000000000004,0,0,0.25
545,964,964,967,0,0.8838725686073303,0.9500000000000004,0,0,0.5
545,964,964,968,0,0.6745920181274414,0.9500000000000004,0,0,0.25
545,964,964,969,0,0.8698135614395142,0.9500000000000004,0,0,0.5
545,964,964,971,0,0.718786358833313,0.9500000000000004,0,0,0.3333333333333333
545,964,964,975,0,0.7026110291481018,0.9500000000000004,0,0,0.3333333333333333
545,964,964,976,0,0.7026110291481018,0.9500000000000004,0,0,0.3333333333333333
545,964,964,993,0,0.7912951111793518,0.9500000000000004,0,0,0.5
545,964,964,994,0,0.7887575030326843,0.9500000000000004,0,0,0.5
546,1070,1070,1065,0,0.9240254759788513,0.9500000000000004,0,0,1.0
546,1070,1070,1066,0,0.9240254759788513,0.9500000000000004,0,0,1.0
546,1070,1070,1067,0,0.9375032782554626,0.9500000000000004,0,1,1.0
546,1070,1070,1068,0,0.9311043620109558,0.9500000000000004,0,1,1.0
546,1070,1070,1069,0,0.9373572468757629,0.9500000000000004,0,1,1.0
546,1070,1070,1071,0,0.9240254759788513,0.9500000000000004,0,0,1.0
546,1070,1070,1072,0,0.9240254759788513,0.9500000000000004,0,0,1.0
546,1070,1070,1073,0,0.9341039061546326,0.9500000000000004,0,0,1.0
548,319,319,250,0,0.8414133191108704,0.9500000000000004,0,0,0.5
548,319,319,320,0,0.7799438238143921,0.9500000000000004,0,0,0.5
548,319,319,321,0,0.7799438238143921,0.9500000000000004,0,0,0.5
548,319,319,368,0,0.9155102372169495,0.9500000000000004,0,0,1.0
548,319,319,395,0,0.9172433018684387,0.9500000000000004,0,0,1.0
549,83,83,100,0,0.48376160860061646,0.9500000000000004,0,0,0.16666666666666666
549,83,83,144,0,0.6892263293266296,0.9500000000000004,0,0,0.1111111111111111
549,83,83,163,0,0.7100344896316528,0.9500000000000004,0,0,0.3333333333333333
549,83,83,178,0,0.6329878568649292,0.9500000000000004,0,0,0.16666666666666666
549,83,83,204,0,0.8806465268135071,0.9500000000000004,0,0,0.35294117647058826
549,83,83,330,0,0.7422335147857666,0.9500000000000004,0,0,0.2727272727272727
549,83,83,383,0,0.7300733923912048,0.9500000000000004,0,0,0.3333333333333333
549,83,83,77,0,0.5540022253990173,0.9500000000000004,0,0,0.125
549,83,83,82,0,0.7935718297958374,0.9500000000000004,0,1,0.2777777777777778
549,83,83,89,0,0.9515771269798279,0.9500000000000004,1,0,0.6666666666666666
549,83,83,90,0,0.8172369599342346,0.9500000000000004,0,0,0.3333333333333333
549,83,89,100,1,0.7565997838973999,0.9500000000000004,0,0,0.2857142857142857
549,83,89,124,1,0.535219669342041,0.9500000000000004,0,0,0.14285714285714285
549,83,89,127,1,0.5898275971412659,0.9500000000000004,0,0,0.14285714285714285
549,83,89,137,1,0.5252650380134583,0.9500000000000004,0,0,0.14285714285714285
549,83,89,163,1,0.7658935189247131,0.9500000000000004,0,0,0.3333333333333333
549,83,89,204,1,0.817533016204834,0.9500000000000004,0,0,0.2857142857142857
549,83,89,246,1,0.5435388684272766,0.9500000000000004,0,0,0.14285714285714285
549,83,89,330,1,0.8399080038070679,0.9500000000000004,0,0,0.42857142857142855
549,83,89,383,1,0.7775799036026001,0.9500000000000004,0,0,0.3333333333333333
549,83,89,429,1,0.6325424909591675,0.9500000000000004,0,0,0.3333333333333333
549,83,89,77,1,0.5547058582305908,0.9500000000000004,0,0,0.14285714285714285
549,83,89,90,1,0.7042484283447266,0.9500000000000004,0,0,0.14285714285714285
549,83,89,91,1,0.5886529684066772,0.9500000000000004,0,0,0.14285714285714285
549,83,89,92,1,0.6022387146949768,0.9500000000000004,0,0,0.14285714285714285
550,278,278,274,0,0.9937135577201843,0.9500000000000004,1,1,1.0
551,178,178,106,0,0.6760676503181458,0.9500000000000004,0,0,0.125
551,178,178,110,0,0.6457056999206543,0.9500000000000004,0,0,0.125
551,178,178,111,0,0.7599928379058838,0.9500000000000004,0,0,0.25
551,178,178,122,0,0.6339380145072937,0.9500000000000004,0,0,0.1111111111111111
551,178,178,124,0,0.6626411080360413,0.9500000000000004,0,0,0.1111111111111111
551,178,178,134,0,0.5948067307472229,0.9500000000000004,0,0,0.1111111111111111
551,178,178,143,0,0.5506277084350586,0.9500000000000004,0,0,0.1111111111111111
551,178,178,144,0,0.951961100101471,0.9500000000000004,1,0,0.6666666666666666
551,178,178,148,0,0.8034931421279907,0.9500000000000004,0,0,0.3333333333333333
551,178,178,162,0,0.7082263827323914,0.9500000000000004,0,0,0.2222222222222222
551,178,178,204,0,0.7777113318443298,0.9500000000000004,0,1,0.25
551,178,178,67,0,0.5510520339012146,0.9500000000000004,0,0,0.125
551,178,178,82,0,0.8635870218276978,0.9500000000000004,0,0,0.4444444444444444
551,178,178,83,0,0.842728316783905,0.9500000000000004,0,0,0.3333333333333333
551,178,178,90,0,0.7577184438705444,0.9500000000000004,0,0,0.2222222222222222
551,178,144,143,1,0.595083475112915,0.9500000000000004,0,0,0.16666666666666666
551,178,144,147,1,0.619621217250824,0.9500000000000004,0,0,0.14285714285714285
551,178,144,148,1,0.8135359883308411,0.9500000000000004,0,0,0.3888888888888889
551,178,144,162,1,0.5801466107368469,0.9500000000000004,0,0,0.1111111111111111
551,178,144,204,1,0.7232229709625244,0.9500000000000004,0,1,0.1875
551,178,144,340,1,0.5946527123451233,0.9500000000000004,0,0,0.2
551,178,144,341,1,0.5946527123451233,0.9500000000000004,0,0,0.2
551,178,144,420,1,0.5946527123451233,0.9500000000000004,0,0,0.2
551,178,144,421,1,0.5946527123451233,0.9500000000000004,0,0,0.2
551,178,144,82,1,0.7252727150917053,0.9500000000000004,0,0,0.16666666666666666
551,178,144,83,1,0.7171857953071594,0.9500000000000004,0,0,0.1111111111111111
551,178,144,90,1,0.8371954560279846,0.9500000000000004,0,0,0.2777777777777778
552,204,204,1125,0,0.4960041046142578,0.9500000000000004,0,0,0.2
552,204,204,1126,0,0.4960041046142578,0.9500000000000004,0,0,0.2
552,204,204,1141,0,0.5164470076560974,0.9500000000000004,0,0,0.25
552,204,204,1142,0,0.5177795886993408,0.9500000000000004,0,0,0.25
552,204,204,1143,0,0.5177795886993408,0.9500000000000004,0,0,0.25
552,204,204,1164,0,0.6663654446601868,0.9500000000000004,0,0,0.5
552,204,204,1165,0,0.6663654446601868,0.9500000000000004,0,0,0.5
552,204,204,3,0,0.7257130742073059,0.9500000000000004,0,0,0.11538461538461539
552,204,204,435,0,0.4564226269721985,0.9500000000000004,0,0,0.1
552,204,204,436,0,0.4564226269721985,0.9500000000000004,0,0,0.1
552,204,204,83,0,0.7876606583595276,0.9500000000000004,0,0,0.11538461538461539
553,144,144,143,0,0.5960370302200317,0.9500000000000004,0,0,0.16666666666666666
553,144,144,147,0,0.621101975440979,0.9500000000000004,0,0,0.14285714285714285
553,144,144,148,0,0.8153932094573975,0.9500000000000004,0,0,0.3888888888888889
553,144,144,162,0,0.5810605883598328,0.9500000000000004,0,0,0.1111111111111111
553,144,144,178,0,0.8459805846214294,0.9500000000000004,0,0,0.3333333333333333
553,144,144,204,0,0.7222634553909302,0.9500000000000004,0,1,0.1875
553,144,144,340,0,0.5952662825584412,0.9500000000000004,0,0,0.2
553,144,144,341,0,0.5952662825584412,0.9500000000000004,0,0,0.2
553,144,144,420,0,0.5952662825584412,0.9500000000000004,0,0,0.2
553,144,144,421,0,0.5952662825584412,0.9500000000000004,0,0,0.2
553,144,144,82,0,0.713553786277771,0.9500000000000004,0,0,0.16666666666666666
553,144,144,83,0,0.7126445174217224,0.9500000000000004,0,0,0.1111111111111111
553,144,144,90,0,0.8372801542282104,0.9500000000000004,0,0,0.2777777777777778
554,204,204,1125,0,0.4795898199081421,0.9500000000000004,0,0,0.14285714285714285
554,204,204,1126,0,0.4795898199081421,0.9500000000000004,0,0,0.14285714285714285
554,204,204,1141,0,0.5179141163825989,0.9500000000000004,0,0,0.16666666666666666
554,204,204,1142,0,0.51945561170578,0.9500000000000004,0,0,0.16666666666666666
554,204,204,1143,0,0.51945561170578,0.9500000000000004,0,0,0.16666666666666666
554,204,204,1164,0,0.5659304857254028,0.9500000000000004,0,0,0.25
554,204,204,1165,0,0.5659304857254028,0.9500000000000004,0,0,0.25
554,204,204,3,0,0.765383780002594,0.9500000000000004,0,0,0.1111111111111111
554,204,204,399,0,0.7814278602600098,0.9500000000000004,0,0,0.5
554,204,204,83,0,0.7986037731170654,0.9500000000000004,0,1,0.1111111111111111
555,356,356,342,0,0.9338611960411072,0.9500000000000004,0,0,1.0
555,356,356,348,0,0.9147663712501526,0.9500000000000004,0,0,1.0
555,356,356,352,0,0.910175621509552,0.9500000000000004,0,0,1.0
556,1167,1167,1166,0,0.9138455986976624,0.9500000000000004,0,1,1.0
556,1167,1167,204,0,0.9505870938301086,0.9500000000000004,1,0,1.0
556,1167,1167,356,0,0.9207897186279297,0.9500000000000004,0,0,1.0
556,1167,204,1125,1,0.4589526057243347,0.9500000000000004,0,0,0.1111111111111111
556,1167,204,1126,1,0.4589526057243347,0.9500000000000004,0,0,0.1111111111111111
556,1167,204,1141,1,0.4581800699234009,0.9500000000000004,0,0,0.125
556,1167,204,1142,1,0.4592384696006775,0.9500000000000004,0,0,0.125
556,1167,204,1143,1,0.4592384696006775,0.9500000000000004,0,0,0.125
556,1167,204,1164,1,0.46722739934921265,0.9500000000000004,0,0,0.16666666666666666
556,1167,204,1165,1,0.46722739934921265,0.9500000000000004,0,0,0.16666666666666666
556,1167,204,1166,1,0.8612924814224243,0.9500000000000004,0,1,1.0
556,1167,204,3,1,0.7161250710487366,0.9500000000000004,0,0,0.10714285714285714
556,1167,204,399,1,0.6227048635482788,0.9500000000000004,0,0,0.25
556,1167,204,83,1,0.8432829976081848,0.9500000000000004,0,0,0.125
557,82,82,144,0,0.7312971949577332,0.9500000000000004,0,0,0.11538461538461539
557,82,82,178,0,0.6120532751083374,0.9500000000000004,0,0,0.15384615384615385
557,82,82,204,0,0.7157450914382935,0.9500000000000004,0,0,0.2
557,82,82,325,0,0.5686992406845093,0.9500000000000004,0,0,0.125
557,82,82,332,0,0.7534582614898682,0.9500000000000004,0,0,0.5
557,82,82,333,0,0.27451610565185547,0.9500000000000004,0,0,0.1
557,82,82,374,0,0.34454095363616943,0.9500000000000004,0,0,0.125
557,82,82,382,0,0.2589825689792633,0.9500000000000004,0,0,0.1
557,82,82,427,0,0.44261792302131653,0.9500000000000004,0,0,0.14285714285714285
557,82,82,83,0,0.9106419682502747,0.9500000000000004,0,0,0.23076923076923078
557,82,82,90,0,0.9646292328834534,0.9500000000000004,1,0,0.6153846153846154
557,82,82,94,0,0.7114377617835999,0.9500000000000004,0,0,0.5
557,82,90,144,1,0.81121426820755,0.9500000000000004,0,0,0.20833333333333334
557,82,90,204,1,0.7411698698997498,0.9500000000000004,0,0,0.21739130434782608
557,82,90,288,1,0.4335187077522278,0.9500000000000004,0,1,0.1
557,82,90,332,1,0.800276517868042,0.9500000000000004,0,0,0.4666666666666667
557,82,90,374,1,0.7545221447944641,0.9500000000000004,0,0,0.2857142857142857
557,82,90,427,1,0.6288961172103882,0.9500000000000004,0,0,0.16666666666666666
557,82,90,83,1,0.7745193243026733,0.9500000000000004,0,0,0.25
557,82,90,89,1,0.606450617313385,0.9500000000000004,0,0,0.1111111111111111
557,82,90,94,1,0.8164512515068054,0.9500000000000004,0,0,0.5217391304347826
557,82,90,99,1,0.5985756516456604,0.9500000000000004,0,0,0.1111111111111111
558,83,83,100,0,0.5304185152053833,0.9500000000000004,0,0,0.125
558,83,83,144,0,0.6933948993682861,0.9500000000000004,0,0,0.1
558,83,83,163,0,0.6255172491073608,0.9500000000000004,0,0,0.25
558,83,83,178,0,0.7321012020111084,0.9500000000000004,0,0,0.15
558,83,83,204,0,0.8946148157119751,0.9500000000000004,0,0,0.3684210526315789
558,83,83,330,0,0.707204282283783,0.9500000000000004,0,0,0.23076923076923078
558,83,83,383,0,0.6560086607933044,0.9500000000000004,0,0,0.25
558,83,83,77,0,0.6023891568183899,0.9500000000000004,0,0,0.1111111111111111
558,83,83,82,0,0.9443630576133728,0.9500000000000004,0,1,0.3
558,83,83,89,0,0.9064202904701233,0.9500000000000004,0,0,0.5
558,83,83,90,0,0.8101354837417603,0.9500000000000004,0,0,0.3
559,274,274,278,0,0.9983943104743958,0.9500000000000004,1,1,1.0
560,83,83,100,0,0.5213080644607544,0.9500000000000004,0,0,0.1111111111111111
560,83,83,163,0,0.5965883135795593,0.9500000000000004,0,0,0.2222222222222222
560,83,83,178,0,0.7267118096351624,0.9500000000000004,0,0,0.14285714285714285
560,83,83,204,0,0.8782680034637451,0.9500000000000004,0,0,0.35
560,83,83,330,0,0.6941183805465698,0.9500000000000004,0,0,0.21428571428571427
560,83,83,383,0,0.6287375688552856,0.9500000000000004,0,0,0.2222222222222222
560,83,83,77,0,0.5945315957069397,0.9500000000000004,0,0,0.10526315789473684
560,83,83,82,0,0.9495774507522583,0.9500000000000004,0,1,0.3333333333333333
560,83,83,89,0,0.8918025493621826,0.9500000000000004,0,0,0.4444444444444444
560,83,83,90,0,0.8010585308074951,0.9500000000000004,0,0,0.2857142857142857
561,204,204,1125,0,0.45408105850219727,0.9500000000000004,0,0,0.1111111111111111
561,204,204,1126,0,0.45408105850219727,0.9500000000000004,0,0,0.1111111111111111
561,204,204,1141,0,0.44002124667167664,0.9500000000000004,0,0,0.125
561,204,204,1142,0,0.4409564435482025,0.9500000000000004,0,0,0.125
561,204,204,1143,0,0.4409564435482025,0.9500000000000004,0,0,0.125
561,204,204,1164,0,0.42582860589027405,0.9500000000000004,0,0,0.16666666666666666
561,204,204,1165,0,0.42582860589027405,0.9500000000000004,0,0,0.16666666666666666
561,204,204,1166,0,0.8812081217765808,0.9500000000000004,0,0,1.0
561,204,204,1167,0,0.8812081217765808,0.9500000000000004,0,0,1.0
561,204,204,3,0,0.6977479457855225,0.9500000000000004,0,0,0.10714285714285714
561,204,204,399,0,0.5266377925872803,0.9500000000000004,0,0,0.25
561,204,204,83,0,0.841774582862854,0.9500000000000004,0,0,0.125
562,89,89,100,0,0.7581046223640442,0.9500000000000004,0,0,0.2857142857142857
562,89,89,124,0,0.5242547988891602,0.9500000000000004,0,0,0.14285714285714285
562,89,89,127,0,0.560185968875885,0.9500000000000004,0,0,0.14285714285714285
562,89,89,137,0,0.5145805478096008,0.9500000000000004,0,0,0.14285714285714285
562,89,89,163,0,0.7665683627128601,0.9500000000000004,0,0,0.3333333333333333
562,89,89,204,0,0.8465057611465454,0.9500000000000004,0,0,0.2857142857142857
562,89,89,246,0,0.5285369753837585,0.9500000000000004,0,0,0.14285714285714285
562,89,89,330,0,0.8422046303749084,0.9500000000000004,0,0,0.42857142857142855
562,89,89,383,0,0.7784696221351624,0.9500000000000004,0,0,0.3333333333333333
562,89,89,429,0,0.647849977016449,0.9500000000000004,0,0,0.3333333333333333
562,89,89,77,0,0.5602302551269531,0.9500000000000004,0,0,0.14285714285714285
562,89,89,83,0,0.9558179378509521,0.9500000000000004,1,1,0.5714285714285714
562,89,89,90,0,0.688315749168396,0.9500000000000004,0,1,0.14285714285714285
562,89,89,91,0,0.5950485467910767,0.9500000000000004,0,0,0.14285714285714285
562,89,89,92,0,0.6047731637954712,0.9500000000000004,0,0,0.14285714285714285
562,89,83,100,1,0.49009057879447937,0.9500000000000004,0,0,0.1
562,89,83,144,1,0.731212854385376,0.9500000000000004,0,0,0.13636363636363635
562,89,83,163,1,0.5390594601631165,0.9500000000000004,0,0,0.2
562,89,83,178,1,0.6743723750114441,0.9500000000000004,0,0,0.13636363636363635
562,89,83,204,1,0.856626570224762,0.9500000000000004,0,0,0.3333333333333333
562,89,83,330,1,0.6366787552833557,0.9500000000000004,0,0,0.2
562,89,83,383,1,0.5667216181755066,0.9500000000000004,0,0,0.2
562,89,83,77,1,0.5502861142158508,0.9500000000000004,0,0,0.1
562,89,83,82,1,0.8989734649658203,0.9500000000000004,0,1,0.36363636363636365
562,89,83,90,1,0.7365629076957703,0.9500000000000004,0,1,0.2727272727272727
563,68,68,172,0,0.7665835618972778,0.9500000000000004,0,0,0.3333333333333333
563,68,68,173,0,0.7522450685501099,0.9500000000000004,0,0,0.3333333333333333
563,68,68,175,0,0.7617824077606201,0.9500000000000004,0,0,0.3333333333333333
563,68,68,251,0,0.7618234157562256,0.9500000000000004,0,0,0.3333333333333333
563,68,68,306,0,0.8142517805099487,0.9500000000000004,0,0,0.3333333333333333
563,68,68,57,0,0.9596450924873352,0.9500000000000004,1,0,0.6666666666666666
563,68,68,58,0,0.7510703206062317,0.9500000000000004,0,0,0.3333333333333333
563,68,68,70,0,0.8314860463142395,0.9500000000000004,0,0,0.3333333333333333
563,68,57,172,1,0.6779066324234009,0.9500000000000004,0,0,0.3333333333333333
563,68,57,173,1,0.663202166557312,0.9500000000000004,0,0,0.3333333333333333
563,68,57,175,1,0.6714860796928406,0.9500000000000004,0,0,0.3333333333333333
563,68,57,204,1,0.8980492353439331,0.9500000000000004,0,0,0.3333333333333333
563,68,57,251,1,0.6755184531211853,0.9500000000000004,0,0,0.3333333333333333
563,68,57,58,1,0.6617980599403381,0.9500000000000004,0,0,0.3333333333333333
564,68,68,172,0,0.6696617007255554,0.9500000000000004,0,0,0.25
564,68,68,173,0,0.6467716693878174,0.9500000000000004,0,0,0.25
564,68,68,175,0,0.6653516888618469,0.9500000000000004,0,0,0.25
564,68,68,251,0,0.6548663973808289,0.9500000000000004,0,0,0.25
564,68,68,306,0,0.806044340133667,0.9500000000000004,0,0,0.25
564,68,68,407,0,0.9096201658248901,0.9500000000000004,0,1,1.0
564,68,68,57,0,0.9384628534317017,0.9500000000000004,0,0,0.5
564,68,68,58,0,0.6454920768737793,0.9500000000000004,0,0,0.25
564,68,68,70,0,0.824105978012085,0.9500000000000004,0,0,0.25
565,130,130,106,0,0.6385127902030945,0.9500000000000004,0,0,0.2
565,130,130,1064,0,0.8807500004768372,0.9500000000000004,0,0,1.0
565,130,130,113,0,0.5409911274909973,0.9500000000000004,0,0,0.25
565,130,130,125,0,0.8997179269790649,0.9500000000000004,0,1,0.6
565,130,130,127,0,0.8898393511772156,0.9500000000000004,0,0,0.4
565,130,130,131,0,0.4756194055080414,0.9500000000000004,0,1,0.2
565,130,130,137,0,0.5892511606216431,0.9500000000000004,0,0,0.2
565,130,130,164,0,0.44596314430236816,0.9500000000000004,0,0,0.2
565,130,130,165,0,0.5163231492042542,0.9500000000000004,0,0,0.2
565,130,130,177,0,0.9867571592330933,0.9500000000000004,1,1,1.0
565,130,130,246,0,0.7157991528511047,0.9500000000000004,0,0,0.25
565,130,130,3,0,0.6739219427108765,0.9500000000000004,0,0,0.2
565,130,130,319,0,0.6603665947914124,0.9500000000000004,0,0,0.3333333333333333
565,130,130,90,0,0.7213625311851501,0.9500000000000004,0,0,0.2
565,130,130,99,0,0.6099826097488403,0.9500000000000004,0,0,0.25
565,130,177,106,1,0.6084280610084534,0.9500000000000004,0,0,0.14285714285714285
565,130,177,1064,1,0.7457109093666077,0.9500000000000004,0,0,0.5
565,130,177,113,1,0.5219599008560181,0.9500000000000004,0,0,0.16666666666666666
565,130,177,125,1,0.8578864336013794,0.9500000000000004,0,1,0.42857142857142855
565,130,177,127,1,0.8590145111083984,0.9500000000000004,0,0,0.2857142857142857
565,130,177,131,1,0.4607087969779968,0.9500000000000004,0,1,0.14285714285714285
565,130,177,137,1,0.5646510720252991,0.9500000000000004,0,0,0.14285714285714285
565,130,177,164,1,0.4464746117591858,0.9500000000000004,0,0,0.14285714285714285
565,130,177,165,1,0.7011358141899109,0.9500000000000004,0,0,0.2857142857142857
565,130,177,246,1,0.654546320438385,0.9500000000000004,0,0,0.16666666666666666
565,130,177,295,1,0.7763033509254456,0.9500000000000004,0,0,0.5
565,130,177,3,1,0.6370425224304199,0.9500000000000004,0,0,0.14285714285714285
565,130,177,319,1,0.6134467124938965,0.9500000000000004,0,0,0.25
565,130,177,90,1,0.6798927187919617,0.9500000000000004,0,0,0.14285714285714285
565,130,177,99,1,0.6014269590377808,0.9500000000000004,0,0,0.2
566,486,486,229,0,0.9811297059059143,0.9500000000000004,1,1,1.0
566,486,229,106,1,0.704334020614624,0.9500000000000004,0,0,0.16666666666666666
566,486,229,1099,1,0.7496263384819031,0.9500000000000004,0,0,0.5
566,486,229,1100,1,0.9387481808662415,0.9500000000000004,0,0,1.0
566,486,229,256,1,0.5631290674209595,0.9500000000000004,0,0,0.16666666666666666
566,486,229,313,1,0.7023865580558777,0.9500000000000004,0,0,0.16666666666666666
567,22,22,26,0,0.915729820728302,0.9500000000000004,0,0,1.0
569,289,289,234,0,0.7069427967071533,0.9500000000000004,0,0,0.3333333333333333
569,289,289,423,0,0.8719896078109741,0.9500000000000004,0,0,1.0
569,289,289,73,0,0.9188084602355957,0.9500000000000004,0,0,0.6
569,289,289,74,0,0.8496748805046082,0.9500000000000004,0,0,0.4
569,289,289,80,0,0.9181167483329773,0.9500000000000004,0,0,1.0
569,289,289,81,0,0.9181167483329773,0.9500000000000004,0,0,1.0
570,313,313,106,0,0.9913454055786133,0.9500000000000004,1,1,1.0
570,313,313,1105,0,0.8169559836387634,0.9500000000000004,0,0,0.5
570,313,313,117,0,0.46564981341362,0.9500000000000004,0,0,0.14285714285714285
570,313,313,118,0,0.40368008613586426,0.9500000000000004,0,0,0.13333333333333333
570,313,313,165,0,0.6468465328216553,0.9500000000000004,0,0,0.20833333333333334
570,313,313,204,0,0.5114184021949768,0.9500000000000004,0,0,0.125
570,313,313,314,0,0.3625062108039856,0.9500000000000004,0,0,0.1
570,313,313,315,0,0.45330309867858887,0.9500000000000004,0,0,0.125
570,313,106,1105,1,0.8269093036651611,0.9500000000000004,0,0,0.5
570,313,106,117,1,0.6035309433937073,0.9500000000000004,0,0,0.2
570,313,106,118,1,0.3738557994365692,0.9500000000000004,0,0,0.125
570,313,106,165,1,0.6786146759986877,0.9500000000000004,0,0,0.3333333333333333
570,313,106,204,1,0.5626572966575623,0.9500000000000004,0,0,0.13157894736842105
570,313,106,315,1,0.43356746435165405,0.9500000000000004,0,0,0.16666666666666666
570,313,106,74,1,0.37225088477134705,0.9500000000000004,0,0,0.1
571,83,83,144,0,0.6266173720359802,0.9500000000000004,0,0,0.13043478260869565
571,83,83,163,0,0.5494343042373657,0.9500000000000004,0,0,0.18181818181818182
571,83,83,178,0,0.6602361798286438,0.9500000000000004,0,0,0.13043478260869565
571,83,83,204,0,0.800175130367279,0.9500000000000004,0,1,0.3181818181818182
571,83,83,330,0,0.6643285751342773,0.9500000000000004,0,0,0.1875
571,83,83,383,0,0.574044942855835,0.9500000000000004,0,0,0.18181818181818182
571,83,83,82,0,0.8702178001403809,0.9500000000000004,0,0,0.391304347826087
571,83,83,86,0,0.5168669819831848,0.9500000000000004,0,0,0.125
571,83,83,89,0,0.8725520372390747,0.9500000000000004,0,0,0.45454545454545453
571,83,83,90,0,0.82233065366745,0.9500000000000004,0,0,0.30434782608695654
572,392,392,393,0,0.9935478568077087,0.9500000000000004,1,1,1.0
573,57,57,172,0,0.678907036781311,0.9500000000000004,0,0,0.3333333333333333
573,57,57,173,0,0.6651192903518677,0.9500000000000004,0,0,0.3333333333333333
573,57,57,175,0,0.672651469707489,0.9500000000000004,0,0,0.3333333333333333
573,57,57,204,0,0.892453134059906,0.9500000000000004,0,0,0.3333333333333333
573,57,57,251,0,0.6773838400840759,0.9500000000000004,0,0,0.3333333333333333
573,57,57,58,0,0.6637187004089355,0.9500000000000004,0,0,0.3333333333333333
573,57,57,68,0,0.961361825466156,0.9500000000000004,1,1,0.6666666666666666
573,57,68,172,1,0.7084447741508484,0.9500000000000004,0,0,0.2
573,57,68,173,1,0.6965833902359009,0.9500000000000004,0,0,0.2
573,57,68,175,1,0.7030760049819946,0.9500000000000004,0,0,0.2
573,57,68,251,1,0.7068251371383667,0.9500000000000004,0,0,0.2
573,57,68,306,1,0.695800244808197,0.9500000000000004,0,0,0.2
573,57,68,407,1,0.9581008553504944,0.9500000000000004,1,0,1.0
573,57,68,58,1,0.6950868964195251,0.9500000000000004,0,0,0.2
573,57,68,70,1,0.7062568068504333,0.9500000000000004,0,0,0.2
574,111,111,110,0,0.6444723606109619,0.9500000000000004,0,0,0.16666666666666666
574,111,111,1106,0,0.6261933445930481,0.9500000000000004,0,0,0.3333333333333333
574,111,111,112,0,0.5762906074523926,0.9500000000000004,0,0,0.15384615384615385
574,111,111,1135,0,0.7148484587669373,0.9500000000000004,0,0,0.5
574,111,111,1136,0,0.8473519682884216,0.9500000000000004,0,0,1.0
574,111,111,114,0,0.5246621966362,0.9500000000000004,0,0,0.14285714285714285
574,111,111,122,0,0.691592812538147,0.9500000000000004,0,0,0.2222222222222222
574,111,111,124,0,0.6125670075416565,0.9500000000000004,0,0,0.1111111111111111
574,111,111,125,0,0.5524031519889832,0.9500000000000004,0,0,0.1111111111111111
574,111,111,127,0,0.7159165740013123,0.9500000000000004,0,0,0.2222222222222222
574,111,111,129,0,0.5632563233375549,0.9500000000000004,0,0,0.15384615384615385
574,111,111,131,0,0.7848962545394897,0.9500000000000004,0,0,0.2222222222222222
574,111,111,137,0,0.628630518913269,0.9500000000000004,0,0,0.1111111111111111
574,111,111,178,0,0.6521750092506409,0.9500000000000004,0,0,0.1111111111111111
574,111,111,204,0,0.7392536401748657,0.9500000000000004,0,1,0.16666666666666666
574,111,111,246,0,0.7227704524993896,0.9500000000000004,0,0,0.23529411764705882
574,111,111,335,0,0.5074529647827148,0.9500000000000004,0,0,0.1
574,111,111,338,0,0.6698136925697327,0.9500000000000004,0,0,0.2857142857142857
574,111,111,344,0,0.5995627641677856,0.9500000000000004,0,0,0.1111111111111111
574,111,111,357,0,0.49807995557785034,0.9500000000000004,0,0,0.1111111111111111
574,111,111,376,0,0.5005045533180237,0.9500000000000004,0,0,0.125
574,111,111,402,0,0.626328706741333,0.9500000000000004,0,0,0.16666666666666666
574,111,111,488,0,0.558127760887146,0.9500000000000004,0,0,0.2
574,111,111,489,0,0.558127760887146,0.9500000000000004,0,0,0.2
574,111,111,490,0,0.558127760887146,0.9500000000000004,0,0,0.2
574,111,111,491,0,0.558127760887146,0.9500000000000004,0,0,0.2
574,111,111,492,0,0.558127760887146,0.9500000000000004,0,0,0.2
574,111,111,493,0,0.6405922174453735,0.9500000000000004,0,0,0.2
575,245,245,246,0,0.8599128127098083,0.9500000000000004,0,0,0.5
575,245,245,247,0,0.7838075160980225,0.9500000000000004,0,0,0.5
575,245,245,90,0,0.9115310907363892,0.9500000000000004,0,0,0.5
575,245,245,91,0,0.8600047826766968,0.9500000000000004,0,0,0.5
575,245,245,94,0,0.880637526512146,0.9500000000000004,0,0,0.5
575,245,245,99,0,0.9382224082946777,0.9500000000000004,0,0,1.0
576,229,229,106,0,0.7065039277076721,0.9500000000000004,0,0,0.14285714285714285
576,229,229,1099,0,0.6969848871231079,0.9500000000000004,0,0,0.3333333333333333
576,229,229,1100,0,0.9178583025932312,0.9500000000000004,0,0,0.6666666666666666
576,229,229,256,0,0.5135151743888855,0.9500000000000004,0,0,0.14285714285714285
576,229,229,313,0,0.7004605531692505,0.9500000000000004,0,0,0.14285714285714285
576,229,229,486,0,0.9622182250022888,0.9500000000000004,1,1,0.6
577,144,144,143,0,0.5661607384681702,0.9500000000000004,0,0,0.15
577,144,144,147,0,0.5882237553596497,0.9500000000000004,0,0,0.125
577,144,144,148,0,0.8194335699081421,0.9500000000000004,0,0,0.35
577,144,144,162,0,0.5491131544113159,0.9500000000000004,0,0,0.1
577,144,144,178,0,0.8774987459182739,0.9500000000000004,0,0,0.3
577,144,144,199,0,0.46438470482826233,0.9500000000000004,0,0,0.10526315789473684
577,144,144,204,0,0.7805402278900146,0.9500000000000004,0,0,0.2222222222222222
577,144,144,340,0,0.5625397562980652,0.9500000000000004,0,0,0.14285714285714285
577,144,144,341,0,0.5625397562980652,0.9500000000000004,0,0,0.14285714285714285
577,144,144,420,0,0.5625397562980652,0.9500000000000004,0,0,0.14285714285714285
577,144,144,421,0,0.5625397562980652,0.9500000000000004,0,0,0.14285714285714285
577,144,144,82,0,0.7102306485176086,0.9500000000000004,0,0,0.2
577,144,144,83,0,0.6282458901405334,0.9500000000000004,0,0,0.15
577,144,144,90,0,0.8627164363861084,0.9500000000000004,0,0,0.25
578,204,204,1164,0,0.39761900901794434,0.9500000000000004,0,0,0.1111111111111111
578,204,204,1165,0,0.39761900901794434,0.9500000000000004,0,0,0.1111111111111111
578,204,204,1166,0,0.4375872015953064,0.9500000000000004,0,0,0.25
578,204,204,1167,0,0.4375872015953064,0.9500000000000004,0,0,0.25
578,204,204,1168,0,0.470012366771698,0.9500000000000004,0,0,0.3333333333333333
578,204,204,1169,0,0.470012366771698,0.9500000000000004,0,0,0.3333333333333333
578,204,204,3,0,0.6502120494842529,0.9500000000000004,0,0,0.1016949152542373
578,204,204,399,0,0.38169795274734497,0.9500000000000004,0,0,0.14285714285714285
578,204,204,83,0,0.787640392780304,0.9500000000000004,0,0,0.13559322033898305
579,1164,1164,1165,0,0.9276292324066162,0.9500000000000004,0,1,1.0
579,1164,1164,204,0,0.9586667418479919,0.9500000000000004,1,0,1.0
579,1164,204,1165,1,0.42190971970558167,0.9500000000000004,0,1,0.1
579,1164,204,1166,1,0.44358277320861816,0.9500000000000004,0,0,0.2
579,1164,204,1167,1,0.44358277320861816,0.9500000000000004,0,0,0.2
579,1164,204,1168,1,0.45636069774627686,0.9500000000000004,0,0,0.25
579,1164,204,1169,1,0.45636069774627686,0.9500000000000004,0,0,0.25
579,1164,204,3,1,0.6492826342582703,0.9500000000000004,0,0,0.1
579,1164,204,399,1,0.41649213433265686,0.9500000000000004,0,0,0.125
579,1164,204,83,1,0.7945249080657959,0.9500000000000004,0,0,0.13333333333333333
581,204,204,1164,0,0.45620599389076233,0.9500000000000004,0,0,0.1
581,204,204,1165,0,0.45620599389076233,0.9500000000000004,0,0,0.1
581,204,204,1166,0,0.4176861047744751,0.9500000000000004,0,0,0.2
581,204,204,1167,0,0.4176861047744751,0.9500000000000004,0,0,0.2
581,204,204,1168,0,0.4275248646736145,0.9500000000000004,0,0,0.25
581,204,204,1169,0,0.4275248646736145,0.9500000000000004,0,0,0.25
581,204,204,3,0,0.6454970836639404,0.9500000000000004,0,0,0.1
581,204,204,399,0,0.39246058464050293,0.9500000000000004,0,0,0.125
581,204,204,83,0,0.7743655443191528,0.9500000000000004,0,0,0.13333333333333333
582,106,106,1105,0,0.570221483707428,0.9500000000000004,0,0,0.3333333333333333
582,106,106,117,0,0.5468623638153076,0.9500000000000004,0,0,0.1875
582,106,106,118,0,0.32739078998565674,0.9500000000000004,0,0,0.11764705882352941
582,106,106,165,0,0.607667863368988,0.9500000000000004,0,0,0.325
582,106,106,204,0,0.5529342889785767,0.9500000000000004,0,0,0.1282051282051282
582,106,106,313,0,0.9366211891174316,0.9500000000000004,0,1,0.8928571428571429
582,106,106,315,0,0.3933238387107849,0.9500000000000004,0,0,0.15789473684210525
583,274,274,278,0,0.9962642788887024,0.9500000000000004,1,1,1.0
584,1092,1092,1027,0,0.9364227652549744,0.9500000000000004,0,0,1.0
584,1092,1092,1028,0,0.9364227652549744,0.9500000000000004,0,0,1.0
584,1092,1092,1036,0,0.9293718338012695,0.9500000000000004,0,0,1.0
584,1092,1092,1090,0,0.9216737151145935,0.9500000000000004,0,0,1.0
584,1092,1092,1091,0,0.926403820514679,0.9500000000000004,0,0,1.0
585,1127,1127,1128,0,0.9963005781173706,0.9500000000000004,1,1,1.0
586,1127,1127,1128,0,0.998051643371582,0.9500000000000004,1,1,1.0
587,204,204,1166,0,0.3987031877040863,0.9500000000000004,0,0,0.16666666666666666
587,204,204,1167,0,0.3987031877040863,0.9500000000000004,0,0,0.16666666666666666
587,204,204,1168,0,0.3957912027835846,0.9500000000000004,0,0,0.2
587,204,204,1169,0,0.3957912027835846,0.9500000000000004,0,0,0.2
587,204,204,1210,0,0.9248565435409546,0.9500000000000004,0,0,1.0
587,204,204,1211,0,0.9248565435409546,0.9500000000000004,0,0,1.0
587,204,204,399,0,0.3849344253540039,0.9500000000000004,0,0,0.1111111111111111
587,204,204,83,0,0.7518041133880615,0.9500000000000004,0,0,0.13114754098360656
588,916,916,899,0,0.9097607135772705,0.9500000000000004,0,0,1.0
588,916,916,915,0,0.9199844598770142,0.9500000000000004,0,1,1.0
589,229,229,106,0,0.643884539604187,0.9500000000000004,0,0,0.125
589,229,229,1099,0,0.5569841265678406,0.9500000000000004,0,0,0.25
589,229,229,1100,0,0.7935847043991089,0.9500000000000004,0,0,0.5
589,229,229,256,0,0.44253894686698914,0.9500000000000004,0,0,0.125
589,229,229,313,0,0.6398512125015259,0.9500000000000004,0,0,0.125
589,229,229,486,0,0.9707239270210266,0.9500000000000004,1,1,0.6666666666666666
590,308,308,204,0,0.8139260411262512,0.9500000000000004,0,0,0.25
590,308,308,306,0,0.884747326374054,0.9500000000000004,0,0,0.5
590,308,308,307,0,0.8630214333534241,0.9500000000000004,0,0,0.5
590,308,308,70,0,0.9622489213943481,0.9500000000000004,1,1,0.75
590,308,70,204,1,0.7622191905975342,0.9500000000000004,0,0,0.25
590,308,70,306,1,0.8388423323631287,0.9500000000000004,0,0,0.5
590,308,70,307,1,0.641509473323822,0.9500000000000004,0,0,0.25
590,308,70,49,1,0.5904225707054138,0.9500000000000004,0,0,0.2
590,308,70,68,1,0.8051785826683044,0.9500000000000004,0,0,0.5
591,122,122,106,0,0.6378011107444763,0.9500000000000004,0,0,0.125
591,122,122,110,0,0.5916410088539124,0.9500000000000004,0,0,0.125
591,122,122,111,0,0.8736050128936768,0.9500000000000004,0,0,0.5
591,122,122,112,0,0.7543405890464783,0.9500000000000004,0,0,0.3333333333333333
591,122,122,114,0,0.803208589553833,0.9500000000000004,0,0,0.5
591,122,122,119,0,0.5786064863204956,0.9500000000000004,0,0,0.1111111111111111
591,122,122,121,0,0.7654120922088623,0.9500000000000004,0,0,0.2857142857142857
591,122,122,124,0,0.9871178269386292,0.9500000000000004,1,0,0.7777777777777778
591,122,122,127,0,0.6188138127326965,0.9500000000000004,0,0,0.125
591,122,122,129,0,0.743843674659729,0.9500000000000004,0,0,0.3333333333333333
591,122,122,134,0,0.6651204228401184,0.9500000000000004,0,1,0.2222222222222222
591,122,122,137,0,0.6137150526046753,0.9500000000000004,0,0,0.125
591,122,122,138,0,0.5800487995147705,0.9500000000000004,0,0,0.16666666666666666
591,122,122,153,0,0.6136631369590759,0.9500000000000004,0,0,0.2
591,122,122,166,0,0.5565157532691956,0.9500000000000004,0,0,0.125
591,122,122,178,0,0.6195356249809265,0.9500000000000004,0,0,0.125
591,122,122,242,0,0.749329149723053,0.9500000000000004,0,0,0.2857142857142857
591,122,122,246,0,0.6204354763031006,0.9500000000000004,0,0,0.14285714285714285
591,122,122,291,0,0.6307568550109863,0.9500000000000004,0,0,0.16666666666666666
591,122,122,323,0,0.7081913352012634,0.9500000000000004,0,0,0.3333333333333333
591,122,122,338,0,0.8107575178146362,0.9500000000000004,0,0,0.5
591,122,122,344,0,0.7687922120094299,0.9500000000000004,0,0,0.3333333333333333
591,122,122,367,0,0.7031767964363098,0.9500000000000004,0,0,0.3333333333333333
591,122,122,376,0,0.7101929783821106,0.9500000000000004,0,0,0.3333333333333333
591,122,122,58,0,0.6984678506851196,0.9500000000000004,0,0,0.3333333333333333
591,122,122,67,0,0.5232415199279785,0.9500000000000004,0,0,0.125
591,122,122,73,0,0.5653183460235596,0.9500000000000004,0,0,0.14285714285714285
591,122,122,82,0,0.610887885093689,0.9500000000000004,0,0,0.125
591,122,122,83,0,0.6453386545181274,0.9500000000000004,0,0,0.125
591,122,124,106,1,0.6017435193061829,0.9500000000000004,0,0,0.1
591,122,124,110,1,0.54456627368927,0.9500000000000004,0,0,0.1
591,122,124,111,1,0.6998252272605896,0.9500000000000004,0,0,0.2
591,122,124,121,1,0.7247058153152466,0.9500000000000004,0,0,0.25
591,122,124,127,1,0.4879208207130432,0.9500000000000004,0,0,0.1
591,122,124,134,1,0.5996485352516174,0.9500000000000004,0,1,0.18181818181818182
591,122,124,137,1,0.4739808440208435,0.9500000000000004,0,0,0.1
591,122,124,153,1,0.5581893920898438,0.9500000000000004,0,0,0.14285714285714285
591,122,124,166,1,0.5135089159011841,0.9500000000000004,0,0,0.1
591,122,124,178,1,0.5738837718963623,0.9500000000000004,0,0,0.1
591,122,124,204,1,0.6175827383995056,0.9500000000000004,0,0,0.1
591,122,124,242,1,0.6916848421096802,0.9500000000000004,0,0,0.2222222222222222
591,122,124,246,1,0.4839960038661957,0.9500000000000004,0,0,0.1111111111111111
591,122,124,269,1,0.7087463736534119,0.9500000000000004,0,0,0.2
591,122,124,323,1,0.6094592809677124,0.9500000000000004,0,0,0.2
591,122,124,344,1,0.8181197643280029,0.9500000000000004,0,0,0.4
591,122,124,345,1,0.612751841545105,0.9500000000000004,0,0,0.2
591,122,124,367,1,0.6405268311500549,0.9500000000000004,0,0,0.25
591,122,124,429,1,0.702498733997345,0.9500000000000004,0,0,0.3333333333333333
591,122,124,58,1,0.5888047814369202,0.9500000000000004,0,0,0.2
591,122,124,67,1,0.4645364284515381,0.9500000000000004,0,0,0.1
591,122,124,73,1,0.5166869759559631,0.9500000000000004,0,0,0.1111111111111111
591,122,124,82,1,0.5624401569366455,0.9500000000000004,0,0,0.1
591,122,124,83,1,0.5903450846672058,0.9500000000000004,0,0,0.1
591,122,124,89,1,0.7512010931968689,0.9500000000000004,0,0,0.3333333333333333
591,122,124,94,1,0.4585976302623749,0.9500000000000004,0,0,0.1
592,486,486,229,0,0.9942907094955444,0.9500000000000004,1,1,1.0
592,486,229,106,1,0.5884512066841125,0.9500000000000004,0,0,0.1111111111111111
592,486,229,1099,1,0.4803154766559601,0.9500000000000004,0,0,0.2
592,486,229,1100,1,0.6937656402587891,0.9500000000000004,0,0,0.4
592,486,229,256,1,0.3164292275905609,0.9500000000000004,0,0,0.1111111111111111
592,486,229,313,1,0.561345100402832,0.9500000000000004,0,0,0.1111111111111111
593,319,319,1064,0,0.9142646789550781,0.9500000000000004,0,0,1.0
593,319,319,127,0,0.8020623922348022,0.9500000000000004,0,0,0.3333333333333333
593,319,319,130,0,0.7878506779670715,0.9500000000000004,0,0,0.3333333333333333
593,319,319,177,0,0.7961369752883911,0.9500000000000004,0,0,0.3333333333333333
593,319,319,250,0,0.773542582988739,0.9500000000000004,0,1,0.3333333333333333
593,319,319,320,0,0.7268163561820984,0.9500000000000004,0,0,0.3333333333333333
593,319,319,321,0,0.7268163561820984,0.9500000000000004,0,0,0.3333333333333333
593,319,319,368,0,0.8309628367424011,0.9500000000000004,0,0,0.5
593,319,319,395,0,0.8208261728286743,0.9500000000000004,0,0,0.5
594,89,89,100,0,0.7067344188690186,0.9500000000000004,0,0,0.25
594,89,89,124,0,0.4939054548740387,0.9500000000000004,0,0,0.125
594,89,89,127,0,0.5123195052146912,0.9500000000000004,0,0,0.125
594,89,89,137,0,0.4930346608161926,0.9500000000000004,0,0,0.125
594,89,89,163,0,0.698185920715332,0.9500000000000004,0,0,0.2857142857142857
594,89,89,204,0,0.7807141542434692,0.9500000000000004,0,0,0.25
594,89,89,246,0,0.4946533739566803,0.9500000000000004,0,0,0.125
594,89,89,330,0,0.7962698340415955,0.9500000000000004,0,0,0.375
594,89,89,383,0,0.7294785380363464,0.9500000000000004,0,0,0.2857142857142857
594,89,89,429,0,0.5887629389762878,0.9500000000000004,0,0,0.25
594,89,89,77,0,0.5258312225341797,0.9500000000000004,0,0,0.125
594,89,89,82,0,0.48653021454811096,0.9500000000000004,0,0,0.125
594,89,89,83,0,0.955943763256073,0.9500000000000004,1,0,0.625
594,89,89,86,0,0.4456962049007416,0.9500000000000004,0,0,0.125
594,89,89,90,0,0.6766262650489807,0.9500000000000004,0,0,0.25
594,89,89,91,0,0.5390647649765015,0.9500000000000004,0,0,0.125
594,89,89,92,0,0.5578898191452026,0.9500000000000004,0,0,0.125
594,89,83,144,1,0.6142249703407288,0.9500000000000004,0,0,0.125
594,89,83,163,1,0.526369571685791,0.9500000000000004,0,0,0.16666666666666666
594,89,83,178,1,0.6331559419631958,0.9500000000000004,0,0,0.125
594,89,83,204,1,0.8356151580810547,0.9500000000000004,0,0,0.34782608695652173
594,89,83,330,1,0.6528720259666443,0.9500000000000004,0,0,0.17647058823529413
594,89,83,383,1,0.5481743812561035,0.9500000000000004,0,0,0.16666666666666666
594,89,83,82,1,0.8468679189682007,0.9500000000000004,0,0,0.375
594,89,83,86,1,0.504851222038269,0.9500000000000004,0,0,0.11764705882352941
594,89,83,90,1,0.7873414158821106,0.9500000000000004,0,0,0.2916666666666667
595,274,274,278,0,0.9967269897460938,0.9500000000000004,1,1,1.0
596,25,25,11,0,0.9978629946708679,0.9500000000000004,1,1,1.0
596,25,25,1131,0,0.9757673144340515,0.9500000000000004,1,0,1.0
596,25,25,204,0,0.7123363614082336,0.9500000000000004,0,0,0.11764705882352941
596,25,25,3,0,0.7814038395881653,0.9500000000000004,0,0,0.23529411764705882
596,25,11,13,1,0.37078163027763367,0.9500000000000004,0,0,0.13636363636363635
596,25,11,14,1,0.523635745048523,0.9500000000000004,0,0,0.18181818181818182
596,25,11,235,1,0.5198745131492615,0.9500000000000004,0,0,0.10526315789473684
596,25,11,3,1,0.6306045055389404,0.9500000000000004,0,0,0.22727272727272727
597,94,94,204,0,0.6911676526069641,0.9500000000000004,0,0,0.26666666666666666
597,94,94,288,0,0.6764770746231079,0.9500000000000004,0,0,0.16666666666666666
597,94,94,332,0,0.941131591796875,0.9500000000000004,0,0,0.8
597,94,94,333,0,0.5291956663131714,0.9500000000000004,0,0,0.16666666666666666
597,94,94,337,0,0.4326736330986023,0.9500000000000004,0,0,0.125
597,94,94,382,0,0.4916161000728607,0.9500000000000004,0,0,0.16666666666666666
597,94,94,82,0,0.9774797558784485,0.9500000000000004,1,0,0.8
597,94,94,86,0,0.5624682903289795,0.9500000000000004,0,0,0.1111111111111111
597,94,94,90,0,0.9673993587493896,0.9500000000000004,1,1,0.8
597,94,94,91,0,0.5631181597709656,0.9500000000000004,0,0,0.13333333333333333
597,94,94,99,0,0.5087047815322876,0.9500000000000004,0,0,0.1
597,94,90,144,1,0.6579790711402893,0.9500000000000004,0,0,0.2
597,94,90,204,1,0.6355054378509521,0.9500000000000004,0,0,0.20833333333333334
597,94,90,332,1,0.7241238355636597,0.9500000000000004,0,0,0.4375
597,94,90,374,1,0.6993153095245361,0.9500000000000004,0,0,0.25
597,94,90,427,1,0.5866748690605164,0.9500000000000004,0,0,0.14285714285714285
597,94,90,83,1,0.6720820069313049,0.9500000000000004,0,0,0.28
597,94,90,86,1,0.5748026371002197,0.9500000000000004,0,0,0.13333333333333333
597,94,90,89,1,0.6763930916786194,0.9500000000000004,0,0,0.2
597,94,90,99,1,0.44962313771247864,0.9500000000000004,0,0,0.10526315789473684
597,94,82,144,1,0.6718404293060303,0.9500000000000004,0,0,0.13333333333333333
597,94,82,178,1,0.6177214980125427,0.9500000000000004,0,0,0.13333333333333333
597,94,82,204,1,0.686099648475647,0.9500000000000004,0,0,0.1724137931034483
597,94,82,288,1,0.6135883331298828,0.9500000000000004,0,0,0.12
597,94,82,325,1,0.5273857116699219,0.9500000000000004,0,0,0.1
597,94,82,332,1,0.7429618239402771,0.9500000000000004,0,0,0.3888888888888889
597,94,82,83,1,0.8300367593765259,0.9500000000000004,0,0,0.3
597,94,82,86,1,0.8158773183822632,0.9500000000000004,0,0,0.23529411764705882
598,381,381,333,0,0.9234786629676819,0.9500000000000004,0,0,1.0
598,381,381,380,0,0.9198359847068787,0.9500000000000004,0,1,1.0
599,274,274,278,0,0.9988356232643127,0.9500000000000004,1,1,1.0
600,493,493,111,0,0.8790755271911621,0.9500000000000004,0,0,0.5
600,493,493,338,0,0.8057712316513062,0.9500000000000004,0,0,0.5
600,493,493,342,0,0.8763073682785034,0.9500000000000004,0,0,0.5
600,493,493,394,0,0.8721465468406677,0.9500000000000004,0,0,0.5
600,493,493,402,0,0.9731911420822144,0.9500000000000004,1,1,1.0
600,493,493,488,0,0.7910297513008118,0.9500000000000004,0,0,0.5
600,493,493,489,0,0.7910297513008118,0.9500000000000004,0,0,0.5
600,493,493,490,0,0.7910297513008118,0.9500000000000004,0,0,0.5
600,493,493,491,0,0.7910297513008118,0.9500000000000004,0,0,0.5
600,493,493,492,0,0.7910297513008118,0.9500000000000004,0,0,0.5
600,493,402,111,1,0.8518844246864319,0.9500000000000004,0,0,0.3333333333333333
600,493,402,338,1,0.756635844707489,0.9500000000000004,0,0,0.3333333333333333
600,493,402,342,1,0.9169020056724548,0.9500000000000004,0,0,0.6666666666666666
600,493,402,394,1,0.9197885990142822,0.9500000000000004,0,0,0.6666666666666666
600,493,402,488,1,0.7709532976150513,0.9500000000000004,0,0,0.5
600,493,402,489,1,0.7709532976150513,0.9500000000000004,0,0,0.5
600,493,402,490,1,0.7709532976150513,0.9500000000000004,0,0,0.5
600,493,402,491,1,0.7709532976150513,0.9500000000000004,0,0,0.5
600,493,402,492,1,0.7709532976150513,0.9500000000000004,0,0,0.5
601,313,313,106,0,0.978650689125061,0.9500000000000004,1,1,1.0
601,313,313,1105,0,0.5318954586982727,0.9500000000000004,0,0,0.25
601,313,313,117,0,0.4081284999847412,0.9500000000000004,0,0,0.125
601,313,313,118,0,0.3452448844909668,0.9500000000000004,0,0,0.11764705882352941
601,313,313,165,0,0.5283973217010498,0.9500000000000004,0,0,0.19230769230769232
601,313,313,204,0,0.47692516446113586,0.9500000000000004,0,0,0.11538461538461539
601,313,313,315,0,0.3968011438846588,0.9500000000000004,0,0,0.1111111111111111
601,313,106,1105,1,0.4304422438144684,0.9500000000000004,0,0,0.25
601,313,106,117,1,0.5242491364479065,0.9500000000000004,0,0,0.17647058823529413
601,313,106,118,1,0.3190936744213104,0.9500000000000004,0,0,0.1111111111111111
601,313,106,165,1,0.5745824575424194,0.9500000000000004,0,0,0.3170731707317073
601,313,106,204,1,0.514421820640564,0.9500000000000004,0,0,0.125
601,313,106,315,1,0.3791991174221039,0.9500000000000004,0,0,0.15
602,400,400,147,0,0.5959768295288086,0.9500000000000004,0,0,0.25
602,400,400,204,0,0.8125703930854797,0.9500000000000004,0,1,0.5
602,400,400,346,0,0.8118755221366882,0.9500000000000004,0,0,0.5
602,400,400,361,0,0.572592556476593,0.9500000000000004,0,0,0.25
602,400,400,368,0,0.5749027132987976,0.9500000000000004,0,0,0.25
602,400,400,391,0,0.5786453485488892,0.9500000000000004,0,0,0.25
602,400,400,399,0,0.8551769852638245,0.9500000000000004,0,0,1.0
603,361,361,112,0,0.7019438147544861,0.9500000000000004,0,0,0.3333333333333333
603,361,361,116,0,0.7526962161064148,0.9500000000000004,0,0,0.5
603,361,361,126,0,0.821288526058197,0.9500000000000004,0,0,1.0
603,361,361,129,0,0.6975371241569519,0.9500000000000004,0,0,0.3333333333333333
603,361,361,136,0,0.6847978830337524,0.9500000000000004,0,0,0.3333333333333333
603,361,361,138,0,0.6956413388252258,0.9500000000000004,0,0,0.3333333333333333
603,361,361,338,0,0.7530306577682495,0.9500000000000004,0,0,0.5
603,361,361,346,0,0.8874595761299133,0.9500000000000004,0,0,0.6666666666666666
603,361,361,362,0,0.6843910813331604,0.9500000000000004,0,0,0.3333333333333333
603,361,361,363,0,0.6843910813331604,0.9500000000000004,0,0,0.3333333333333333
603,361,361,364,0,0.6794438362121582,0.9500000000000004,0,0,0.3333333333333333
603,361,361,367,0,0.6876485347747803,0.9500000000000004,0,0,0.3333333333333333
603,361,361,368,0,0.8804558515548706,0.9500000000000004,0,0,0.6666666666666666
603,361,361,369,0,0.6843910813331604,0.9500000000000004,0,0,0.3333333333333333
603,361,361,391,0,0.8849097490310669,0.9500000000000004,0,1,0.6666666666666666
603,361,361,400,0,0.7908660173416138,0.9500000000000004,0,0,0.5
604,204,204,1166,0,0.284557044506073,0.9500000000000004,0,0,0.1
604,204,204,1167,0,0.284557044506073,0.9500000000000004,0,0,0.1
604,204,204,1168,0,0.2868289351463318,0.9500000000000004,0,0,0.1111111111111111
604,204,204,1169,0,0.2868289351463318,0.9500000000000004,0,0,0.1111111111111111
604,204,204,1210,0,0.31126314401626587,0.9500000000000004,0,0,0.2
604,204,204,1211,0,0.31126314401626587,0.9500000000000004,0,0,0.2
604,204,204,349,0,0.33334991335868835,0.9500000000000004,0,0,0.25
604,204,204,350,0,0.33334991335868835,0.9500000000000004,0,0,0.25
604,204,204,351,0,0.33334991335868835,0.9500000000000004,0,0,0.25
604,204,204,83,0,0.6472139954566956,0.9500000000000004,0,0,0.12307692307692308
605,391,391,204,0,0.8574519157409668,0.9500000000000004,0,1,0.16666666666666666
605,391,391,318,0,0.63783860206604,0.9500000000000004,0,0,0.3333333333333333
605,391,391,346,0,0.7778163552284241,0.9500000000000004,0,1,0.5
605,391,391,361,0,0.9726309180259705,0.9500000000000004,1,0,0.5
605,391,391,362,0,0.6575432419776917,0.9500000000000004,0,0,0.3333333333333333
605,391,391,363,0,0.6575432419776917,0.9500000000000004,0,0,0.3333333333333333
605,391,391,364,0,0.6889568567276001,0.9500000000000004,0,0,0.3333333333333333
605,391,391,367,0,0.466419517993927,0.9500000000000004,0,0,0.16666666666666666
605,391,391,368,0,0.6364606022834778,0.9500000000000004,0,0,0.3333333333333333
605,391,391,369,0,0.6575432419776917,0.9500000000000004,0,0,0.3333333333333333
605,391,391,400,0,0.6623409390449524,0.9500000000000004,0,0,0.3333333333333333
605,391,361,112,1,0.6230563521385193,0.9500000000000004,0,0,0.2
605,391,361,116,1,0.6501187086105347,0.9500000000000004,0,0,0.25
605,391,361,1213,1,0.9424819946289062,0.9500000000000004,0,0,1.0
605,391,361,126,1,0.6382419466972351,0.9500000000000004,0,0,0.3333333333333333
605,391,361,129,1,0.6130801439285278,0.9500000000000004,0,0,0.2
605,391,361,136,1,0.6033623218536377,0.9500000000000004,0,0,0.2
605,391,361,138,1,0.6133652925491333,0.9500000000000004,0,0,0.2
605,391,361,204,1,0.9600051045417786,0.9500000000000004,1,1,0.4
605,391,361,338,1,0.6550582647323608,0.9500000000000004,0,0,0.25
605,391,361,346,1,0.7535437345504761,0.9500000000000004,0,1,0.4
605,391,361,362,1,0.5737826228141785,0.9500000000000004,0,0,0.2
605,391,361,363,1,0.5737826228141785,0.9500000000000004,0,0,0.2
605,391,361,364,1,0.547562837600708,0.9500000000000004,0,0,0.2
605,391,361,367,1,0.5830475687980652,0.9500000000000004,0,0,0.2
605,391,361,368,1,0.7449797987937927,0.9500000000000004,0,0,0.4
605,391,361,369,1,0.5737826228141785,0.9500000000000004,0,0,0.2
605,391,361,400,1,0.6156806945800781,0.9500000000000004,0,0,0.25
605,391,204,1168,2,0.4383579194545746,0.9500000000000004,0,0,0.1
605,391,204,1169,2,0.4383579194545746,0.9500000000000004,0,0,0.1
605,391,204,1210,2,0.4576176702976227,0.9500000000000004,0,0,0.16666666666666666
605,391,204,1211,2,0.4576176702976227,0.9500000000000004,0,0,0.16666666666666666
605,391,204,1213,2,0.9466589093208313,0.9500000000000004,0,0,1.0
605,391,204,349,2,0.47846177220344543,0.9500000000000004,0,0,0.2
605,391,204,350,2,0.47846177220344543,0.9500000000000004,0,0,0.2
605,391,204,351,2,0.47846177220344543,0.9500000000000004,0,0,0.2
605,391,204,83,2,0.7587323188781738,0.9500000000000004,0,0,0.12121212121212122
606,204,204,1210,0,0.4587459862232208,0.9500000000000004,0,0,0.14285714285714285
606,204,204,1211,0,0.4587459862232208,0.9500000000000004,0,0,0.14285714285714285
606,204,204,1213,0,0.8405276536941528,0.9500000000000004,0,0,0.5
606,204,204,349,0,0.4768635630607605,0.9500000000000004,0,0,0.16666666666666666
606,204,204,350,0,0.4768635630607605,0.9500000000000004,0,0,0.16666666666666666
606,204,204,351,0,0.4768635630607605,0.9500000000000004,0,0,0.16666666666666666
606,204,204,83,0,0.7733070850372314,0.9500000000000004,0,0,0.11940298507462686
607,306,306,204,0,0.7961854338645935,0.9500000000000004,0,1,0.3333333333333333
607,306,306,307,0,0.8681100606918335,0.9500000000000004,0,1,0.6666666666666666
607,306,306,308,0,0.9053263068199158,0.9500000000000004,0,1,0.6666666666666666
607,306,306,68,0,0.8903918862342834,0.9500000000000004,0,0,1.0
607,306,306,70,0,0.9093092679977417,0.9500000000000004,0,1,0.6666666666666666
608,204,204,1210,0,0.46101659536361694,0.9500000000000004,0,0,0.1111111111111111
608,204,204,1211,0,0.46101659536361694,0.9500000000000004,0,0,0.1111111111111111
608,204,204,1213,0,0.6716269254684448,0.9500000000000004,0,0,0.25
608,204,204,1214,0,0.8684180974960327,0.9500000000000004,0,0,0.5
608,204,204,349,0,0.46394485235214233,0.9500000000000004,0,0,0.125
608,204,204,350,0,0.46394485235214233,0.9500000000000004,0,0,0.125
608,204,204,351,0,0.46394485235214233,0.9500000000000004,0,0,0.125
608,204,204,487,0,0.9477667808532715,0.9500000000000004,0,0,1.0
608,204,204,83,0,0.7767121195793152,0.9500000000000004,0,0,0.11594202898550725
609,111,111,110,0,0.6334956884384155,0.9500000000000004,0,0,0.15789473684210525
609,111,111,1106,0,0.5574414134025574,0.9500000000000004,0,0,0.25
609,111,111,112,0,0.5729162096977234,0.9500000000000004,0,0,0.14285714285714285
609,111,111,1135,0,0.6029929518699646,0.9500000000000004,0,1,0.3333333333333333
609,111,111,1136,0,0.6614393591880798,0.9500000000000004,0,0,0.5
609,111,111,114,0,0.5094919800758362,0.9500000000000004,0,0,0.125
609,111,111,122,0,0.7412366271018982,0.9500000000000004,0,0,0.21052631578947367
609,111,111,124,0,0.6067546010017395,0.9500000000000004,0,0,0.10526315789473684
609,111,111,125,0,0.5105347037315369,0.9500000000000004,0,0,0.10526315789473684
609,111,111,127,0,0.6998291015625,0.9500000000000004,0,0,0.21052631578947367
609,111,111,129,0,0.5631841421127319,0.9500000000000004,0,0,0.14285714285714285
609,111,111,131,0,0.7236252427101135,0.9500000000000004,0,0,0.21052631578947367
609,111,111,137,0,0.6100684404373169,0.9500000000000004,0,0,0.10526315789473684
609,111,111,178,0,0.6220318078994751,0.9500000000000004,0,0,0.10526315789473684
609,111,111,204,0,0.8011893630027771,0.9500000000000004,0,0,0.21052631578947367
609,111,111,246,0,0.706977128982544,0.9500000000000004,0,0,0.2222222222222222
609,111,111,338,0,0.6353614926338196,0.9500000000000004,0,0,0.25
609,111,111,344,0,0.5587460994720459,0.9500000000000004,0,0,0.1
609,111,111,357,0,0.4976651072502136,0.9500000000000004,0,0,0.1
609,111,111,376,0,0.4937966763973236,0.9500000000000004,0,0,0.1111111111111111
609,111,111,402,0,0.607018232345581,0.9500000000000004,0,0,0.14285714285714285
609,111,111,488,0,0.5241318345069885,0.9500000000000004,0,0,0.16666666666666666
609,111,111,489,0,0.5241318345069885,0.9500000000000004,0,0,0.16666666666666666
609,111,111,490,0,0.5241318345069885,0.9500000000000004,0,0,0.16666666666666666
609,111,111,491,0,0.5241318345069885,0.9500000000000004,0,0,0.16666666666666666
609,111,111,492,0,0.5241318345069885,0.9500000000000004,0,0,0.16666666666666666
609,111,111,493,0,0.6177200675010681,0.9500000000000004,0,0,0.16666666666666666
610,204,204,1210,0,0.4315823018550873,0.9500000000000004,0,0,0.1
610,204,204,1211,0,0.4315823018550873,0.9500000000000004,0,0,0.1
610,204,204,1213,0,0.523632287979126,0.9500000000000004,0,0,0.2
610,204,204,1214,0,0.6381028890609741,0.9500000000000004,0,0,0.3333333333333333
610,204,204,1215,0,0.9466793537139893,0.9500000000000004,0,0,1.0
610,204,204,1216,0,0.9466793537139893,0.9500000000000004,0,0,1.0
610,204,204,1217,0,0.9466793537139893,0.9500000000000004,0,0,1.0
610,204,204,1218,0,0.9466793537139893,0.9500000000000004,0,0,1.0
610,204,204,1219,0,0.9466793537139893,0.9500000000000004,0,0,1.0
610,204,204,349,0,0.42854949831962585,0.9500000000000004,0,0,0.1111111111111111
610,204,204,350,0,0.42854949831962585,0.9500000000000004,0,0,0.1111111111111111
610,204,204,351,0,0.42854949831962585,0.9500000000000004,0,0,0.1111111111111111
610,204,204,487,0,0.7984404563903809,0.9500000000000004,0,0,0.5
610,204,204,83,0,0.7376020550727844,0.9500000000000004,0,0,0.11428571428571428
614,111,111,110,0,0.5964145660400391,0.9500000000000004,0,0,0.15
614,111,111,1106,0,0.533456563949585,0.9500000000000004,0,0,0.2
614,111,111,112,0,0.5114253163337708,0.9500000000000004,0,0,0.13333333333333333
614,111,111,1135,0,0.7309024930000305,0.9500000000000004,0,0,0.5
614,111,111,1136,0,0.5885845422744751,0.9500000000000004,0,0,0.3333333333333333
614,111,111,114,0,0.4643348753452301,0.9500000000000004,0,0,0.1111111111111111
614,111,111,122,0,0.7023730278015137,0.9500000000000004,0,0,0.2
614,111,111,124,0,0.5473888516426086,0.9500000000000004,0,0,0.1
614,111,111,125,0,0.5325311422348022,0.9500000000000004,0,0,0.1
614,111,111,127,0,0.6497012972831726,0.9500000000000004,0,0,0.2
614,111,111,129,0,0.502863883972168,0.9500000000000004,0,0,0.13333333333333333
614,111,111,131,0,0.679104208946228,0.9500000000000004,0,0,0.2
614,111,111,137,0,0.5559462308883667,0.9500000000000004,0,0,0.1
614,111,111,178,0,0.5678696036338806,0.9500000000000004,0,0,0.1
614,111,111,204,0,0.7722309827804565,0.9500000000000004,0,1,0.2
614,111,111,246,0,0.6648529767990112,0.9500000000000004,0,0,0.21052631578947367
614,111,111,338,0,0.595695436000824,0.9500000000000004,0,0,0.2222222222222222
614,111,111,376,0,0.4480648934841156,0.9500000000000004,0,0,0.1
614,111,111,402,0,0.594904363155365,0.9500000000000004,0,0,0.125
614,111,111,488,0,0.4933399260044098,0.9500000000000004,0,1,0.14285714285714285
614,111,111,489,0,0.4933399260044098,0.9500000000000004,0,0,0.14285714285714285
614,111,111,490,0,0.4933399260044098,0.9500000000000004,0,0,0.14285714285714285
614,111,111,491,0,0.4933399260044098,0.9500000000000004,0,0,0.14285714285714285
614,111,111,492,0,0.4933399260044098,0.9500000000000004,0,0,0.14285714285714285
614,111,111,493,0,0.6003984212875366,0.9500000000000004,0,0,0.14285714285714285
615,204,204,1213,0,0.5281153321266174,0.9500000000000004,0,0,0.14285714285714285
615,204,204,1214,0,0.556498646736145,0.9500000000000004,0,0,0.2
615,204,204,1215,0,0.6273535490036011,0.9500000000000004,0,0,0.3333333333333333
615,204,204,1216,0,0.6273535490036011,0.9500000000000004,0,0,0.3333333333333333
615,204,204,1217,0,0.6273535490036011,0.9500000000000004,0,0,0.3333333333333333
615,204,204,1218,0,0.6273535490036011,0.9500000000000004,0,0,0.3333333333333333
615,204,204,1219,0,0.6273535490036011,0.9500000000000004,0,0,0.3333333333333333
615,204,204,1220,0,0.7901816368103027,0.9500000000000004,0,0,0.5
615,204,204,1221,0,0.7901816368103027,0.9500000000000004,0,0,0.5
615,204,204,1222,0,0.7901816368103027,0.9500000000000004,0,0,0.5
615,204,204,1223,0,0.7901816368103027,0.9500000000000004,0,0,0.5
615,204,204,1224,0,0.9442352056503296,0.9500000000000004,0,0,1.0
615,204,204,487,0,0.5809460878372192,0.9500000000000004,0,0,0.25
615,204,204,83,0,0.7433996200561523,0.9500000000000004,0,0,0.1111111111111111
617,1093,1093,1094,0,0.7760964632034302,0.9500000000000004,0,1,0.3333333333333333
617,1093,1093,1095,0,0.8167212009429932,0.9500000000000004,0,1,0.5
617,1093,1093,963,0,0.8292078971862793,0.9500000000000004,0,0,0.3333333333333333
617,1093,1093,969,0,0.8292078971862793,0.9500000000000004,0,0,0.3333333333333333
617,1093,1093,993,0,0.8348128199577332,0.9500000000000004,0,0,0.3333333333333333
618,1132,1132,1003,0,0.8915517926216125,0.9500000000000004,0,1,1.0
618,1132,1132,1093,0,0.9056826829910278,0.9500000000000004,0,0,1.0
618,1132,1132,1094,0,0.9026106595993042,0.9500000000000004,0,0,1.0
618,1132,1132,1095,0,0.8984242677688599,0.9500000000000004,0,1,1.0
618,1132,1132,1133,0,0.8915517926216125,0.9500000000000004,0,0,1.0
619,49,49,70,0,0.9210230708122253,0.9500000000000004,0,0,1.0
620,379,379,318,0,0.8639603853225708,0.9500000000000004,0,0,0.5
620,379,379,378,0,0.9640751481056213,0.9500000000000004,1,1,1.0
620,379,379,380,0,0.860846757888794,0.9500000000000004,0,0,0.5
620,379,379,381,0,0.8441696166992188,0.9500000000000004,0,0,0.5
620,379,379,382,0,0.853996753692627,0.9500000000000004,0,0,0.5
620,379,379,383,0,0.860846757888794,0.9500000000000004,0,0,0.5
620,379,379,384,0,0.860846757888794,0.9500000000000004,0,0,0.5
620,379,379,49,0,0.861258864402771,0.9500000000000004,0,0,0.5
620,379,379,77,0,0.855279266834259,0.9500000000000004,0,0,0.5
620,379,378,165,1,0.8164495229721069,0.9500000000000004,0,0,0.3333333333333333
620,379,378,269,1,0.7942425608634949,0.9500000000000004,0,0,0.3333333333333333
620,379,378,289,1,0.7980855107307434,0.9500000000000004,0,0,0.3333333333333333
620,379,378,318,1,0.7545306086540222,0.9500000000000004,0,0,0.3333333333333333
620,379,378,380,1,0.7980032563209534,0.9500000000000004,0,0,0.3333333333333333
620,379,378,381,1,0.7810604572296143,0.9500000000000004,0,0,0.3333333333333333
620,379,378,382,1,0.7926718592643738,0.9500000000000004,0,0,0.3333333333333333
620,379,378,383,1,0.7978823781013489,0.9500000000000004,0,0,0.3333333333333333
620,379,378,384,1,0.7978823781013489,0.9500000000000004,0,0,0.3333333333333333
620,379,378,385,1,0.7923024296760559,0.9500000000000004,0,0,0.3333333333333333
620,379,378,409,1,0.7873312830924988,0.9500000000000004,0,0,0.3333333333333333
620,379,378,49,1,0.737800121307373,0.9500000000000004,0,0,0.3333333333333333
620,379,378,77,1,0.7481445074081421,0.9500000000000004,0,0,0.3333333333333333
621,1216,1216,1215,0,0.9286192059516907,0.9500000000000004,0,0,1.0
621,1216,1216,1217,0,0.9286192059516907,0.9500000000000004,0,0,1.0
621,1216,1216,1218,0,0.9286192059516907,0.9500000000000004,0,1,1.0
621,1216,1216,1219,0,0.9286192059516907,0.9500000000000004,0,0,1.0
621,1216,1216,204,0,0.961319088935852,0.9500000000000004,1,0,1.0
621,1216,204,1213,1,0.4390333294868469,0.9500000000000004,0,0,0.125
621,1216,204,1214,1,0.45011472702026367,0.9500000000000004,0,0,0.16666666666666666
621,1216,204,1215,1,0.48809751868247986,0.9500000000000004,0,0,0.25
621,1216,204,1217,1,0.48809751868247986,0.9500000000000004,0,0,0.25
621,1216,204,1218,1,0.48809751868247986,0.9500000000000004,0,1,0.25
621,1216,204,1219,1,0.48809751868247986,0.9500000000000004,0,0,0.25
621,1216,204,1220,1,0.5755760669708252,0.9500000000000004,0,0,0.3333333333333333
621,1216,204,1221,1,0.5755760669708252,0.9500000000000004,0,0,0.3333333333333333
621,1216,204,1222,1,0.5755760669708252,0.9500000000000004,0,0,0.3333333333333333
621,1216,204,1223,1,0.5755760669708252,0.9500000000000004,0,0,0.3333333333333333
621,1216,204,1224,1,0.7681775093078613,0.9500000000000004,0,0,0.5
621,1216,204,1225,1,0.9399878978729248,0.9500000000000004,0,0,1.0
621,1216,204,1226,1,0.9399878978729248,0.9500000000000004,0,0,1.0
621,1216,204,1227,1,0.9399878978729248,0.9500000000000004,0,0,1.0
621,1216,204,487,1,0.4606524407863617,0.9500000000000004,0,0,0.2
621,1216,204,83,1,0.7191722393035889,0.9500000000000004,0,0,0.1095890410958904
622,204,204,1213,0,0.43368852138519287,0.9500000000000004,0,0,0.125
622,204,204,1214,0,0.44284605979919434,0.9500000000000004,0,0,0.16666666666666666
622,204,204,1215,0,0.48122701048851013,0.9500000000000004,0,0,0.25
622,204,204,1216,0,0.5363237857818604,0.9500000000000004,0,0,0.25
622,204,204,1217,0,0.48122701048851013,0.9500000000000004,0,0,0.25
622,204,204,1218,0,0.5363237857818604,0.9500000000000004,0,0,0.25
622,204,204,1219,0,0.48122701048851013,0.9500000000000004,0,0,0.25
622,204,204,1220,0,0.5681304931640625,0.9500000000000004,0,0,0.3333333333333333
622,204,204,1221,0,0.5681304931640625,0.9500000000000004,0,0,0.3333333333333333
622,204,204,1222,0,0.5681304931640625,0.9500000000000004,0,0,0.3333333333333333
622,204,204,1223,0,0.5681304931640625,0.9500000000000004,0,0,0.3333333333333333
622,204,204,1224,0,0.7634492516517639,0.9500000000000004,0,0,0.5
622,204,204,1225,0,0.9398770928382874,0.9500000000000004,0,0,1.0
622,204,204,1226,0,0.9398770928382874,0.9500000000000004,0,0,1.0
622,204,204,1227,0,0.9398770928382874,0.9500000000000004,0,0,1.0
622,204,204,487,0,0.4531901180744171,0.9500000000000004,0,0,0.2
622,204,204,83,0,0.7181903123855591,0.9500000000000004,0,0,0.1095890410958904
623,135,135,106,0,0.8777783513069153,0.9500000000000004,0,0,0.6666666666666666
623,135,135,117,0,0.7659006714820862,0.9500000000000004,0,0,0.5
623,135,135,133,0,0.7363412380218506,0.9500000000000004,0,0,0.5
623,135,135,138,0,0.690708577632904,0.9500000000000004,0,0,0.3333333333333333
623,135,135,242,0,0.682443380355835,0.9500000000000004,0,0,0.3333333333333333
623,135,135,291,0,0.71119225025177,0.9500000000000004,0,0,0.3333333333333333
623,135,135,59,0,0.6102492213249207,0.9500000000000004,0,0,0.3333333333333333
623,135,135,73,0,0.6535886526107788,0.9500000000000004,0,0,0.3333333333333333
623,135,135,74,0,0.8335059285163879,0.9500000000000004,0,0,0.6666666666666666
623,135,135,82,0,0.7300743460655212,0.9500000000000004,0,0,0.3333333333333333
624,986,986,1086,0,0.7673256397247314,0.9500000000000004,0,0,0.5
624,986,986,1162,0,0.8794216513633728,0.9500000000000004,0,1,1.0
624,986,986,1163,0,0.8794216513633728,0.9500000000000004,0,0,1.0
624,986,986,983,0,0.8407878875732422,0.9500000000000004,0,1,0.5
624,986,986,984,0,0.6082680225372314,0.9500000000000004,0,0,0.25
624,986,986,985,0,0.9776039123535156,0.9500000000000004,1,1,1.0
624,986,986,987,0,0.9368650317192078,0.9500000000000004,0,0,0.75
624,986,986,988,0,0.836591899394989,0.9500000000000004,0,1,0.5
624,986,986,989,0,0.9776039123535156,0.9500000000000004,1,1,1.0
624,986,986,990,0,0.9776039123535156,0.9500000000000004,1,1,1.0
624,986,990,1086,1,0.7673256397247314,0.9500000000000004,0,0,0.5
624,986,990,1162,1,0.8794216513633728,0.9500000000000004,0,1,1.0
624,986,990,1163,1,0.8794216513633728,0.9500000000000004,0,0,1.0
624,986,990,983,1,0.8407878875732422,0.9500000000000004,0,1,0.5
624,986,990,984,1,0.6082680821418762,0.9500000000000004,0,0,0.25
624,986,990,987,1,0.9368650317192078,0.9500000000000004,0,0,0.75
624,986,990,988,1,0.836591899394989,0.9500000000000004,0,1,0.5
624,986,989,1086,1,0.7673256397247314,0.9500000000000004,0,0,0.5
624,986,989,1162,1,0.8794216513633728,0.9500000000000004,0,1,1.0
624,986,989,1163,1,0.8794216513633728,0.9500000000000004,0,0,1.0
624,986,989,983,1,0.8407878875732422,0.9500000000000004,0,1,0.5
624,986,989,984,1,0.6082680821418762,0.9500000000000004,0,0,0.25
624,986,989,987,1,0.9368650317192078,0.9500000000000004,0,0,0.75
624,986,989,988,1,0.836591899394989,0.9500000000000004,0,1,0.5
624,986,985,1086,1,0.7673256397247314,0.9500000000000004,0,0,0.5
624,986,985,1162,1,0.8794216513633728,0.9500000000000004,0,1,1.0
624,986,985,1163,1,0.8794216513633728,0.9500000000000004,0,0,1.0
624,986,985,983,1,0.8407878875732422,0.9500000000000004,0,1,0.5
624,986,985,984,1,0.6082680225372314,0.9500000000000004,0,0,0.25
624,986,985,987,1,0.9368650317192078,0.9500000000000004,0,0,0.75
624,986,985,988,1,0.836591899394989,0.9500000000000004,0,1,0.5
625,1030,1030,1025,0,0.8286353349685669,0.9500000000000004,0,0,0.5
625,1030,1030,1028,0,0.9477971792221069,0.9500000000000004,0,1,1.0
625,1030,1030,1029,0,0.9586724042892456,0.9500000000000004,1,1,1.0
625,1030,1030,1031,0,0.8182359933853149,0.9500000000000004,0,0,0.5
625,1030,1030,1036,0,0.9126377105712891,0.9500000000000004,0,0,1.0
625,1030,1030,1075,0,0.9083952903747559,0.9500000000000004,0,0,1.0
625,1030,1030,1076,0,0.9091014266014099,0.9500000000000004,0,0,1.0
625,1030,1029,1026,1,0.687244713306427,0.9500000000000004,0,0,0.25
625,1030,1029,1028,1,0.8718141317367554,0.9500000000000004,0,1,0.5
625,1030,1029,1031,1,0.6858384013175964,0.9500000000000004,0,0,0.25
625,1030,1029,1036,1,0.7347493171691895,0.9500000000000004,0,0,0.3333333333333333
625,1030,1029,1075,1,0.915623664855957,0.9500000000000004,0,0,0.6666666666666666
625,1030,1029,1076,1,0.7326964735984802,0.9500000000000004,0,0,0.3333333333333333
625,1030,1029,1092,1,0.9279561042785645,0.9500000000000004,0,0,1.0
626,1207,1207,144,0,0.9490005970001221,0.9500000000000004,0,0,1.0
627,204,204,1213,0,0.42352768778800964,0.9500000000000004,0,0,0.1111111111111111
627,204,204,1214,0,0.4300963282585144,0.9500000000000004,0,0,0.14285714285714285
627,204,204,1215,0,0.44117337465286255,0.9500000000000004,0,0,0.2
627,204,204,1216,0,0.4764372706413269,0.9500000000000004,0,0,0.2
627,204,204,1217,0,0.44117337465286255,0.9500000000000004,0,0,0.2
627,204,204,1218,0,0.4764372706413269,0.9500000000000004,0,0,0.2
627,204,204,1219,0,0.44117337465286255,0.9500000000000004,0,0,0.2
627,204,204,1220,0,0.4637286961078644,0.9500000000000004,0,0,0.25
627,204,204,1221,0,0.4637286961078644,0.9500000000000004,0,0,0.25
627,204,204,1222,0,0.4637286961078644,0.9500000000000004,0,0,0.25
627,204,204,1223,0,0.4637286961078644,0.9500000000000004,0,0,0.25
627,204,204,1224,0,0.5328400135040283,0.9500000000000004,0,0,0.3333333333333333
627,204,204,1225,0,0.7024335861206055,0.9500000000000004,0,0,0.5
627,204,204,1226,0,0.7024335861206055,0.9500000000000004,0,0,0.5
627,204,204,1227,0,0.7024335861206055,0.9500000000000004,0,0,0.5
627,204,204,1228,0,0.9382762312889099,0.9500000000000004,0,0,1.0
627,204,204,487,0,0.43460795283317566,0.9500000000000004,0,0,0.16666666666666666
627,204,204,83,0,0.7093767523765564,0.9500000000000004,0,0,0.10810810810810811
629,204,204,1213,0,0.4449095129966736,0.9500000000000004,0,0,0.1
629,204,204,1214,0,0.450332909822464,0.9500000000000004,0,0,0.125
629,204,204,1215,0,0.4602552652359009,0.9500000000000004,0,0,0.16666666666666666
629,204,204,1216,0,0.4977036118507385,0.9500000000000004,0,0,0.16666666666666666
629,204,204,1217,0,0.4602552652359009,0.9500000000000004,0,0,0.16666666666666666
629,204,204,1218,0,0.4977036118507385,0.9500000000000004,0,0,0.16666666666666666
629,204,204,1219,0,0.4602552652359009,0.9500000000000004,0,0,0.16666666666666666
629,204,204,1220,0,0.4758101999759674,0.9500000000000004,0,0,0.2
629,204,204,1221,0,0.4758101999759674,0.9500000000000004,0,0,0.2
629,204,204,1222,0,0.4758101999759674,0.9500000000000004,0,0,0.2
629,204,204,1223,0,0.4758101999759674,0.9500000000000004,0,0,0.2
629,204,204,1224,0,0.5071932673454285,0.9500000000000004,0,0,0.25
629,204,204,1225,0,0.5691273212432861,0.9500000000000004,0,0,0.3333333333333333
629,204,204,1226,0,0.5691273212432861,0.9500000000000004,0,0,0.3333333333333333
629,204,204,1227,0,0.5691273212432861,0.9500000000000004,0,0,0.3333333333333333
629,204,204,1228,0,0.7623911499977112,0.9500000000000004,0,0,0.5
629,204,204,487,0,0.4541172385215759,0.9500000000000004,0,0,0.14285714285714285
629,204,204,83,0,0.7008537650108337,0.9500000000000004,0,0,0.10666666666666667
631,58,58,121,0,0.6964695453643799,0.9500000000000004,0,0,0.2
631,58,58,122,0,0.7232080101966858,0.9500000000000004,0,0,0.2
631,58,58,124,0,0.7068771719932556,0.9500000000000004,0,0,0.2
631,58,58,172,0,0.6718079447746277,0.9500000000000004,0,0,0.2
631,58,58,173,0,0.6617586016654968,0.9500000000000004,0,0,0.2
631,58,58,175,0,0.8270573616027832,0.9500000000000004,0,0,0.4
631,58,58,204,0,0.8633214831352234,0.9500000000000004,0,1,0.4
631,58,58,242,0,0.6926891207695007,0.9500000000000004,0,0,0.2
631,58,58,251,0,0.6671589016914368,0.9500000000000004,0,0,0.2
631,58,58,323,0,0.6483011841773987,0.9500000000000004,0,0,0.2
631,58,58,336,0,0.650327205657959,0.9500000000000004,0,0,0.2
631,58,58,367,0,0.7122493386268616,0.9500000000000004,0,0,0.3333333333333333
631,58,58,57,0,0.7955870628356934,0.9500000000000004,0,0,0.5
631,58,58,68,0,0.8007158041000366,0.9500000000000004,0,0,0.5
631,58,58,73,0,0.6714545488357544,0.9500000000000004,0,0,0.2
631,58,58,83,0,0.7282937169075012,0.9500000000000004,0,0,0.2
632,241,241,1151,0,0.8314793705940247,0.9500000000000004,0,0,0.5
632,241,241,206,0,0.6724029779434204,0.9500000000000004,0,0,0.15384615384615385
632,241,241,227,0,0.6658308506011963,0.9500000000000004,0,0,0.15384615384615385
632,241,241,240,0,0.9942725896835327,0.9500000000000004,1,1,0.8461538461538461
632,241,241,267,0,0.6813582181930542,0.9500000000000004,0,0,0.15384615384615385
632,241,240,206,1,0.7401109933853149,0.9500000000000004,0,0,0.18181818181818182
632,241,240,227,1,0.7363289594650269,0.9500000000000004,0,0,0.18181818181818182
633,344,344,111,0,0.8158580660820007,0.9500000000000004,0,0,0.3333333333333333
633,344,344,112,0,0.7365134358406067,0.9500000000000004,0,0,0.3333333333333333
633,344,344,114,0,0.7581283450126648,0.9500000000000004,0,0,0.5
633,344,344,122,0,0.7888604402542114,0.9500000000000004,0,1,0.3333333333333333
633,344,344,124,0,0.9021024107933044,0.9500000000000004,0,1,0.6666666666666666
633,344,344,129,0,0.7289423942565918,0.9500000000000004,0,0,0.3333333333333333
633,344,344,204,0,0.8270369172096252,0.9500000000000004,0,1,0.3333333333333333
633,344,344,269,0,0.754587709903717,0.9500000000000004,0,1,0.3333333333333333
633,344,344,338,0,0.7860616445541382,0.9500000000000004,0,0,0.5
633,344,344,345,0,0.678855299949646,0.9500000000000004,0,0,0.3333333333333333
633,344,344,376,0,0.7648743391036987,0.9500000000000004,0,0,0.5
634,94,94,204,0,0.6845691800117493,0.9500000000000004,0,1,0.25
634,94,94,288,0,0.5199383497238159,0.9500000000000004,0,0,0.15384615384615385
634,94,94,332,0,0.9033721685409546,0.9500000000000004,0,0,0.7272727272727273
634,94,94,333,0,0.3779280185699463,0.9500000000000004,0,0,0.14285714285714285
634,94,94,337,0,0.3496573865413666,0.9500000000000004,0,0,0.1111111111111111
634,94,94,382,0,0.5355876088142395,0.9500000000000004,0,1,0.14285714285714285
634,94,94,82,0,0.9320128560066223,0.9500000000000004,0,0,0.75
634,94,94,86,0,0.4391859471797943,0.9500000000000004,0,0,0.1
634,94,94,90,0,0.9781609773635864,0.9500000000000004,1,0,0.8125
634,94,94,91,0,0.43607139587402344,0.9500000000000004,0,0,0.125
634,94,90,144,1,0.5971876382827759,0.9500000000000004,0,0,0.19230769230769232
634,94,90,204,1,0.6963830590248108,0.9500000000000004,0,1,0.2
634,94,90,332,1,0.6658564805984497,0.9500000000000004,0,0,0.4117647058823529
634,94,90,374,1,0.5774247646331787,0.9500000000000004,0,0,0.2222222222222222
634,94,90,427,1,0.49107643961906433,0.9500000000000004,0,0,0.125
634,94,90,82,1,0.944756031036377,0.9500000000000004,0,0,0.6538461538461539
634,94,90,83,1,0.6280055642127991,0.9500000000000004,0,0,0.2692307692307692
634,94,90,86,1,0.562525749206543,0.9500000000000004,0,0,0.125
634,94,90,89,1,0.6314685344696045,0.9500000000000004,0,0,0.18181818181818182
634,94,90,99,1,0.3846439719200134,0.9500000000000004,0,0,0.1
635,204,204,1215,0,0.4082428216934204,0.9500000000000004,0,0,0.1
635,204,204,1216,0,0.4311079978942871,0.9500000000000004,0,0,0.1
635,204,204,1217,0,0.4082428216934204,0.9500000000000004,0,0,0.1
635,204,204,1218,0,0.4311079978942871,0.9500000000000004,0,0,0.1
635,204,204,1219,0,0.4082428216934204,0.9500000000000004,0,0,0.1
635,204,204,1220,0,0.4101998805999756,0.9500000000000004,0,0,0.1111111111111111
635,204,204,1221,0,0.4101998805999756,0.9500000000000004,0,0,0.1111111111111111
635,204,204,1222,0,0.4101998805999756,0.9500000000000004,0,0,0.1111111111111111
635,204,204,1223,0,0.4101998805999756,0.9500000000000004,0,0,0.1111111111111111
635,204,204,1224,0,0.4134599268436432,0.9500000000000004,0,0,0.125
635,204,204,1225,0,0.41730448603630066,0.9500000000000004,0,0,0.14285714285714285
635,204,204,1226,0,0.41730448603630066,0.9500000000000004,0,0,0.14285714285714285
635,204,204,1227,0,0.41730448603630066,0.9500000000000004,0,0,0.14285714285714285
635,204,204,1228,0,0.43768441677093506,0.9500000000000004,0,0,0.16666666666666666
635,204,204,1236,0,0.49536728858947754,0.9500000000000004,0,0,0.25
635,204,204,1237,0,0.5517177581787109,0.9500000000000004,0,0,0.3333333333333333
635,204,204,370,0,0.6675611138343811,0.9500000000000004,0,0,0.5
635,204,204,83,0,0.5915844440460205,0.9500000000000004,0,0,0.10126582278481013
636,1217,1217,1215,0,0.9268838167190552,0.9500000000000004,0,0,1.0
636,1217,1217,1216,0,0.935358464717865,0.9500000000000004,0,0,1.0
636,1217,1217,1218,0,0.935358464717865,0.9500000000000004,0,0,1.0
636,1217,1217,1219,0,0.9268838167190552,0.9500000000000004,0,0,1.0
636,1217,1217,204,0,0.9611561894416809,0.9500000000000004,1,0,1.0
636,1217,204,1220,1,0.4202883839607239,0.9500000000000004,0,0,0.1
636,1217,204,1221,1,0.4202883839607239,0.9500000000000004,0,0,0.1
636,1217,204,1222,1,0.4202883839607239,0.9500000000000004,0,0,0.1
636,1217,204,1223,1,0.4202883839607239,0.9500000000000004,0,0,0.1
636,1217,204,1224,1,0.42437273263931274,0.9500000000000004,0,0,0.1111111111111111
636,1217,204,1225,1,0.4272875487804413,0.9500000000000004,0,0,0.125
636,1217,204,1226,1,0.4272875487804413,0.9500000000000004,0,0,0.125
636,1217,204,1227,1,0.4272875487804413,0.9500000000000004,0,0,0.125
636,1217,204,1228,1,0.43998637795448303,0.9500000000000004,0,0,0.14285714285714285
636,1217,204,1236,1,0.48266157507896423,0.9500000000000004,0,0,0.2
636,1217,204,1237,1,0.5159226655960083,0.9500000000000004,0,0,0.25
636,1217,204,370,1,0.578238844871521,0.9500000000000004,0,0,0.3333333333333333
636,1217,204,83,1,0.5928345918655396,0.9500000000000004,0,0,0.1
638,204,204,1220,0,0.4058695137500763,0.9500000000000004,0,0,0.1
638,204,204,1221,0,0.4058695137500763,0.9500000000000004,0,0,0.1
638,204,204,1222,0,0.4058695137500763,0.9500000000000004,0,0,0.1
638,204,204,1223,0,0.4058695137500763,0.9500000000000004,0,0,0.1
638,204,204,1224,0,0.4066764712333679,0.9500000000000004,0,0,0.1111111111111111
638,204,204,1225,0,0.40985479950904846,0.9500000000000004,0,0,0.125
638,204,204,1226,0,0.40985479950904846,0.9500000000000004,0,0,0.125
638,204,204,1227,0,0.40985479950904846,0.9500000000000004,0,0,0.125
638,204,204,1228,0,0.42236328125,0.9500000000000004,0,0,0.14285714285714285
638,204,204,1236,0,0.4615729749202728,0.9500000000000004,0,0,0.2
638,204,204,1237,0,0.4925447106361389,0.9500000000000004,0,0,0.25
638,204,204,370,0,0.5544752478599548,0.9500000000000004,0,0,0.3333333333333333
638,204,204,83,0,0.5926477909088135,0.9500000000000004,0,0,0.1
639,313,313,106,0,0.9899176955223083,0.9500000000000004,1,1,1.0
639,313,313,1105,0,0.3797139525413513,0.9500000000000004,0,0,0.2
639,313,313,117,0,0.33144545555114746,0.9500000000000004,0,0,0.11764705882352941
639,313,313,118,0,0.29255133867263794,0.9500000000000004,0,0,0.1111111111111111
639,313,313,165,0,0.40933164954185486,0.9500000000000004,0,0,0.18518518518518517
639,313,313,204,0,0.4771948754787445,0.9500000000000004,0,0,0.1111111111111111
639,313,313,315,0,0.32550734281539917,0.9500000000000004,0,0,0.10526315789473684
639,313,313,431,0,0.8697102665901184,0.9500000000000004,0,0,1.0
639,313,106,1105,1,0.38821008801460266,0.9500000000000004,0,0,0.2
639,313,106,117,1,0.5072230100631714,0.9500000000000004,0,0,0.16666666666666666
639,313,106,118,1,0.3138147294521332,0.9500000000000004,0,0,0.10526315789473684
639,313,106,165,1,0.545170783996582,0.9500000000000004,0,0,0.30952380952380953
639,313,106,204,1,0.5460726618766785,0.9500000000000004,0,0,0.12195121951219512
639,313,106,315,1,0.36543115973472595,0.9500000000000004,0,0,0.14285714285714285
639,313,106,431,1,0.9304609298706055,0.9500000000000004,0,0,1.0
640,313,313,106,0,0.9847288727760315,0.9500000000000004,1,1,1.0
640,313,313,1105,0,0.19429650902748108,0.9500000000000004,0,0,0.16666666666666666
640,313,313,117,0,0.19452597200870514,0.9500000000000004,0,0,0.1111111111111111
640,313,313,118,0,0.16305680572986603,0.9500000000000004,0,0,0.10526315789473684
640,313,313,165,0,0.3051280975341797,0.9500000000000004,0,0,0.17857142857142858
640,313,313,204,0,0.389117956161499,0.9500000000000004,0,0,0.10714285714285714
640,313,313,315,0,0.18422831594944,0.9500000000000004,0,0,0.1
640,313,313,431,0,0.6174980401992798,0.9500000000000004,0,0,0.5
640,313,106,1105,1,0.19576077163219452,0.9500000000000004,0,0,0.16666666666666666
640,313,106,117,1,0.29160648584365845,0.9500000000000004,0,0,0.15789473684210525
640,313,106,118,1,0.15663476288318634,0.9500000000000004,0,0,0.1
640,313,106,165,1,0.4248887002468109,0.9500000000000004,0,0,0.3023255813953488
640,313,106,204,1,0.4448956847190857,0.9500000000000004,0,0,0.11904761904761904
640,313,106,315,1,0.20868250727653503,0.9500000000000004,0,0,0.13636363636363635
640,313,106,431,1,0.6523046493530273,0.9500000000000004,0,0,0.5
641,83,83,144,0,0.5923101902008057,0.9500000000000004,0,0,0.125
641,83,83,163,0,0.5179159045219421,0.9500000000000004,0,0,0.16666666666666666
641,83,83,178,0,0.6082891821861267,0.9500000000000004,0,0,0.125
641,83,83,204,0,0.8428915143013,0.9500000000000004,0,1,0.34782608695652173
641,83,83,330,0,0.6433652639389038,0.9500000000000004,0,0,0.17647058823529413
641,83,83,383,0,0.6124793887138367,0.9500000000000004,0,0,0.16666666666666666
641,83,83,82,0,0.883294403553009,0.9500000000000004,0,0,0.375
641,83,83,86,0,0.5179348587989807,0.9500000000000004,0,0,0.11764705882352941
641,83,83,89,0,0.8788738250732422,0.9500000000000004,0,0,0.4166666666666667
641,83,83,90,0,0.7939466238021851,0.9500000000000004,0,0,0.2916666666666667
642,313,313,106,0,0.9863753914833069,0.9500000000000004,1,1,1.0
642,313,313,1105,0,0.1560324877500534,0.9500000000000004,0,0,0.14285714285714285
642,313,313,117,0,0.15439821779727936,0.9500000000000004,0,0,0.10526315789473684
642,313,313,118,0,0.1278723031282425,0.9500000000000004,0,0,0.1
642,313,313,165,0,0.23640355467796326,0.9500000000000004,0,0,0.1724137931034483
642,313,313,204,0,0.33381521701812744,0.9500000000000004,0,0,0.10344827586206896
642,313,313,431,0,0.3802376091480255,0.9500000000000004,0,0,0.3333333333333333
642,313,106,1105,1,0.13656321167945862,0.9500000000000004,0,0,0.14285714285714285
642,313,106,117,1,0.16171984374523163,0.9500000000000004,0,0,0.15
642,313,106,165,1,0.30437958240509033,0.9500000000000004,0,0,0.29545454545454547
642,313,106,204,1,0.3626094162464142,0.9500000000000004,0,0,0.11627906976744186
642,313,106,315,1,0.1504746377468109,0.9500000000000004,0,0,0.13043478260869565
642,313,106,431,1,0.3139868974685669,0.9500000000000004,0,0,0.3333333333333333
644,25,25,11,0,0.9986238479614258,0.9500000000000004,1,1,1.0
644,25,25,1131,0,0.9100263118743896,0.9500000000000004,0,0,0.5
644,25,25,204,0,0.6759955883026123,0.9500000000000004,0,0,0.1111111111111111
644,25,25,3,0,0.6679888963699341,0.9500000000000004,0,0,0.2222222222222222
644,25,11,1131,1,0.9009811282157898,0.9500000000000004,0,0,0.5
644,25,11,13,1,0.295571506023407,0.9500000000000004,0,0,0.13043478260869565
644,25,11,14,1,0.4272376000881195,0.9500000000000004,0,0,0.17391304347826086
644,25,11,235,1,0.44278910756111145,0.9500000000000004,0,0,0.1
644,25,11,3,1,0.47591784596443176,0.9500000000000004,0,0,0.21739130434782608
647,1073,1073,1065,0,0.7832744717597961,0.9500000000000004,0,0,0.3333333333333333
647,1073,1073,1066,0,0.7832744717597961,0.9500000000000004,0,0,0.3333333333333333
647,1073,1073,1067,0,0.9470523595809937,0.9500000000000004,0,0,0.6666666666666666
647,1073,1073,1068,0,0.9426979422569275,0.9500000000000004,0,0,0.6666666666666666
647,1073,1073,1069,0,0.9820191860198975,0.9500000000000004,1,1,1.0
647,1073,1073,1070,0,0.8185669779777527,0.9500000000000004,0,0,0.3333333333333333
647,1073,1073,1071,0,0.7832744717597961,0.9500000000000004,0,0,0.3333333333333333
647,1073,1073,1072,0,0.7832744717597961,0.9500000000000004,0,0,0.3333333333333333
647,1073,1069,1065,1,0.7214107513427734,0.9500000000000004,0,0,0.2
647,1073,1069,1066,1,0.7214107513427734,0.9500000000000004,0,0,0.2
647,1073,1069,1067,1,0.9410208463668823,0.9500000000000004,0,0,0.6
647,1073,1069,1068,1,0.945794403553009,0.9500000000000004,0,0,0.6
647,1073,1069,1070,1,0.8665083050727844,0.9500000000000004,0,0,0.4
647,1073,1069,1071,1,0.7214107513427734,0.9500000000000004,0,0,0.2
647,1073,1069,1072,1,0.7214107513427734,0.9500000000000004,0,0,0.2
647,1073,1069,1078,1,0.7563351392745972,0.9500000000000004,0,0,0.25
647,1073,1069,1079,1,0.7563351392745972,0.9500000000000004,0,0,0.25
647,1073,1069,1111,1,0.8442617058753967,0.9500000000000004,0,0,0.5
647,1073,1069,3,1,0.7366889715194702,0.9500000000000004,0,0,0.2
647,1073,1069,882,1,0.729936420917511,0.9500000000000004,0,0,0.2
647,1073,1069,967,1,0.7220831513404846,0.9500000000000004,0,0,0.2
648,313,313,106,0,0.9967280626296997,0.9500000000000004,1,1,1.0
648,313,313,1105,0,0.16073563694953918,0.9500000000000004,0,0,0.125
648,313,313,117,0,0.16464756429195404,0.9500000000000004,0,0,0.1
648,313,313,165,0,0.2492872029542923,0.9500000000000004,0,1,0.16666666666666666
648,313,313,204,0,0.32465362548828125,0.9500000000000004,0,1,0.1
648,313,313,431,0,0.32537898421287537,0.9500000000000004,0,0,0.25
648,313,106,1105,1,0.1388651728630066,0.9500000000000004,0,0,0.125
648,313,106,117,1,0.17437241971492767,0.9500000000000004,0,0,0.14285714285714285
648,313,106,165,1,0.32584109902381897,0.9500000000000004,0,1,0.28888888888888886
648,313,106,204,1,0.35836076736450195,0.9500000000000004,0,1,0.11363636363636363
648,313,106,315,1,0.16172243654727936,0.9500000000000004,0,0,0.125
648,313,106,431,1,0.2743441164493561,0.9500000000000004,0,0,0.25
653,408,408,72,0,0.9156778454780579,0.9500000000000004,0,0,1.0
655,3,3,0,0,0.6290245056152344,0.9500000000000004,0,0,0.12
655,3,3,1069,0,0.561519205570221,0.9500000000000004,0,0,0.2
655,3,3,1078,0,0.49172428250312805,0.9500000000000004,0,0,0.2
655,3,3,1079,0,0.49172428250312805,0.9500000000000004,0,0,0.2
655,3,3,11,0,0.7646293640136719,0.9500000000000004,0,0,0.2
655,3,3,1105,0,0.5019051432609558,0.9500000000000004,0,0,0.2
655,3,3,1111,0,0.5880253314971924,0.9500000000000004,0,0,0.3333333333333333
655,3,3,1125,0,0.5309684872627258,0.9500000000000004,0,0,0.25
655,3,3,1126,0,0.5309684872627258,0.9500000000000004,0,0,0.25
655,3,3,1152,0,0.9408785700798035,0.9500000000000004,0,0,1.0
655,3,3,1153,0,0.703430712223053,0.9500000000000004,0,0,0.5
655,3,3,133,0,0.5089143514633179,0.9500000000000004,0,0,0.16666666666666666
655,3,3,167,0,0.6708598136901855,0.9500000000000004,0,0,0.3103448275862069
655,3,3,203,0,0.5726943612098694,0.9500000000000004,0,0,0.15
655,3,3,204,0,0.8586911559104919,0.9500000000000004,0,0,0.3
655,3,3,232,0,0.5255221128463745,0.9500000000000004,0,0,0.1111111111111111
655,3,3,242,0,0.5932510495185852,0.9500000000000004,0,0,0.13333333333333333
655,3,3,243,0,0.5321424603462219,0.9500000000000004,0,0,0.13333333333333333
655,3,3,244,0,0.5589626431465149,0.9500000000000004,0,0,0.13333333333333333
655,3,3,25,0,0.7597839832305908,0.9500000000000004,0,0,0.26666666666666666
655,3,3,882,0,0.49280908703804016,0.9500000000000004,0,0,0.2
655,3,3,967,0,0.48702746629714966,0.9500000000000004,0,0,0.2
657,3,3,0,0,0.5574480891227722,0.9500000000000004,0,0,0.11538461538461539
657,3,3,1069,0,0.5138909816741943,0.9500000000000004,0,0,0.16666666666666666
657,3,3,1078,0,0.4625930190086365,0.9500000000000004,0,0,0.16666666666666666
657,3,3,1079,0,0.4625930190086365,0.9500000000000004,0,0,0.16666666666666666
657,3,3,11,0,0.7110354900360107,0.9500000000000004,0,0,0.19230769230769232
657,3,3,1105,0,0.44857531785964966,0.9500000000000004,0,0,0.16666666666666666
657,3,3,1111,0,0.49603137373924255,0.9500000000000004,0,0,0.25
657,3,3,1125,0,0.45906928181648254,0.9500000000000004,0,0,0.2
657,3,3,1126,0,0.45906928181648254,0.9500000000000004,0,0,0.2
657,3,3,1152,0,0.8403396010398865,0.9500000000000004,0,0,0.6666666666666666
657,3,3,1153,0,0.552239179611206,0.9500000000000004,0,0,0.3333333333333333
657,3,3,133,0,0.4279681444168091,0.9500000000000004,0,0,0.14285714285714285
657,3,3,1350,0,0.8768691420555115,0.9500000000000004,0,0,1.0
657,3,3,167,0,0.6182321906089783,0.9500000000000004,0,0,0.3
657,3,3,203,0,0.48899969458580017,0.9500000000000004,0,0,0.14285714285714285
657,3,3,204,0,0.818360447883606,0.9500000000000004,0,0,0.2857142857142857
657,3,3,232,0,0.4316631853580475,0.9500000000000004,0,0,0.10526315789473684
657,3,3,242,0,0.5195494890213013,0.9500000000000004,0,0,0.125
657,3,3,243,0,0.42660486698150635,0.9500000000000004,0,0,0.125
657,3,3,244,0,0.4685404598712921,0.9500000000000004,0,0,0.125
657,3,3,25,0,0.7223694324493408,0.9500000000000004,0,0,0.25
657,3,3,882,0,0.46380698680877686,0.9500000000000004,0,0,0.16666666666666666
657,3,3,967,0,0.45614445209503174,0.9500000000000004,0,0,0.16666666666666666
660,400,400,147,0,0.5246827006340027,0.9500000000000004,0,0,0.2
660,400,400,204,0,0.9408763647079468,0.9500000000000004,0,1,0.6
660,400,400,346,0,0.8056964874267578,0.9500000000000004,0,0,0.4
660,400,400,361,0,0.6110148429870605,0.9500000000000004,0,0,0.2
660,400,400,368,0,0.537797212600708,0.9500000000000004,0,0,0.2
660,400,400,391,0,0.6070389747619629,0.9500000000000004,0,0,0.2
660,400,400,399,0,0.721327543258667,0.9500000000000004,0,0,0.5
661,11,11,1131,0,0.834777295589447,0.9500000000000004,0,0,0.3333333333333333
661,11,11,13,0,0.24412058293819427,0.9500000000000004,0,0,0.125
661,11,11,14,0,0.3610469400882721,0.9500000000000004,0,0,0.16666666666666666
661,11,11,25,0,0.9987008571624756,0.9500000000000004,1,1,0.95
661,11,11,3,0,0.6548655033111572,0.9500000000000004,0,0,0.20833333333333334
661,11,25,1131,1,0.8452607989311218,0.9500000000000004,0,0,0.3333333333333333
661,11,25,204,1,0.6935693025588989,0.9500000000000004,0,0,0.10526315789473684
661,11,25,3,1,0.7665791511535645,0.9500000000000004,0,0,0.21052631578947367
662,161,161,159,0,0.8972989916801453,0.9500000000000004,0,0,1.0
662,161,161,160,0,0.8958168625831604,0.9500000000000004,0,0,1.0
662,161,161,164,0,0.8927018642425537,0.9500000000000004,0,0,1.0
662,161,161,166,0,0.8982474207878113,0.9500000000000004,0,0,1.0
662,161,161,167,0,0.8981128334999084,0.9500000000000004,0,0,1.0
662,161,161,3,0,0.9306120872497559,0.9500000000000004,0,0,1.0
662,161,161,79,0,0.8955016136169434,0.9500000000000004,0,0,1.0
663,1030,1030,1025,0,0.6493313908576965,0.9500000000000004,0,0,0.3333333333333333
663,1030,1030,1028,0,0.970192015171051,0.9500000000000004,1,1,1.0
663,1030,1030,1029,0,0.9717394709587097,0.9500000000000004,1,0,1.0
663,1030,1030,1031,0,0.6362996697425842,0.9500000000000004,0,0,0.3333333333333333
663,1030,1030,1036,0,0.748886227607727,0.9500000000000004,0,0,0.5
663,1030,1030,1075,0,0.7401816844940186,0.9500000000000004,0,0,0.5
663,1030,1030,1076,0,0.742886483669281,0.9500000000000004,0,0,0.5
663,1030,1029,1026,1,0.6469826698303223,0.9500000000000004,0,0,0.2
663,1030,1029,1031,1,0.6441810727119446,0.9500000000000004,0,0,0.2
663,1030,1029,1036,1,0.6868334412574768,0.9500000000000004,0,0,0.25
663,1030,1029,1075,1,0.8651493191719055,0.9500000000000004,0,0,0.5
663,1030,1029,1076,1,0.684795618057251,0.9500000000000004,0,0,0.25
663,1030,1029,1092,1,0.7946776747703552,0.9500000000000004,0,0,0.5
663,1030,1028,1025,1,0.5971846580505371,0.9500000000000004,0,0,0.125
663,1030,1028,1026,1,0.5823851227760315,0.9500000000000004,0,0,0.125
663,1030,1028,1027,1,0.9726267457008362,0.9500000000000004,1,0,0.7142857142857143
663,1030,1028,1031,1,0.5772553086280823,0.9500000000000004,0,0,0.125
663,1030,1028,1033,1,0.5818072557449341,0.9500000000000004,0,0,0.14285714285714285
663,1030,1028,1034,1,0.6022623181343079,0.9500000000000004,0,0,0.16666666666666666
663,1030,1028,1036,1,0.8322629332542419,0.9500000000000004,0,0,0.4
663,1030,1028,1039,1,0.6026722192764282,0.9500000000000004,0,0,0.14285714285714285
663,1030,1028,1075,1,0.6584891676902771,0.9500000000000004,0,0,0.2
663,1030,1028,1076,1,0.6625613570213318,0.9500000000000004,0,0,0.2
663,1030,1028,1090,1,0.6938332915306091,0.9500000000000004,0,0,0.25
663,1030,1028,1091,1,0.7016741037368774,0.9500000000000004,0,0,0.25
663,1030,1028,1092,1,0.7324385643005371,0.9500000000000004,0,0,0.25
663,1030,1027,1025,2,0.7850697636604309,0.9500000000000004,0,0,0.2857142857142857
663,1030,1027,1026,2,0.6202857494354248,0.9500000000000004,0,0,0.14285714285714285
663,1030,1027,1033,2,0.6055142283439636,0.9500000000000004,0,0,0.14285714285714285
663,1030,1027,1034,2,0.6222068667411804,0.9500000000000004,0,0,0.16666666666666666
663,1030,1027,1036,2,0.8365292549133301,0.9500000000000004,0,0,0.4
663,1030,1027,1039,2,0.7834373116493225,0.9500000000000004,0,0,0.2857142857142857
663,1030,1027,1076,2,0.6620884537696838,0.9500000000000004,0,0,0.2
663,1030,1027,1077,2,0.6811468601226807,0.9500000000000004,0,0,0.25
663,1030,1027,1090,2,0.6502951979637146,0.9500000000000004,0,0,0.2
663,1030,1027,1091,2,0.8295655250549316,0.9500000000000004,0,0,0.4
663,1030,1027,1092,2,0.6839322447776794,0.9500000000000004,0,0,0.2
664,205,205,167,0,0.8981090784072876,0.9500000000000004,0,0,1.0
664,205,205,203,0,0.8937883973121643,0.9500000000000004,0,1,1.0
664,205,205,204,0,0.9307661652565002,0.9500000000000004,0,0,1.0
664,205,205,3,0,0.9296143054962158,0.9500000000000004,0,0,1.0
667,1350,1350,3,0,0.9553882479667664,0.9500000000000004,1,0,1.0
667,1350,3,0,1,0.5873314738273621,0.9500000000000004,0,0,0.1111111111111111
667,1350,3,1069,1,0.5126168131828308,0.9500000000000004,0,0,0.14285714285714285
667,1350,3,1078,1,0.4557529091835022,0.9500000000000004,0,0,0.14285714285714285
667,1350,3,1079,1,0.4557529091835022,0.9500000000000004,0,0,0.14285714285714285
667,1350,3,11,1,0.7440425753593445,0.9500000000000004,0,0,0.18518518518518517
667,1350,3,1105,1,0.4569299519062042,0.9500000000000004,0,0,0.14285714285714285
667,1350,3,1111,1,0.47644203901290894,0.9500000000000004,0,0,0.2
667,1350,3,1125,1,0.46005192399024963,0.9500000000000004,0,0,0.16666666666666666
667,1350,3,1126,1,0.46005192399024963,0.9500000000000004,0,0,0.16666666666666666
667,1350,3,1152,1,0.7926153540611267,0.9500000000000004,0,0,0.5
667,1350,3,1153,1,0.5097639560699463,0.9500000000000004,0,0,0.25
667,1350,3,1264,1,0.8895942568778992,0.9500000000000004,0,0,1.0
667,1350,3,1266,1,0.8895942568778992,0.9500000000000004,0,0,1.0
667,1350,3,1267,1,0.8895942568778992,0.9500000000000004,0,0,1.0
667,1350,3,1268,1,0.8895942568778992,0.9500000000000004,0,0,1.0
667,1350,3,1269,1,0.8895942568778992,0.9500000000000004,0,0,1.0
667,1350,3,1270,1,0.8895942568778992,0.9500000000000004,0,0,1.0
667,1350,3,133,1,0.45721396803855896,0.9500000000000004,0,0,0.125
667,1350,3,167,1,0.6384097933769226,0.9500000000000004,0,0,0.2903225806451613
667,1350,3,203,1,0.6458266377449036,0.9500000000000004,0,0,0.13636363636363635
667,1350,3,204,1,0.8346091508865356,0.9500000000000004,0,0,0.2727272727272727
667,1350,3,232,1,0.474826842546463,0.9500000000000004,0,0,0.1
667,1350,3,242,1,0.5508315563201904,0.9500000000000004,0,0,0.11764705882352941
667,1350,3,243,1,0.4695436656475067,0.9500000000000004,0,0,0.11764705882352941
667,1350,3,244,1,0.508993923664093,0.9500000000000004,0,0,0.11764705882352941
667,1350,3,25,1,0.750191867351532,0.9500000000000004,0,0,0.23529411764705882
667,1350,3,882,1,0.4579022526741028,0.9500000000000004,0,0,0.14285714285714285
667,1350,3,967,1,0.45039722323417664,0.9500000000000004,0,0,0.14285714285714285
668,1301,1301,1350,0,0.9034438729286194,0.9500000000000004,0,0,1.0
669,1415,1415,1301,0,0.9068495035171509,0.9500000000000004,0,0,1.0
673,25,25,11,0,0.9990074038505554,0.9500000000000004,1,1,1.0
673,25,25,1131,0,0.6980019807815552,0.9500000000000004,0,0,0.25
673,25,25,204,0,0.523609459400177,0.9500000000000004,0,0,0.1
673,25,25,3,0,0.6409095525741577,0.9500000000000004,0,0,0.2
673,25,11,1131,1,0.7172247767448425,0.9500000000000004,0,0,0.25
673,25,11,13,1,0.22415748238563538,0.9500000000000004,0,0,0.12
673,25,11,14,1,0.33178091049194336,0.9500000000000004,0,0,0.16
673,25,11,3,1,0.48721224069595337,0.9500000000000004,0,0,0.2
674,83,83,144,0,0.5677138566970825,0.9500000000000004,0,0,0.12
674,83,83,163,0,0.48767533898353577,0.9500000000000004,0,0,0.15384615384615385
674,83,83,178,0,0.5744826793670654,0.9500000000000004,0,0,0.12
674,83,83,204,0,0.9136000275611877,0.9500000000000004,0,1,0.375
674,83,83,330,0,0.5494405627250671,0.9500000000000004,0,0,0.16666666666666666
674,83,83,383,0,0.5602276921272278,0.9500000000000004,0,0,0.15384615384615385
674,83,83,82,0,0.8601428866386414,0.9500000000000004,0,0,0.36
674,83,83,86,0,0.5100205540657043,0.9500000000000004,0,0,0.1111111111111111
674,83,83,89,0,0.8564274907112122,0.9500000000000004,0,0,0.38461538461538464
674,83,83,90,0,0.738328754901886,0.9500000000000004,0,0,0.28
675,237,237,204,0,0.8772554397583008,0.9500000000000004,0,0,0.14285714285714285
675,237,237,236,0,0.9942514896392822,0.9500000000000004,1,1,1.0
675,237,237,28,0,0.727017879486084,0.9500000000000004,0,0,0.14285714285714285
675,237,236,204,1,0.8772554397583008,0.9500000000000004,0,0,0.14285714285714285
675,237,236,28,1,0.727017879486084,0.9500000000000004,0,0,0.14285714285714285
676,43,43,167,0,0.7129395604133606,0.9500000000000004,0,0,0.5
676,43,43,3,0,0.7953672409057617,0.9500000000000004,0,0,0.5
676,43,43,33,0,0.9316484928131104,0.9500000000000004,0,1,1.0
676,43,43,34,0,0.9346391558647156,0.9500000000000004,0,0,1.0
676,43,43,35,0,0.9362503290176392,0.9500000000000004,0,0,1.0
676,43,43,37,0,0.7261465787887573,0.9500000000000004,0,0,0.5
676,43,43,42,0,0.7097023725509644,0.9500000000000004,0,1,0.5
676,43,43,47,0,0.9316484928131104,0.9500000000000004,0,1,1.0
677,236,236,204,0,0.41735464334487915,0.9500000000000004,0,0,0.125
677,236,236,205,0,0.9505060911178589,0.9500000000000004,1,0,0.125
677,236,236,237,0,0.9983768463134766,0.9500000000000004,1,1,1.0
677,236,236,274,0,0.9699339866638184,0.9500000000000004,1,1,0.2
677,236,236,278,0,0.9699339866638184,0.9500000000000004,1,1,0.2
677,236,236,28,0,0.06808052957057953,0.9500000000000004,0,0,0.125
677,236,236,3,0,0.96849524974823,0.9500000000000004,1,0,0.125
677,236,3,0,1,0.5192615985870361,0.9500000000000004,0,0,0.10714285714285714
677,236,3,1069,1,0.46919363737106323,0.9500000000000004,0,0,0.125
677,236,3,1078,1,0.42112624645233154,0.9500000000000004,0,0,0.125
677,236,3,1079,1,0.42112624645233154,0.9500000000000004,0,0,0.125
677,236,3,11,1,0.7329074740409851,0.9500000000000004,0,0,0.17857142857142858
677,236,3,1105,1,0.40402671694755554,0.9500000000000004,0,0,0.125
677,236,3,1111,1,0.4091876149177551,0.9500000000000004,0,0,0.16666666666666666
677,236,3,1125,1,0.38680651783943176,0.9500000000000004,0,0,0.14285714285714285
677,236,3,1126,1,0.38680651783943176,0.9500000000000004,0,0,0.14285714285714285
677,236,3,1152,1,0.7643014788627625,0.9500000000000004,0,0,0.4
677,236,3,1153,1,0.4275593161582947,0.9500000000000004,0,0,0.2
677,236,3,1264,1,0.6781300902366638,0.9500000000000004,0,0,0.5
677,236,3,1266,1,0.6781300902366638,0.9500000000000004,0,0,0.5
677,236,3,1267,1,0.6781300902366638,0.9500000000000004,0,0,0.5
677,236,3,1268,1,0.6781300902366638,0.9500000000000004,0,0,0.5
677,236,3,1269,1,0.6781300902366638,0.9500000000000004,0,0,0.5
677,236,3,1270,1,0.6781300902366638,0.9500000000000004,0,0,0.5
677,236,3,133,1,0.37817779183387756,0.9500000000000004,0,0,0.1111111111111111
677,236,3,1350,1,0.5694502592086792,0.9500000000000004,0,0,0.3333333333333333
677,236,3,167,1,0.6217566728591919,0.9500000000000004,0,0,0.28125
677,236,3,203,1,0.5544989705085754,0.9500000000000004,0,0,0.13043478260869565
677,236,3,204,1,0.8306141495704651,0.9500000000000004,0,0,0.2608695652173913
677,236,3,242,1,0.47626015543937683,0.9500000000000004,0,0,0.1111111111111111
677,236,3,243,1,0.38995322585105896,0.9500000000000004,0,0,0.1111111111111111
677,236,3,244,1,0.42846861481666565,0.9500000000000004,0,0,0.1111111111111111
677,236,3,25,1,0.725330114364624,0.9500000000000004,0,0,0.2222222222222222
677,236,3,882,1,0.426917165517807,0.9500000000000004,0,0,0.125
677,236,3,967,1,0.41609370708465576,0.9500000000000004,0,0,0.125
677,236,237,204,1,0.41735464334487915,0.9500000000000004,0,0,0.125
677,236,237,28,1,0.06808052957057953,0.9500000000000004,0,0,0.125
677,236,205,167,1,0.2856537401676178,0.9500000000000004,0,0,0.3333333333333333
677,236,205,203,1,0.9694039225578308,0.9500000000000004,1,0,0.6666666666666666
677,236,205,204,1,0.5134508013725281,0.9500000000000004,0,0,0.3333333333333333
677,236,203,167,2,0.5561052560806274,0.9500000000000004,0,0,0.25
677,236,203,204,2,0.8966333270072937,0.9500000000000004,0,0,0.5
677,236,203,232,2,0.6008018851280212,0.9500000000000004,0,0,0.3333333333333333
679,204,204,1237,0,0.3807137608528137,0.9500000000000004,0,0,0.1
679,204,204,1248,0,0.3943201005458832,0.9500000000000004,0,0,0.16666666666666666
679,204,204,1249,0,0.3943201005458832,0.9500000000000004,0,0,0.16666666666666666
679,204,204,370,0,0.382072776556015,0.9500000000000004,0,0,0.1111111111111111
679,204,204,83,0,0.8258249163627625,0.9500000000000004,0,0,0.11627906976744186
685,1237,1237,204,0,0.9541110992431641,0.9500000000000004,1,0,1.0
685,1237,1237,58,0,0.938994288444519,0.9500000000000004,0,0,1.0
685,1237,204,1248,1,0.39433422684669495,0.9500000000000004,0,0,0.14285714285714285
685,1237,204,1249,1,0.39433422684669495,0.9500000000000004,0,0,0.14285714285714285
685,1237,204,370,1,0.38847672939300537,0.9500000000000004,0,0,0.1
685,1237,204,83,1,0.8177447319030762,0.9500000000000004,0,0,0.11494252873563218
686,1267,1267,1264,0,0.9280499219894409,0.9500000000000004,0,0,1.0
686,1267,1267,1266,0,0.9280499219894409,0.9500000000000004,0,0,1.0
686,1267,1267,1268,0,0.9280499219894409,0.9500000000000004,0,1,1.0
686,1267,1267,1269,0,0.9280499219894409,0.9500000000000004,0,0,1.0
686,1267,1267,1270,0,0.9280499219894409,0.9500000000000004,0,0,1.0
686,1267,1267,3,0,0.9544743895530701,0.9500000000000004,1,0,1.0
686,1267,3,0,1,0.5968672633171082,0.9500000000000004,0,0,0.10714285714285714
686,1267,3,1069,1,0.5054697394371033,0.9500000000000004,0,0,0.125
686,1267,3,1078,1,0.4628413915634155,0.9500000000000004,0,0,0.125
686,1267,3,1079,1,0.4628413915634155,0.9500000000000004,0,0,0.125
686,1267,3,11,1,0.7131138443946838,0.9500000000000004,0,0,0.17857142857142858
686,1267,3,1105,1,0.4590831995010376,0.9500000000000004,0,0,0.125
686,1267,3,1111,1,0.4679666757583618,0.9500000000000004,0,0,0.16666666666666666
686,1267,3,1125,1,0.45891278982162476,0.9500000000000004,0,0,0.14285714285714285
686,1267,3,1126,1,0.45891278982162476,0.9500000000000004,0,0,0.14285714285714285
686,1267,3,1152,1,0.7432571053504944,0.9500000000000004,0,0,0.4
686,1267,3,1153,1,0.48559051752090454,0.9500000000000004,0,0,0.2
686,1267,3,1264,1,0.6559374928474426,0.9500000000000004,0,0,0.5
686,1267,3,1266,1,0.6559374928474426,0.9500000000000004,0,0,0.5
686,1267,3,1268,1,0.6559374928474426,0.9500000000000004,0,1,0.5
686,1267,3,1269,1,0.6559374928474426,0.9500000000000004,0,0,0.5
686,1267,3,1270,1,0.6559374928474426,0.9500000000000004,0,0,0.5
686,1267,3,133,1,0.44503164291381836,0.9500000000000004,0,0,0.1111111111111111
686,1267,3,1350,1,0.5085099339485168,0.9500000000000004,0,0,0.3333333333333333
686,1267,3,167,1,0.6475701928138733,0.9500000000000004,0,0,0.28125
686,1267,3,203,1,0.6474891304969788,0.9500000000000004,0,0,0.13043478260869565
686,1267,3,204,1,0.8141196370124817,0.9500000000000004,0,0,0.2608695652173913
686,1267,3,242,1,0.5540606379508972,0.9500000000000004,0,0,0.1111111111111111
686,1267,3,243,1,0.4720774292945862,0.9500000000000004,0,0,0.1111111111111111
686,1267,3,244,1,0.5133349299430847,0.9500000000000004,0,0,0.1111111111111111
686,1267,3,25,1,0.7209920883178711,0.9500000000000004,0,0,0.2222222222222222
686,1267,3,882,1,0.4645596742630005,0.9500000000000004,0,0,0.125
686,1267,3,967,1,0.45714086294174194,0.9500000000000004,0,0,0.125
687,329,329,106,0,0.8212537169456482,0.9500000000000004,0,0,0.3333333333333333
687,329,329,144,0,0.8368659615516663,0.9500000000000004,0,0,0.3333333333333333
687,329,329,148,0,0.8299187421798706,0.9500000000000004,0,0,0.3333333333333333
687,329,329,151,0,0.7079622745513916,0.9500000000000004,0,0,0.3333333333333333
687,329,329,159,0,0.7354066967964172,0.9500000000000004,0,0,0.3333333333333333
687,329,329,279,0,0.7079622745513916,0.9500000000000004,0,0,0.3333333333333333
687,329,329,288,0,0.8077459931373596,0.9500000000000004,0,0,0.3333333333333333
687,329,329,296,0,0.7291188836097717,0.9500000000000004,0,0,0.3333333333333333
687,329,329,330,0,0.8041635751724243,0.9500000000000004,0,0,0.5
687,329,329,331,0,0.941435694694519,0.9500000000000004,0,0,0.6666666666666666
687,329,329,340,0,0.8759486675262451,0.9500000000000004,0,0,1.0
687,329,329,341,0,0.8879556059837341,0.9500000000000004,0,0,1.0
687,329,329,420,0,0.8879556059837341,0.9500000000000004,0,1,1.0
687,329,329,421,0,0.8759486675262451,0.9500000000000004,0,0,1.0
688,1350,1350,1301,0,0.9314875602722168,0.9500000000000004,0,0,1.0
688,1350,1350,3,0,0.9037780165672302,0.9500000000000004,0,0,0.5
689,25,25,11,0,0.9991495609283447,0.9500000000000004,1,1,1.0
689,25,25,1131,0,0.45475584268569946,0.9500000000000004,0,0,0.16666666666666666
689,25,25,204,0,0.9008839726448059,0.9500000000000004,0,1,0.13636363636363635
689,25,25,3,0,0.5212347507476807,0.9500000000000004,0,0,0.18181818181818182
689,25,11,1131,1,0.4388471841812134,0.9500000000000004,0,0,0.16666666666666666
689,25,11,13,1,0.23085185885429382,0.9500000000000004,0,0,0.1111111111111111
689,25,11,14,1,0.3369651734828949,0.9500000000000004,0,0,0.14814814814814814
689,25,11,204,1,0.8913135528564453,0.9500000000000004,0,1,0.11538461538461539
689,25,11,3,1,0.5215919017791748,0.9500000000000004,0,0,0.18518518518518517
691,396,396,248,0,0.7954542636871338,0.9500000000000004,0,0,0.5
691,396,396,249,0,0.773163378238678,0.9500000000000004,0,0,0.3333333333333333
691,396,396,269,0,0.8301189541816711,0.9500000000000004,0,0,0.3333333333333333
691,396,396,293,0,0.7788386344909668,0.9500000000000004,0,0,0.3333333333333333
691,396,396,333,0,0.7922855019569397,0.9500000000000004,0,0,0.3333333333333333
691,396,396,335,0,0.7735399603843689,0.9500000000000004,0,0,0.3333333333333333
691,396,396,395,0,0.7523055076599121,0.9500000000000004,0,0,0.3333333333333333
691,396,396,404,0,0.8490670323371887,0.9500000000000004,0,0,0.5
692,396,396,1642,0,0.909896731376648,0.9500000000000004,0,0,1.0
692,396,396,248,0,0.7258122563362122,0.9500000000000004,0,0,0.3333333333333333
692,396,396,249,0,0.7229278087615967,0.9500000000000004,0,0,0.25
692,396,396,269,0,0.7866736650466919,0.9500000000000004,0,0,0.25
692,396,396,293,0,0.7297378182411194,0.9500000000000004,0,0,0.25
692,396,396,333,0,0.7361821532249451,0.9500000000000004,0,0,0.25
692,396,396,335,0,0.7179686427116394,0.9500000000000004,0,0,0.25
692,396,396,395,0,0.6848175525665283,0.9500000000000004,0,1,0.25
692,396,396,404,0,0.7664819359779358,0.9500000000000004,0,0,0.3333333333333333
693,835,835,831,0,0.9239897131919861,0.9500000000000004,0,0,0.75
693,835,835,832,0,0.8527475595474243,0.9500000000000004,0,0,0.5
693,835,835,833,0,0.8527475595474243,0.9500000000000004,0,0,0.5
693,835,835,834,0,0.9779520630836487,0.9500000000000004,1,0,1.0
693,835,835,836,0,0.9600294828414917,0.9500000000000004,1,0,0.75
693,835,835,843,0,0.8686155080795288,0.9500000000000004,0,1,0.5
693,835,835,992,0,0.8527475595474243,0.9500000000000004,0,0,0.5
693,835,836,831,1,0.8773536086082458,0.9500000000000004,0,0,0.6666666666666666
693,835,836,832,1,0.8754733800888062,0.9500000000000004,0,0,0.6666666666666666
693,835,836,833,1,0.8754733800888062,0.9500000000000004,0,0,0.6666666666666666
693,835,836,843,1,0.885960042476654,0.9500000000000004,0,1,0.6666666666666666
693,835,836,992,1,0.8754733800888062,0.9500000000000004,0,0,0.6666666666666666
693,835,834,831,1,0.9239897131919861,0.9500000000000004,0,0,0.75
693,835,834,832,1,0.8527475595474243,0.9500000000000004,0,0,0.5
693,835,834,833,1,0.8527475595474243,0.9500000000000004,0,0,0.5
693,835,834,843,1,0.8686155080795288,0.9500000000000004,0,1,0.5
693,835,834,992,1,0.8527475595474243,0.9500000000000004,0,0,0.5
694,244,244,110,0,0.6872764229774475,0.9500000000000004,0,0,0.25
694,244,244,115,0,0.5672219395637512,0.9500000000000004,0,0,0.25
694,244,244,132,0,0.5672219395637512,0.9500000000000004,0,0,0.25
694,244,244,134,0,0.7365846633911133,0.9500000000000004,0,0,0.25
694,244,244,139,0,0.6794945597648621,0.9500000000000004,0,0,0.25
694,244,244,233,0,0.8203858733177185,0.9500000000000004,0,0,1.0
694,244,244,242,0,0.8667702674865723,0.9500000000000004,0,0,0.5
694,244,244,243,0,0.745505690574646,0.9500000000000004,0,0,0.5
694,244,244,282,0,0.7973740696907043,0.9500000000000004,0,0,1.0
694,244,244,3,0,0.9279246926307678,0.9500000000000004,0,0,0.5
694,244,244,318,0,0.8446579575538635,0.9500000000000004,0,0,1.0
694,244,244,73,0,0.6680268049240112,0.9500000000000004,0,0,0.25
694,244,244,74,0,0.6963241100311279,0.9500000000000004,0,0,0.25
695,83,83,144,0,0.5327019691467285,0.9500000000000004,0,0,0.11538461538461539
695,83,83,163,0,0.45877203345298767,0.9500000000000004,0,0,0.14285714285714285
695,83,83,178,0,0.5420578122138977,0.9500000000000004,0,0,0.11538461538461539
695,83,83,204,0,0.900657057762146,0.9500000000000004,0,1,0.4
695,83,83,330,0,0.5092623829841614,0.9500000000000004,0,0,0.15789473684210525
695,83,83,383,0,0.5411450266838074,0.9500000000000004,0,0,0.14285714285714285
695,83,83,82,0,0.8506322503089905,0.9500000000000004,0,0,0.34615384615384615
695,83,83,86,0,0.5186102986335754,0.9500000000000004,0,0,0.10526315789473684
695,83,83,89,0,0.7386829853057861,0.9500000000000004,0,0,0.35714285714285715
695,83,83,90,0,0.6748048067092896,0.9500000000000004,0,0,0.2692307692307692
697,1038,1038,884,0,0.9130158424377441,0.9500000000000004,0,0,1.0
697,1038,1038,885,0,0.9081306457519531,0.9500000000000004,0,0,1.0
697,1038,1038,937,0,0.9130158424377441,0.9500000000000004,0,0,1.0
697,1038,1038,977,0,0.9130158424377441,0.9500000000000004,0,0,1.0
699,313,313,106,0,0.984600841999054,0.9500000000000004,1,1,1.0
699,313,313,1105,0,0.21334101259708405,0.9500000000000004,0,0,0.1111111111111111
699,313,313,165,0,0.5151983499526978,0.9500000000000004,0,0,0.1935483870967742
699,313,313,204,0,0.49626654386520386,0.9500000000000004,0,0,0.12903225806451613
699,313,313,431,0,0.27347102761268616,0.9500000000000004,0,0,0.2
699,313,106,1105,1,0.1829514056444168,0.9500000000000004,0,0,0.1111111111111111
699,313,106,117,1,0.2231588214635849,0.9500000000000004,0,0,0.13636363636363635
699,313,106,165,1,0.516238272190094,0.9500000000000004,0,0,0.30434782608695654
699,313,106,204,1,0.5152410268783569,0.9500000000000004,0,0,0.13333333333333333
699,313,106,315,1,0.21341148018836975,0.9500000000000004,0,0,0.12
699,313,106,431,1,0.16216517984867096,0.9500000000000004,0,0,0.2
705,393,393,392,0,0.995013415813446,0.9500000000000004,1,1,1.0
706,357,357,111,0,0.9240979552268982,0.9500000000000004,0,0,1.0
706,357,357,127,0,0.9181452393531799,0.9500000000000004,0,0,1.0
706,357,357,131,0,0.9165880084037781,0.9500000000000004,0,0,1.0
706,357,357,137,0,0.9149535298347473,0.9500000000000004,0,0,1.0
706,357,357,204,0,0.9373403191566467,0.9500000000000004,0,0,1.0
706,357,357,246,0,0.9168505072593689,0.9500000000000004,0,0,1.0
707,1027,1027,1025,0,0.7761990427970886,0.9500000000000004,0,0,0.2857142857142857
707,1027,1027,1026,0,0.6159272193908691,0.9500000000000004,0,0,0.14285714285714285
707,1027,1027,1028,0,0.9879608750343323,0.9500000000000004,1,1,0.7142857142857143
707,1027,1027,1033,0,0.598838210105896,0.9500000000000004,0,0,0.14285714285714285
707,1027,1027,1034,0,0.6147499084472656,0.9500000000000004,0,0,0.16666666666666666
707,1027,1027,1036,0,0.8262253403663635,0.9500000000000004,0,0,0.4
707,1027,1027,1039,0,0.7752792835235596,0.9500000000000004,0,0,0.2857142857142857
707,1027,1027,1076,0,0.6554285883903503,0.9500000000000004,0,0,0.2
707,1027,1027,1077,0,0.6741622686386108,0.9500000000000004,0,0,0.25
707,1027,1027,1090,0,0.6429727673530579,0.9500000000000004,0,0,0.2
707,1027,1027,1091,0,0.8208783864974976,0.9500000000000004,0,0,0.4
707,1027,1027,1092,0,0.6819630861282349,0.9500000000000004,0,0,0.2
707,1027,1028,1025,1,0.573516845703125,0.9500000000000004,0,0,0.1111111111111111
707,1027,1028,1026,1,0.5582238435745239,0.9500000000000004,0,0,0.1111111111111111
707,1027,1028,1029,1,0.8896453976631165,0.9500000000000004,0,0,0.3333333333333333
707,1027,1028,1030,1,0.8833338022232056,0.9500000000000004,0,1,0.3333333333333333
707,1027,1028,1031,1,0.5549273490905762,0.9500000000000004,0,0,0.1111111111111111
707,1027,1028,1033,1,0.5568645596504211,0.9500000000000004,0,0,0.125
707,1027,1028,1034,1,0.57306307554245,0.9500000000000004,0,0,0.14285714285714285
707,1027,1028,1036,1,0.7941523790359497,0.9500000000000004,0,0,0.3333333333333333
707,1027,1028,1039,1,0.5749537348747253,0.9500000000000004,0,0,0.125
707,1027,1028,1075,1,0.6190677881240845,0.9500000000000004,0,0,0.16666666666666666
707,1027,1028,1076,1,0.6223873496055603,0.9500000000000004,0,0,0.16666666666666666
707,1027,1028,1090,1,0.6431220173835754,0.9500000000000004,0,0,0.2
707,1027,1028,1091,1,0.652052640914917,0.9500000000000004,0,0,0.2
707,1027,1028,1092,1,0.6926088333129883,0.9500000000000004,0,0,0.2
708,1360,1360,1312,0,0.9241639971733093,0.9500000000000004,0,0,1.0
708,1360,1360,1336,0,0.9241639971733093,0.9500000000000004,0,0,1.0
708,1360,1360,1350,0,0.9361161589622498,0.9500000000000004,0,0,1.0
708,1360,1360,1355,0,0.9241639971733093,0.9500000000000004,0,0,1.0
708,1360,1360,1356,0,0.9241639971733093,0.9500000000000004,0,0,1.0
708,1360,1360,1420,0,0.9241639971733093,0.9500000000000004,0,0,1.0
708,1360,1360,1428,0,0.9241639971733093,0.9500000000000004,0,0,1.0
708,1360,1360,1430,0,0.9241639971733093,0.9500000000000004,0,0,1.0
709,1356,1356,1312,0,0.9235267639160156,0.9500000000000004,0,0,1.0
709,1356,1356,1336,0,0.9235267639160156,0.9500000000000004,0,0,1.0
709,1356,1356,1350,0,0.9356058835983276,0.9500000000000004,0,1,1.0
709,1356,1356,1355,0,0.9235267639160156,0.9500000000000004,0,0,1.0
709,1356,1356,1360,0,0.9333596229553223,0.9500000000000004,0,0,1.0
709,1356,1356,1420,0,0.9235267639160156,0.9500000000000004,0,0,1.0
709,1356,1356,1428,0,0.9235267639160156,0.9500000000000004,0,0,1.0
709,1356,1356,1430,0,0.9235267639160156,0.9500000000000004,0,0,1.0
710,489,489,111,0,0.9296152591705322,0.9500000000000004,0,0,1.0
710,489,489,338,0,0.9106876254081726,0.9500000000000004,0,0,1.0
710,489,489,402,0,0.9185110330581665,0.9500000000000004,0,0,1.0
710,489,489,488,0,0.914068341255188,0.9500000000000004,0,0,1.0
710,489,489,490,0,0.9006892442703247,0.9500000000000004,0,0,1.0
710,489,489,491,0,0.9006892442703247,0.9500000000000004,0,0,1.0
710,489,489,492,0,0.9006892442703247,0.9500000000000004,0,0,1.0
710,489,489,493,0,0.9164184927940369,0.9500000000000004,0,0,1.0
711,332,332,204,0,0.7896728515625,0.9500000000000004,0,1,0.3
711,332,332,288,0,0.6074923276901245,0.9500000000000004,0,0,0.1
711,332,332,297,0,0.7060748338699341,0.9500000000000004,0,0,0.3333333333333333
711,332,332,333,0,0.8920063376426697,0.9500000000000004,0,0,0.5
711,332,332,337,0,0.5503693222999573,0.9500000000000004,0,0,0.125
711,332,332,382,0,0.6608891487121582,0.9500000000000004,0,0,0.16666666666666666
711,332,332,403,0,0.6937245726585388,0.9500000000000004,0,0,0.3333333333333333
711,332,332,82,0,0.9666434526443481,0.9500000000000004,1,0,0.7
711,332,332,86,0,0.6083380579948425,0.9500000000000004,0,0,0.1111111111111111
711,332,332,90,0,0.963290810585022,0.9500000000000004,1,0,0.7
711,332,332,91,0,0.556326687335968,0.9500000000000004,0,0,0.1
711,332,332,94,0,0.9856847524642944,0.9500000000000004,1,0,0.8
711,332,332,99,0,0.5883363485336304,0.9500000000000004,0,0,0.1
711,332,94,204,1,0.7286491990089417,0.9500000000000004,0,1,0.29411764705882354
711,332,94,288,1,0.46851837635040283,0.9500000000000004,0,0,0.14285714285714285
711,332,94,333,1,0.3619236946105957,0.9500000000000004,0,0,0.125
711,332,94,337,1,0.3458552360534668,0.9500000000000004,0,0,0.1
711,332,94,382,1,0.6274836659431458,0.9500000000000004,0,0,0.25
711,332,94,91,1,0.4180324971675873,0.9500000000000004,0,0,0.11764705882352941
711,332,90,144,1,0.5688662528991699,0.9500000000000004,0,0,0.19230769230769232
711,332,90,204,1,0.667017936706543,0.9500000000000004,0,1,0.2
711,332,90,374,1,0.6496672630310059,0.9500000000000004,0,0,0.2222222222222222
711,332,90,427,1,0.5504412651062012,0.9500000000000004,0,0,0.125
711,332,90,83,1,0.7014301419258118,0.9500000000000004,0,0,0.2692307692307692
711,332,90,86,1,0.6054562926292419,0.9500000000000004,0,0,0.125
711,332,90,89,1,0.6588296890258789,0.9500000000000004,0,0,0.18181818181818182
711,332,90,99,1,0.4219590425491333,0.9500000000000004,0,0,0.1
711,332,82,144,1,0.6177037358283997,0.9500000000000004,0,0,0.12903225806451613
711,332,82,178,1,0.58788001537323,0.9500000000000004,0,0,0.12903225806451613
711,332,82,204,1,0.8110587000846863,0.9500000000000004,0,1,0.2
711,332,82,288,1,0.5736099481582642,0.9500000000000004,0,0,0.11538461538461539
711,332,82,83,1,0.829109787940979,0.9500000000000004,0,0,0.2903225806451613
711,332,82,86,1,0.7906156182289124,0.9500000000000004,0,0,0.2222222222222222
713,1541,1541,1360,0,0.9253557324409485,0.9500000000000004,0,0,1.0
713,1541,1541,1361,0,0.9173884987831116,0.9500000000000004,0,0,1.0
713,1541,1541,1366,0,0.9173884987831116,0.9500000000000004,0,0,1.0
715,204,204,355,0,0.652474045753479,0.9500000000000004,0,0,0.5
715,204,204,83,0,0.7142608761787415,0.9500000000000004,0,1,0.11827956989247312
716,346,346,121,0,0.4309599697589874,0.9500000000000004,0,0,0.125
716,346,346,122,0,0.42994460463523865,0.9500000000000004,0,0,0.125
716,346,346,124,0,0.42775774002075195,0.9500000000000004,0,0,0.125
716,346,346,139,0,0.44426488876342773,0.9500000000000004,0,0,0.125
716,346,346,204,0,0.8058608770370483,0.9500000000000004,0,1,0.375
716,346,346,269,0,0.435678631067276,0.9500000000000004,0,0,0.125
716,346,346,344,0,0.4356801509857178,0.9500000000000004,0,0,0.125
716,346,346,347,0,0.47192078828811646,0.9500000000000004,0,0,0.125
716,346,346,361,0,0.6944908499717712,0.9500000000000004,0,0,0.2857142857142857
716,346,346,362,0,0.6560599207878113,0.9500000000000004,0,0,0.2857142857142857
716,346,346,363,0,0.6560599207878113,0.9500000000000004,0,0,0.2857142857142857
716,346,346,364,0,0.48243552446365356,0.9500000000000004,0,0,0.14285714285714285
716,346,346,367,0,0.48304179310798645,0.9500000000000004,0,0,0.14285714285714285
716,346,346,368,0,0.6320344805717468,0.9500000000000004,0,0,0.2857142857142857
716,346,346,369,0,0.6560599207878113,0.9500000000000004,0,0,0.2857142857142857
716,346,346,370,0,0.8465678095817566,0.9500000000000004,0,0,1.0
716,346,346,391,0,0.929731011390686,0.9500000000000004,0,1,0.5714285714285714
716,346,346,400,0,0.7962101101875305,0.9500000000000004,0,1,0.4
716,346,346,401,0,0.5984504222869873,0.9500000000000004,0,0,0.3333333333333333
717,204,204,1655,0,0.6915529370307922,0.9500000000000004,0,0,0.5
717,204,204,355,0,0.4135117530822754,0.9500000000000004,0,0,0.25
717,204,204,83,0,0.7997368574142456,0.9500000000000004,0,0,0.12631578947368421
718,429,429,124,0,0.7810512185096741,0.9500000000000004,0,0,0.3333333333333333
718,429,429,127,0,0.7455269694328308,0.9500000000000004,0,0,0.3333333333333333
718,429,429,137,0,0.7379435896873474,0.9500000000000004,0,0,0.3333333333333333
718,429,429,246,0,0.9293131828308105,0.9500000000000004,0,0,0.6666666666666666
718,429,429,430,0,0.7761997580528259,0.9500000000000004,0,0,0.5
718,429,429,89,0,0.7600038051605225,0.9500000000000004,0,0,0.3333333333333333
719,204,204,1655,0,0.47442659735679626,0.9500000000000004,0,0,0.25
719,204,204,355,0,0.3933175802230835,0.9500000000000004,0,0,0.16666666666666666
719,204,204,83,0,0.8040016889572144,0.9500000000000004,0,0,0.12371134020618557
722,3,3,0,0,0.5685505270957947,0.9500000000000004,0,0,0.10714285714285714
722,3,3,1069,0,0.4708520472049713,0.9500000000000004,0,0,0.125
722,3,3,1078,0,0.44277846813201904,0.9500000000000004,0,0,0.125
722,3,3,1079,0,0.44277846813201904,0.9500000000000004,0,0,0.125
722,3,3,11,0,0.691724419593811,0.9500000000000004,0,0,0.17857142857142858
722,3,3,1105,0,0.44679689407348633,0.9500000000000004,0,0,0.125
722,3,3,1111,0,0.4569009244441986,0.9500000000000004,0,0,0.16666666666666666
722,3,3,1125,0,0.443574458360672,0.9500000000000004,0,0,0.14285714285714285
722,3,3,1126,0,0.443574458360672,0.9500000000000004,0,0,0.14285714285714285
722,3,3,1152,0,0.7373641133308411,0.9500000000000004,0,0,0.4
722,3,3,1153,0,0.47688594460487366,0.9500000000000004,0,0,0.2
722,3,3,1264,0,0.6576678156852722,0.9500000000000004,0,0,0.5
722,3,3,1266,0,0.6576678156852722,0.9500000000000004,0,0,0.5
722,3,3,1267,0,0.6822261214256287,0.9500000000000004,0,0,0.5
722,3,3,1268,0,0.6822261214256287,0.9500000000000004,0,0,0.5
722,3,3,1269,0,0.6576678156852722,0.9500000000000004,0,0,0.5
722,3,3,1270,0,0.6576678156852722,0.9500000000000004,0,0,0.5
722,3,3,133,0,0.45085805654525757,0.9500000000000004,0,0,0.1111111111111111
722,3,3,1350,0,0.5697634816169739,0.9500000000000004,0,0,0.3333333333333333
722,3,3,167,0,0.6400932669639587,0.9500000000000004,0,0,0.28125
722,3,3,203,0,0.630929172039032,0.9500000000000004,0,0,0.13043478260869565
722,3,3,204,0,0.8316910266876221,0.9500000000000004,0,0,0.2608695652173913
722,3,3,242,0,0.5319007635116577,0.9500000000000004,0,0,0.1111111111111111
722,3,3,243,0,0.47771909832954407,0.9500000000000004,0,0,0.1111111111111111
722,3,3,244,0,0.622823178768158,0.9500000000000004,0,0,0.1111111111111111
722,3,3,25,0,0.7031388282775879,0.9500000000000004,0,0,0.2222222222222222
722,3,3,882,0,0.44541558623313904,0.9500000000000004,0,0,0.125
722,3,3,967,0,0.4386122226715088,0.9500000000000004,0,0,0.125
724,1360,1360,1312,0,0.8070184588432312,0.9500000000000004,0,0,0.5
724,1360,1360,1336,0,0.8070184588432312,0.9500000000000004,0,0,0.5
724,1360,1360,1350,0,0.8481121063232422,0.9500000000000004,0,0,0.5
724,1360,1360,1355,0,0.8070184588432312,0.9500000000000004,0,0,0.5
724,1360,1360,1356,0,0.8307747840881348,0.9500000000000004,0,0,0.5
724,1360,1360,1361,0,0.9206194281578064,0.9500000000000004,0,1,1.0
724,1360,1360,1366,0,0.9206194281578064,0.9500000000000004,0,1,1.0
724,1360,1360,1420,0,0.8070184588432312,0.9500000000000004,0,0,0.5
724,1360,1360,1428,0,0.8070184588432312,0.9500000000000004,0,0,0.5
724,1360,1360,1430,0,0.8070184588432312,0.9500000000000004,0,0,0.5
724,1360,1360,1541,0,0.9283382296562195,0.9500000000000004,0,0,1.0
726,204,204,1655,0,0.3488557040691376,0.9500000000000004,0,0,0.2
726,204,204,355,0,0.3212968409061432,0.9500000000000004,0,0,0.14285714285714285
726,204,204,83,0,0.737247884273529,0.9500000000000004,0,0,0.12244897959183673
727,169,169,168,0,0.8833692669868469,0.9500000000000004,0,0,1.0
729,1373,1373,1309,0,0.9174150824546814,0.9500000000000004,0,0,1.0
729,1373,1373,1658,0,0.9174150824546814,0.9500000000000004,0,0,1.0
729,1373,1373,1659,0,0.9174150824546814,0.9500000000000004,0,0,1.0
729,1373,1373,1660,0,0.9174150824546814,0.9500000000000004,0,1,1.0
729,1373,1373,1661,0,0.9174150824546814,0.9500000000000004,0,0,1.0
729,1373,1373,1662,0,0.9174150824546814,0.9500000000000004,0,0,1.0
729,1373,1373,3,0,0.9517827033996582,0.9500000000000004,1,0,1.0
729,1373,3,0,1,0.5427874326705933,0.9500000000000004,0,0,0.10344827586206896
729,1373,3,1069,1,0.44434329867362976,0.9500000000000004,0,0,0.1111111111111111
729,1373,3,1078,1,0.4162296652793884,0.9500000000000004,0,0,0.1111111111111111
729,1373,3,1079,1,0.4162296652793884,0.9500000000000004,0,0,0.1111111111111111
729,1373,3,11,1,0.6571895480155945,0.9500000000000004,0,0,0.1724137931034483
729,1373,3,1105,1,0.4125242531299591,0.9500000000000004,0,0,0.1111111111111111
729,1373,3,1111,1,0.42187830805778503,0.9500000000000004,0,0,0.14285714285714285
729,1373,3,1125,1,0.4211479127407074,0.9500000000000004,0,0,0.125
729,1373,3,1126,1,0.4211479127407074,0.9500000000000004,0,0,0.125
729,1373,3,1152,1,0.6618481874465942,0.9500000000000004,0,0,0.3333333333333333
729,1373,3,1153,1,0.4302693009376526,0.9500000000000004,0,0,0.16666666666666666
729,1373,3,1264,1,0.5036585330963135,0.9500000000000004,0,0,0.3333333333333333
729,1373,3,1266,1,0.5036585330963135,0.9500000000000004,0,0,0.3333333333333333
729,1373,3,1267,1,0.527478039264679,0.9500000000000004,0,0,0.3333333333333333
729,1373,3,1268,1,0.527478039264679,0.9500000000000004,0,0,0.3333333333333333
729,1373,3,1269,1,0.5036585330963135,0.9500000000000004,0,0,0.3333333333333333
729,1373,3,1270,1,0.5036585330963135,0.9500000000000004,0,0,0.3333333333333333
729,1373,3,1309,1,0.8633483648300171,0.9500000000000004,0,0,1.0
729,1373,3,133,1,0.3990442752838135,0.9500000000000004,0,0,0.1
729,1373,3,1350,1,0.48335161805152893,0.9500000000000004,0,0,0.25
729,1373,3,1658,1,0.8633483648300171,0.9500000000000004,0,0,1.0
729,1373,3,1659,1,0.8633483648300171,0.9500000000000004,0,0,1.0
729,1373,3,1660,1,0.8633483648300171,0.9500000000000004,0,1,1.0
729,1373,3,1661,1,0.8633483648300171,0.9500000000000004,0,0,1.0
729,1373,3,1662,1,0.8633483648300171,0.9500000000000004,0,0,1.0
729,1373,3,167,1,0.6084012389183044,0.9500000000000004,0,0,0.2727272727272727
729,1373,3,203,1,0.5871180891990662,0.9500000000000004,0,0,0.125
729,1373,3,204,1,0.8018158078193665,0.9500000000000004,0,0,0.25
729,1373,3,242,1,0.49789613485336304,0.9500000000000004,0,0,0.10526315789473684
729,1373,3,243,1,0.42826735973358154,0.9500000000000004,0,0,0.10526315789473684
729,1373,3,244,1,0.5717607140541077,0.9500000000000004,0,0,0.10526315789473684
729,1373,3,25,1,0.6628549098968506,0.9500000000000004,0,0,0.21052631578947367
729,1373,3,882,1,0.417300820350647,0.9500000000000004,0,0,0.1111111111111111
729,1373,3,967,1,0.41150757670402527,0.9500000000000004,0,0,0.1111111111111111
730,1660,1660,1309,0,0.7522966861724854,0.9500000000000004,0,1,0.5
730,1660,1660,1315,0,0.8893299102783203,0.9500000000000004,0,0,1.0
730,1660,1660,1373,0,0.9858662486076355,0.9500000000000004,1,0,1.0
730,1660,1660,1658,0,0.7522966861724854,0.9500000000000004,0,0,0.5
730,1660,1660,1659,0,0.7522966861724854,0.9500000000000004,0,0,0.5
730,1660,1660,1661,0,0.7522966861724854,0.9500000000000004,0,0,0.5
730,1660,1660,1662,0,0.7522966861724854,0.9500000000000004,0,0,0.5
730,1660,1660,3,0,0.8547858595848083,0.9500000000000004,0,0,0.5
730,1660,1373,1309,1,0.7522966861724854,0.9500000000000004,0,1,0.5
730,1660,1373,1315,1,0.8893299102783203,0.9500000000000004,0,0,1.0
730,1660,1373,1658,1,0.7522966861724854,0.9500000000000004,0,0,0.5
730,1660,1373,1659,1,0.7522966861724854,0.9500000000000004,0,0,0.5
730,1660,1373,1661,1,0.7522966861724854,0.9500000000000004,0,0,0.5
730,1660,1373,1662,1,0.7522966861724854,0.9500000000000004,0,0,0.5
730,1660,1373,3,1,0.8547858595848083,0.9500000000000004,0,0,0.5
731,1428,1428,1312,0,0.9195033311843872,0.9500000000000004,0,0,1.0
731,1428,1428,1336,0,0.9195033311843872,0.9500000000000004,0,0,1.0
731,1428,1428,1350,0,0.9350563287734985,0.9500000000000004,0,0,1.0
731,1428,1428,1355,0,0.9195033311843872,0.9500000000000004,0,0,1.0
731,1428,1428,1356,0,0.9282703995704651,0.9500000000000004,0,0,1.0
731,1428,1428,1360,0,0.9354234337806702,0.9500000000000004,0,0,1.0
731,1428,1428,1420,0,0.9195033311843872,0.9500000000000004,0,1,1.0
731,1428,1428,1430,0,0.9195033311843872,0.9500000000000004,0,1,1.0
733,1267,1267,1263,0,0.8781589269638062,0.9500000000000004,0,0,1.0
733,1267,1267,1264,0,0.7666932940483093,0.9500000000000004,0,0,0.5
733,1267,1267,1266,0,0.7666932940483093,0.9500000000000004,0,0,0.5
733,1267,1267,1268,0,0.9805037975311279,0.9500000000000004,1,0,1.0
733,1267,1267,1269,0,0.7666932940483093,0.9500000000000004,0,0,0.5
733,1267,1267,1270,0,0.7666932940483093,0.9500000000000004,0,0,0.5
733,1267,1267,1540,0,0.8781589269638062,0.9500000000000004,0,0,1.0
733,1267,1267,1576,0,0.8781589269638062,0.9500000000000004,0,0,1.0
733,1267,1267,3,0,0.8257629871368408,0.9500000000000004,0,0,0.5
733,1267,1268,1263,1,0.8781589269638062,0.9500000000000004,0,0,1.0
733,1267,1268,1264,1,0.7666932940483093,0.9500000000000004,0,0,0.5
733,1267,1268,1266,1,0.7666932940483093,0.9500000000000004,0,0,0.5
733,1267,1268,1269,1,0.7666932940483093,0.9500000000000004,0,0,0.5
733,1267,1268,1270,1,0.7666932940483093,0.9500000000000004,0,0,0.5
733,1267,1268,1540,1,0.8781589269638062,0.9500000000000004,0,0,1.0
733,1267,1268,1576,1,0.8781589269638062,0.9500000000000004,0,0,1.0
733,1267,1268,3,1,0.8257629871368408,0.9500000000000004,0,0,0.5
734,489,489,111,0,0.8866957426071167,0.9500000000000004,0,0,0.5
734,489,489,1166,0,0.967741847038269,0.9500000000000004,1,0,1.0
734,489,489,1167,0,0.967741847038269,0.9500000000000004,1,0,1.0
734,489,489,204,0,0.9611920118331909,0.9500000000000004,1,1,0.5
734,489,489,338,0,0.8521477580070496,0.9500000000000004,0,0,0.5
734,489,489,355,0,0.9327999949455261,0.9500000000000004,0,0,1.0
734,489,489,402,0,0.8703328967094421,0.9500000000000004,0,0,0.5
734,489,489,488,0,0.8634867668151855,0.9500000000000004,0,0,0.5
734,489,489,490,0,0.8332871198654175,0.9500000000000004,0,0,0.5
734,489,489,491,0,0.8332871198654175,0.9500000000000004,0,0,0.5
734,489,489,492,0,0.8332871198654175,0.9500000000000004,0,0,0.5
734,489,489,493,0,0.8667139410972595,0.9500000000000004,0,0,0.5
734,489,204,1433,1,0.8930323123931885,0.9500000000000004,0,0,1.0
734,489,204,1655,1,0.32033687829971313,0.9500000000000004,0,0,0.16666666666666666
734,489,204,355,1,0.3101713955402374,0.9500000000000004,0,0,0.125
734,489,204,83,1,0.7006971836090088,0.9500000000000004,0,0,0.12121212121212122
734,489,1167,355,1,0.9535818696022034,0.9500000000000004,1,0,1.0
734,489,1167,356,1,0.8645209670066833,0.9500000000000004,0,0,0.3333333333333333
734,489,1166,356,1,0.8645209670066833,0.9500000000000004,0,0,0.3333333333333333
735,90,90,144,0,0.5607113838195801,0.9500000000000004,0,0,0.19230769230769232
735,90,90,204,0,0.6658520102500916,0.9500000000000004,0,0,0.2
735,90,90,332,0,0.8433085680007935,0.9500000000000004,0,0,0.4117647058823529
735,90,90,374,0,0.6337384581565857,0.9500000000000004,0,0,0.2222222222222222
735,90,90,427,0,0.5331087112426758,0.9500000000000004,0,0,0.125
735,90,90,82,0,0.9636207818984985,0.9500000000000004,1,0,0.6538461538461539
735,90,90,83,0,0.69416344165802,0.9500000000000004,0,0,0.2692307692307692
735,90,90,86,0,0.6062241196632385,0.9500000000000004,0,0,0.125
735,90,90,89,0,0.6575762629508972,0.9500000000000004,0,1,0.18181818181818182
735,90,90,94,0,0.9579789638519287,0.9500000000000004,1,0,0.52
735,90,90,99,0,0.42237240076065063,0.9500000000000004,0,0,0.1
735,90,94,204,1,0.7194689512252808,0.9500000000000004,0,0,0.29411764705882354
735,90,94,288,1,0.4673152565956116,0.9500000000000004,0,0,0.14285714285714285
735,90,94,332,1,0.879906952381134,0.9500000000000004,0,0,0.6666666666666666
735,90,94,333,1,0.36516398191452026,0.9500000000000004,0,0,0.125
735,90,94,337,1,0.34723085165023804,0.9500000000000004,0,0,0.1
735,90,94,382,1,0.6232371926307678,0.9500000000000004,0,0,0.25
735,90,94,91,1,0.4228428602218628,0.9500000000000004,0,0,0.11764705882352941
735,90,82,144,1,0.6161417365074158,0.9500000000000004,0,0,0.12903225806451613
735,90,82,178,1,0.5863553881645203,0.9500000000000004,0,0,0.12903225806451613
735,90,82,204,1,0.8018120527267456,0.9500000000000004,0,0,0.2
735,90,82,288,1,0.5766386985778809,0.9500000000000004,0,0,0.11538461538461539
735,90,82,332,1,0.791317880153656,0.9500000000000004,0,0,0.3684210526315789
735,90,82,83,1,0.8219954371452332,0.9500000000000004,0,0,0.2903225806451613
735,90,82,86,1,0.791485607624054,0.9500000000000004,0,0,0.2222222222222222
736,1226,1226,1225,0,0.9254994988441467,0.9500000000000004,0,0,1.0
736,1226,1226,1227,0,0.9113588333129883,0.9500000000000004,0,0,1.0
736,1226,1226,204,0,0.949446439743042,0.9500000000000004,0,0,1.0
737,74,74,106,0,0.80143141746521,0.9500000000000004,0,0,0.375
737,74,74,110,0,0.5752726197242737,0.9500000000000004,0,0,0.125
737,74,74,115,0,0.563840389251709,0.9500000000000004,0,0,0.14285714285714285
737,74,74,117,0,0.6225217580795288,0.9500000000000004,0,0,0.2
737,74,74,132,0,0.563840389251709,0.9500000000000004,0,0,0.14285714285714285
737,74,74,133,0,0.5999537706375122,0.9500000000000004,0,0,0.2
737,74,74,135,0,0.7659876346588135,0.9500000000000004,0,0,0.3333333333333333
737,74,74,139,0,0.6406954526901245,0.9500000000000004,0,0,0.14285714285714285
737,74,74,165,0,0.6221400499343872,0.9500000000000004,0,0,0.125
737,74,74,242,0,0.7242062091827393,0.9500000000000004,0,0,0.2857142857142857
737,74,74,243,0,0.5642430186271667,0.9500000000000004,0,0,0.14285714285714285
737,74,74,244,0,0.6670801639556885,0.9500000000000004,0,0,0.14285714285714285
737,74,74,289,0,0.8108224272727966,0.9500000000000004,0,0,0.4
737,74,74,291,0,0.5984578132629395,0.9500000000000004,0,0,0.16666666666666666
737,74,74,3,0,0.6758773326873779,0.9500000000000004,0,0,0.125
737,74,74,423,0,0.6301742792129517,0.9500000000000004,0,0,0.25
737,74,74,426,0,0.6759363412857056,0.9500000000000004,0,0,0.3333333333333333
737,74,74,59,0,0.578864336013794,0.9500000000000004,0,0,0.16666666666666666
737,74,74,72,0,0.5788847208023071,0.9500000000000004,0,0,0.125
737,74,74,73,0,0.8227128386497498,0.9500000000000004,0,0,0.42857142857142855
737,74,74,80,0,0.8416714668273926,0.9500000000000004,0,0,0.4
737,74,74,81,0,0.7830110788345337,0.9500000000000004,0,0,0.4
737,74,74,82,0,0.7105568051338196,0.9500000000000004,0,0,0.25
738,351,351,1217,0,0.7839822173118591,0.9500000000000004,0,0,0.5
738,351,351,204,0,0.8221006989479065,0.9500000000000004,0,1,0.3333333333333333
738,351,351,342,0,0.7154891490936279,0.9500000000000004,0,1,0.3333333333333333
738,351,351,349,0,0.9711742401123047,0.9500000000000004,1,0,1.0
738,351,351,350,0,0.9711742401123047,0.9500000000000004,1,0,1.0
738,351,351,352,0,0.9711436629295349,0.9500000000000004,1,0,1.0
738,351,351,353,0,0.8630107641220093,0.9500000000000004,0,0,1.0
738,351,351,356,0,0.6315239667892456,0.9500000000000004,0,0,0.3333333333333333
738,351,351,357,0,0.6313332319259644,0.9500000000000004,0,0,0.3333333333333333
738,351,352,1217,1,0.721733570098877,0.9500000000000004,0,0,0.5
738,351,352,204,1,0.7247799038887024,0.9500000000000004,0,1,0.25
738,351,352,342,1,0.7821721434593201,0.9500000000000004,0,1,0.5
738,351,352,348,1,0.5484530329704285,0.9500000000000004,0,0,0.25
738,351,352,353,1,0.8491812348365784,0.9500000000000004,0,0,1.0
738,351,352,356,1,0.8060511350631714,0.9500000000000004,0,0,0.5
738,351,352,357,1,0.5020666718482971,0.9500000000000004,0,0,0.25
738,351,350,1217,1,0.7839822173118591,0.9500000000000004,0,0,0.5
738,351,350,204,1,0.8221006989479065,0.9500000000000004,0,1,0.3333333333333333
738,351,350,342,1,0.7154891490936279,0.9500000000000004,0,1,0.3333333333333333
738,351,350,353,1,0.8630107641220093,0.9500000000000004,0,0,1.0
738,351,350,356,1,0.6315239667892456,0.9500000000000004,0,0,0.3333333333333333
738,351,350,357,1,0.6313332319259644,0.9500000000000004,0,0,0.3333333333333333
738,351,349,1217,1,0.7839822173118591,0.9500000000000004,0,0,0.5
738,351,349,204,1,0.8221006989479065,0.9500000000000004,0,1,0.3333333333333333
738,351,349,342,1,0.7154891490936279,0.9500000000000004,0,1,0.3333333333333333
738,351,349,353,1,0.8630107641220093,0.9500000000000004,0,0,1.0
738,351,349,356,1,0.6315239667892456,0.9500000000000004,0,0,0.3333333333333333
738,351,349,357,1,0.6313332319259644,0.9500000000000004,0,0,0.3333333333333333
739,351,351,1217,0,0.6809003353118896,0.9500000000000004,0,0,0.3333333333333333
739,351,351,204,0,0.9276610612869263,0.9500000000000004,0,1,0.5
739,351,351,342,0,0.9370505809783936,0.9500000000000004,0,0,0.5
739,351,351,349,0,0.9524668455123901,0.9500000000000004,1,0,0.75
739,351,351,350,0,0.9524668455123901,0.9500000000000004,1,0,0.75
739,351,351,352,0,0.9530209898948669,0.9500000000000004,1,0,0.75
739,351,351,353,0,0.7976896166801453,0.9500000000000004,0,0,0.5
739,351,351,356,0,0.7009623646736145,0.9500000000000004,0,0,0.25
739,351,351,357,0,0.691876232624054,0.9500000000000004,0,0,0.25
739,351,352,1217,1,0.7220498919487,0.9500000000000004,0,0,0.5
739,351,352,204,1,0.7026126980781555,0.9500000000000004,0,1,0.25
739,351,352,342,1,0.8136507272720337,0.9500000000000004,0,0,0.5
739,351,352,348,1,0.5493806004524231,0.9500000000000004,0,0,0.25
739,351,352,353,1,0.8494372367858887,0.9500000000000004,0,0,1.0
739,351,352,356,1,0.8064720034599304,0.9500000000000004,0,0,0.5
739,351,352,357,1,0.504356861114502,0.9500000000000004,0,0,0.25
739,351,350,1217,1,0.7843151092529297,0.9500000000000004,0,0,0.5
739,351,350,204,1,0.8015831708908081,0.9500000000000004,0,1,0.3333333333333333
739,351,350,342,1,0.7279666066169739,0.9500000000000004,0,0,0.3333333333333333
739,351,350,353,1,0.8634938597679138,0.9500000000000004,0,0,1.0
739,351,350,356,1,0.6339446306228638,0.9500000000000004,0,0,0.3333333333333333
739,351,350,357,1,0.6336120963096619,0.9500000000000004,0,0,0.3333333333333333
739,351,349,1217,1,0.7843151092529297,0.9500000000000004,0,0,0.5
739,351,349,204,1,0.8015831708908081,0.9500000000000004,0,1,0.3333333333333333
739,351,349,342,1,0.7279666066169739,0.9500000000000004,0,0,0.3333333333333333
739,351,349,353,1,0.8634938597679138,0.9500000000000004,0,0,1.0
739,351,349,356,1,0.6339446306228638,0.9500000000000004,0,0,0.3333333333333333
739,351,349,357,1,0.6336120963096619,0.9500000000000004,0,0,0.3333333333333333
740,204,204,1433,0,0.5136644840240479,0.9500000000000004,0,0,0.2
740,204,204,1655,0,0.4615238308906555,0.9500000000000004,0,0,0.1
740,204,204,83,0,0.7935881614685059,0.9500000000000004,0,0,0.11650485436893204
741,1210,1210,1211,0,0.9067416787147522,0.9500000000000004,0,0,1.0
741,1210,1210,204,0,0.9452425837516785,0.9500000000000004,0,1,1.0
742,204,204,1433,0,0.5354112386703491,0.9500000000000004,0,0,0.14285714285714285
742,204,204,83,0,0.8084508180618286,0.9500000000000004,0,0,0.11428571428571428
743,1667,1667,1267,0,0.9310641884803772,0.9500000000000004,0,0,1.0
744,204,204,1384,0,0.9607226848602295,0.9500000000000004,1,0,1.0
744,204,204,1433,0,0.48918643593788147,0.9500000000000004,0,0,0.125
744,204,204,83,0,0.7850830554962158,0.9500000000000004,0,0,0.11320754716981132
745,1433,1433,204,0,0.9555894732475281,0.9500000000000004,1,0,1.0
745,1433,204,1384,1,0.8021427392959595,0.9500000000000004,0,0,0.5
745,1433,204,83,1,0.77472323179245,0.9500000000000004,0,0,0.11214953271028037
746,340,340,144,0,0.9195018410682678,0.9500000000000004,0,0,1.0
746,340,340,148,0,0.9291850328445435,0.9500000000000004,0,0,1.0
746,340,340,329,0,0.9145528674125671,0.9500000000000004,0,0,1.0
746,340,340,331,0,0.8961947560310364,0.9500000000000004,0,0,1.0
746,340,340,341,0,0.9072593450546265,0.9500000000000004,0,1,1.0
746,340,340,420,0,0.9123970866203308,0.9500000000000004,0,0,1.0
746,340,340,421,0,0.8930000066757202,0.9500000000000004,0,0,1.0
747,204,204,1384,0,0.6295048594474792,0.9500000000000004,0,0,0.3333333333333333
747,204,204,1433,0,0.5131785869598389,0.9500000000000004,0,0,0.1
747,204,204,83,0,0.7559897899627686,0.9500000000000004,0,0,0.1111111111111111
748,204,204,1384,0,0.606026828289032,0.9500000000000004,0,0,0.25
748,204,204,1713,0,0.9581435322761536,0.9500000000000004,1,0,1.0
748,204,204,1714,0,0.9581435322761536,0.9500000000000004,1,0,1.0
748,204,204,83,0,0.7646318078041077,0.9500000000000004,0,0,0.11009174311926606
749,1301,1301,1323,0,0.9003130197525024,0.9500000000000004,0,0,1.0
749,1301,1301,1350,0,0.766133725643158,0.9500000000000004,0,0,0.3333333333333333
749,1301,1301,1357,0,0.9003130197525024,0.9500000000000004,0,0,1.0
749,1301,1301,1359,0,0.9003130197525024,0.9500000000000004,0,0,1.0
749,1301,1301,1360,0,0.9438571929931641,0.9500000000000004,0,0,1.0
749,1301,1301,1361,0,0.9431635737419128,0.9500000000000004,0,0,1.0
749,1301,1301,1366,0,0.9431635737419128,0.9500000000000004,0,0,1.0
749,1301,1301,1415,0,0.8058394193649292,0.9500000000000004,0,0,0.5
750,83,83,144,0,0.5145613551139832,0.9500000000000004,0,0,0.10714285714285714
750,83,83,163,0,0.41640305519104004,0.9500000000000004,0,0,0.125
750,83,83,1655,0,0.8740183711051941,0.9500000000000004,0,0,1.0
750,83,83,178,0,0.4998510777950287,0.9500000000000004,0,0,0.10714285714285714
750,83,83,204,0,0.8901117444038391,0.9500000000000004,0,1,0.4444444444444444
750,83,83,330,0,0.4712528586387634,0.9500000000000004,0,0,0.14285714285714285
750,83,83,383,0,0.4817963242530823,0.9500000000000004,0,0,0.125
750,83,83,82,0,0.8179882168769836,0.9500000000000004,0,0,0.32142857142857145
750,83,83,89,0,0.746756374835968,0.9500000000000004,0,0,0.3125
750,83,83,90,0,0.7215219736099243,0.9500000000000004,0,0,0.25
751,169,169,1663,0,0.9154697060585022,0.9500000000000004,0,0,1.0
751,169,169,168,0,0.74862140417099,0.9500000000000004,0,0,0.5
753,25,25,11,0,0.9984230995178223,0.9500000000000004,1,1,1.0
753,25,25,1131,0,0.703173041343689,0.9500000000000004,0,0,0.14285714285714285
753,25,25,204,0,0.8430713415145874,0.9500000000000004,0,1,0.17391304347826086
753,25,25,3,0,0.5138087272644043,0.9500000000000004,0,0,0.17391304347826086
753,25,11,1131,1,0.6904922127723694,0.9500000000000004,0,0,0.14285714285714285
753,25,11,13,1,0.2583848834037781,0.9500000000000004,0,0,0.10714285714285714
753,25,11,14,1,0.3517981767654419,0.9500000000000004,0,0,0.14285714285714285
753,25,11,204,1,0.8262057304382324,0.9500000000000004,0,1,0.14814814814814814
753,25,11,3,1,0.5101731419563293,0.9500000000000004,0,0,0.17857142857142858
754,1301,1301,1323,0,0.8092101216316223,0.9500000000000004,0,0,0.5
754,1301,1301,1350,0,0.7312041521072388,0.9500000000000004,0,1,0.25
754,1301,1301,1357,0,0.8092101216316223,0.9500000000000004,0,0,0.5
754,1301,1301,1359,0,0.8092101216316223,0.9500000000000004,0,0,0.5
754,1301,1301,1360,0,0.8611751198768616,0.9500000000000004,0,0,0.5
754,1301,1301,1361,0,0.8542183637619019,0.9500000000000004,0,0,0.5
754,1301,1301,1366,0,0.8542183637619019,0.9500000000000004,0,0,0.5
754,1301,1301,1415,0,0.7495526075363159,0.9500000000000004,0,0,0.3333333333333333
754,1301,1301,1433,0,0.9512788653373718,0.9500000000000004,1,0,1.0
754,1301,1301,1541,0,0.8966350555419922,0.9500000000000004,0,0,0.5
754,1301,1301,1659,0,0.8761616945266724,0.9500000000000004,0,1,0.5
754,1301,1301,1670,0,0.9147564172744751,0.9500000000000004,0,0,1.0
754,1301,1301,1717,0,0.9147564172744751,0.9500000000000004,0,0,1.0
754,1301,1301,204,0,0.9095821976661682,0.9500000000000004,0,0,0.25
754,1301,1433,1296,1,0.7610635161399841,0.9500000000000004,0,1,0.5
754,1301,1433,1408,1,0.7610635161399841,0.9500000000000004,0,0,0.5
754,1301,1433,1540,1,0.7606262564659119,0.9500000000000004,0,0,0.3333333333333333
754,1301,1433,1541,1,0.943675696849823,0.9500000000000004,0,0,0.6666666666666666
754,1301,1433,1564,1,0.7610635161399841,0.9500000000000004,0,0,0.5
754,1301,1433,1565,1,0.7610635161399841,0.9500000000000004,0,0,0.5
754,1301,1433,1657,1,0.7610635161399841,0.9500000000000004,0,0,0.5
754,1301,1433,1659,1,0.7255107760429382,0.9500000000000004,0,1,0.3333333333333333
754,1301,1433,1670,1,0.9017200469970703,0.9500000000000004,0,0,1.0
754,1301,1433,1717,1,0.9017200469970703,0.9500000000000004,0,0,1.0
754,1301,1433,204,1,0.9380764365196228,0.9500000000000004,0,0,0.6666666666666666
755,3,3,0,0,0.478484570980072,0.9500000000000004,0,0,0.1
755,3,3,1069,0,0.3950888514518738,0.9500000000000004,0,0,0.1
755,3,3,1078,0,0.3518225848674774,0.9500000000000004,0,0,0.1
755,3,3,1079,0,0.35182255506515503,0.9500000000000004,0,0,0.1
755,3,3,11,0,0.6974368691444397,0.9500000000000004,0,0,0.16666666666666666
755,3,3,1105,0,0.34367799758911133,0.9500000000000004,0,0,0.1
755,3,3,1111,0,0.36168986558914185,0.9500000000000004,0,0,0.125
755,3,3,1125,0,0.351538747549057,0.9500000000000004,0,0,0.1111111111111111
755,3,3,1126,0,0.351538747549057,0.9500000000000004,0,0,0.1111111111111111
755,3,3,1152,0,0.6080129146575928,0.9500000000000004,0,0,0.2857142857142857
755,3,3,1153,0,0.36994802951812744,0.9500000000000004,0,0,0.14285714285714285
755,3,3,1264,0,0.43370798230171204,0.9500000000000004,0,0,0.25
755,3,3,1266,0,0.43370798230171204,0.9500000000000004,0,0,0.25
755,3,3,1267,0,0.5079125761985779,0.9500000000000004,0,0,0.25
755,3,3,1268,0,0.4550761580467224,0.9500000000000004,0,0,0.25
755,3,3,1269,0,0.43370798230171204,0.9500000000000004,0,0,0.25
755,3,3,1270,0,0.43370798230171204,0.9500000000000004,0,0,0.25
755,3,3,1296,0,0.7929307818412781,0.9500000000000004,0,0,1.0
755,3,3,1301,0,0.525316059589386,0.9500000000000004,0,0,0.3333333333333333
755,3,3,1309,0,0.598483145236969,0.9500000000000004,0,0,0.5
755,3,3,1347,0,0.7772089838981628,0.9500000000000004,0,0,1.0
755,3,3,1350,0,0.6233696341514587,0.9500000000000004,0,0,0.4
755,3,3,1373,0,0.5975598692893982,0.9500000000000004,0,0,0.5
755,3,3,1381,0,0.7772089838981628,0.9500000000000004,0,0,1.0
755,3,3,1658,0,0.5870673656463623,0.9500000000000004,0,0,0.5
755,3,3,1659,0,0.8446165323257446,0.9500000000000004,0,0,1.0
755,3,3,1660,0,0.602106511592865,0.9500000000000004,0,0,0.5
755,3,3,1661,0,0.5870673656463623,0.9500000000000004,0,0,0.5
755,3,3,1662,0,0.5870673656463623,0.9500000000000004,0,0,0.5
755,3,3,167,0,0.5618168115615845,0.9500000000000004,0,0,0.2647058823529412
755,3,3,203,0,0.5430335998535156,0.9500000000000004,0,0,0.12
755,3,3,204,0,0.7500199675559998,0.9500000000000004,0,0,0.24
755,3,3,242,0,0.4302702844142914,0.9500000000000004,0,0,0.1
755,3,3,243,0,0.3622691035270691,0.9500000000000004,0,0,0.1
755,3,3,244,0,0.5145922303199768,0.9500000000000004,0,0,0.1
755,3,3,25,0,0.6938707828521729,0.9500000000000004,0,0,0.2
755,3,3,882,0,0.3522370159626007,0.9500000000000004,0,0,0.1
755,3,3,967,0,0.34689924120903015,0.9500000000000004,0,0,0.1
756,1309,1309,1307,0,0.869319498538971,0.9500000000000004,0,0,1.0
756,1309,1309,1373,0,0.7423962950706482,0.9500000000000004,0,0,0.5
756,1309,1309,1656,0,0.869319498538971,0.9500000000000004,0,0,1.0
756,1309,1309,1658,0,0.7309645414352417,0.9500000000000004,0,0,0.5
756,1309,1309,1659,0,0.7827385067939758,0.9500000000000004,0,0,0.5
756,1309,1309,1660,0,0.9786363840103149,0.9500000000000004,1,0,1.0
756,1309,1309,1661,0,0.7309645414352417,0.9500000000000004,0,0,0.5
756,1309,1309,1662,0,0.7309645414352417,0.9500000000000004,0,0,0.5
756,1309,1309,3,0,0.8158822059631348,0.9500000000000004,0,0,0.5
756,1309,1660,1307,1,0.8654332160949707,0.9500000000000004,0,0,1.0
756,1309,1660,1315,1,0.7076144814491272,0.9500000000000004,0,0,0.5
756,1309,1660,1373,1,0.8946146368980408,0.9500000000000004,0,0,0.6666666666666666
756,1309,1660,1656,1,0.8654332160949707,0.9500000000000004,0,0,1.0
756,1309,1660,1658,1,0.6251908540725708,0.9500000000000004,0,0,0.3333333333333333
756,1309,1660,1659,1,0.7014154195785522,0.9500000000000004,0,0,0.3333333333333333
756,1309,1660,1661,1,0.6251908540725708,0.9500000000000004,0,0,0.3333333333333333
756,1309,1660,1662,1,0.6251908540725708,0.9500000000000004,0,0,0.3333333333333333
756,1309,1660,3,1,0.7618707418441772,0.9500000000000004,0,0,0.3333333333333333
757,204,204,1384,0,0.49886804819107056,0.9500000000000004,0,0,0.125
757,204,204,1433,0,0.5915393829345703,0.9500000000000004,0,0,0.13333333333333333
757,204,204,1670,0,0.6849258542060852,0.9500000000000004,0,0,0.3333333333333333
757,204,204,1713,0,0.5460038185119629,0.9500000000000004,0,0,0.2
757,204,204,1714,0,0.5460038185119629,0.9500000000000004,0,0,0.2
757,204,204,1715,0,0.5842512249946594,0.9500000000000004,0,0,0.25
757,204,204,1716,0,0.5842512249946594,0.9500000000000004,0,0,0.25
757,204,204,1717,0,0.6849258542060852,0.9500000000000004,0,0,0.3333333333333333
757,204,204,83,0,0.8306654691696167,0.9500000000000004,0,0,0.11504424778761062
759,94,94,204,0,0.7172099947929382,0.9500000000000004,0,1,0.29411764705882354
759,94,94,288,0,0.4647425711154938,0.9500000000000004,0,0,0.14285714285714285
759,94,94,332,0,0.8792487382888794,0.9500000000000004,0,0,0.6666666666666666
759,94,94,333,0,0.3640836477279663,0.9500000000000004,0,0,0.125
759,94,94,337,0,0.3422950208187103,0.9500000000000004,0,0,0.1
759,94,94,382,0,0.6147226691246033,0.9500000000000004,0,0,0.25
759,94,94,82,0,0.9253144860267639,0.9500000000000004,0,0,0.7058823529411765
759,94,94,90,0,0.9668566584587097,0.9500000000000004,1,0,0.7647058823529411
759,94,94,91,0,0.4233667254447937,0.9500000000000004,0,0,0.11764705882352941
759,94,90,144,1,0.6066977977752686,0.9500000000000004,0,0,0.18518518518518517
759,94,90,204,1,0.754488468170166,0.9500000000000004,0,1,0.19230769230769232
759,94,90,332,1,0.7979496717453003,0.9500000000000004,0,0,0.3888888888888889
759,94,90,374,1,0.46050456166267395,0.9500000000000004,0,0,0.2
759,94,90,427,1,0.33531755208969116,0.9500000000000004,0,0,0.1111111111111111
759,94,90,80,1,0.48244166374206543,0.9500000000000004,0,0,0.1
759,94,90,82,1,0.9127930402755737,0.9500000000000004,0,0,0.6296296296296297
759,94,90,83,1,0.7949206829071045,0.9500000000000004,0,0,0.25925925925925924
759,94,90,86,1,0.3973189890384674,0.9500000000000004,0,0,0.11764705882352941
759,94,90,89,1,0.7820978760719299,0.9500000000000004,0,0,0.25
760,204,204,1384,0,0.5381900668144226,0.9500000000000004,0,0,0.1
760,204,204,1433,0,0.6276769638061523,0.9500000000000004,0,0,0.11764705882352941
760,204,204,1670,0,0.5837114453315735,0.9500000000000004,0,0,0.2
760,204,204,1713,0,0.5636920928955078,0.9500000000000004,0,0,0.14285714285714285
760,204,204,1714,0,0.5636920928955078,0.9500000000000004,0,0,0.14285714285714285
760,204,204,1715,0,0.5723411440849304,0.9500000000000004,0,0,0.16666666666666666
760,204,204,1716,0,0.5723411440849304,0.9500000000000004,0,0,0.16666666666666666
760,204,204,1717,0,0.5837114453315735,0.9500000000000004,0,0,0.2
760,204,204,216,0,0.8745136857032776,0.9500000000000004,0,0,0.5
760,204,204,83,0,0.8393163681030273,0.9500000000000004,0,0,0.11304347826086956
761,204,204,1433,0,0.6372620463371277,0.9500000000000004,0,0,0.1111111111111111
761,204,204,1670,0,0.5774487853050232,0.9500000000000004,0,0,0.16666666666666666
761,204,204,1713,0,0.5607112050056458,0.9500000000000004,0,0,0.125
761,204,204,1714,0,0.5607112050056458,0.9500000000000004,0,0,0.125
761,204,204,1715,0,0.5677884221076965,0.9500000000000004,0,0,0.14285714285714285
761,204,204,1716,0,0.5677884221076965,0.9500000000000004,0,0,0.14285714285714285
761,204,204,1717,0,0.5774487853050232,0.9500000000000004,0,0,0.16666666666666666
761,204,204,216,0,0.7477174401283264,0.9500000000000004,0,0,0.3333333333333333
761,204,204,83,0,0.840505838394165,0.9500000000000004,0,0,0.11206896551724138
762,204,204,1433,0,0.5685652494430542,0.9500000000000004,0,0,0.10526315789473684
762,204,204,1670,0,0.5051436424255371,0.9500000000000004,0,0,0.14285714285714285
762,204,204,1713,0,0.4974721372127533,0.9500000000000004,0,0,0.1111111111111111
762,204,204,1714,0,0.4974721372127533,0.9500000000000004,0,0,0.1111111111111111
762,204,204,1715,0,0.5009121298789978,0.9500000000000004,0,0,0.125
762,204,204,1716,0,0.5009121298789978,0.9500000000000004,0,0,0.125
762,204,204,1717,0,0.5051436424255371,0.9500000000000004,0,0,0.14285714285714285
762,204,204,216,0,0.575873851776123,0.9500000000000004,0,0,0.25
762,204,204,83,0,0.8109167814254761,0.9500000000000004,0,0,0.1111111111111111
763,204,204,1433,0,0.5435782670974731,0.9500000000000004,0,0,0.1
763,204,204,1670,0,0.4833321273326874,0.9500000000000004,0,0,0.125
763,204,204,1713,0,0.47839781641960144,0.9500000000000004,0,0,0.1
763,204,204,1714,0,0.47839781641960144,0.9500000000000004,0,0,0.1
763,204,204,1715,0,0.48053690791130066,0.9500000000000004,0,0,0.1111111111111111
763,204,204,1716,0,0.48053690791130066,0.9500000000000004,0,0,0.1111111111111111
763,204,204,1717,0,0.4833321273326874,0.9500000000000004,0,0,0.125
763,204,204,216,0,0.5189008712768555,0.9500000000000004,0,0,0.2
763,204,204,290,0,0.9442428350448608,0.9500000000000004,0,0,1.0
763,204,204,83,0,0.7906662225723267,0.9500000000000004,0,0,0.11016949152542373
764,204,204,1670,0,0.5304115414619446,0.9500000000000004,0,0,0.1111111111111111
764,204,204,1715,0,0.52651447057724,0.9500000000000004,0,0,0.1
764,204,204,1716,0,0.52651447057724,0.9500000000000004,0,0,0.1
764,204,204,1717,0,0.5304115414619446,0.9500000000000004,0,0,0.1111111111111111
764,204,204,1720,0,0.9495983123779297,0.9500000000000004,0,0,1.0
764,204,204,1721,0,0.9495983123779297,0.9500000000000004,0,0,1.0
764,204,204,1722,0,0.9495983123779297,0.9500000000000004,0,0,1.0
764,204,204,216,0,0.5560479760169983,0.9500000000000004,0,0,0.16666666666666666
764,204,204,290,0,0.7597908973693848,0.9500000000000004,0,0,0.5
764,204,204,83,0,0.8083357810974121,0.9500000000000004,0,0,0.1092436974789916
765,1323,1323,1301,0,0.9348980188369751,0.9500000000000004,0,0,1.0
765,1323,1323,1357,0,0.9154664874076843,0.9500000000000004,0,0,1.0
765,1323,1323,1359,0,0.9154664874076843,0.9500000000000004,0,0,1.0
765,1323,1323,1360,0,0.9264716506004333,0.9500000000000004,0,0,1.0
765,1323,1323,1361,0,0.9221805334091187,0.9500000000000004,0,0,1.0
765,1323,1323,1366,0,0.9221805334091187,0.9500000000000004,0,0,1.0
766,1661,1661,1309,0,0.9298052191734314,0.9500000000000004,0,0,1.0
766,1661,1661,1373,0,0.9222369194030762,0.9500000000000004,0,0,1.0
766,1661,1661,1658,0,0.9148945808410645,0.9500000000000004,0,0,1.0
766,1661,1661,1659,0,0.9292172193527222,0.9500000000000004,0,0,1.0
766,1661,1661,1660,0,0.9328422546386719,0.9500000000000004,0,0,1.0
766,1661,1661,1662,0,0.9148945808410645,0.9500000000000004,0,0,1.0
766,1661,1661,3,0,0.9486626386642456,0.9500000000000004,0,0,1.0
767,1007,1007,1004,0,0.8985868096351624,0.9500000000000004,0,1,1.0
767,1007,1007,1005,0,0.8962864279747009,0.9500000000000004,0,0,1.0
767,1007,1007,1006,0,0.8962864279747009,0.9500000000000004,0,0,1.0
767,1007,1007,1008,0,0.8878338932991028,0.9500000000000004,0,0,1.0
767,1007,1007,1009,0,0.8878338932991028,0.9500000000000004,0,0,1.0
769,204,204,1325,0,0.5157910585403442,0.9500000000000004,0,0,0.5
769,204,204,1362,0,0.5090117454528809,0.9500000000000004,0,0,0.5
769,204,204,1666,0,0.8125830888748169,0.9500000000000004,0,0,0.6666666666666666
769,204,204,1720,0,0.3294006884098053,0.9500000000000004,0,0,0.25
769,204,204,1721,0,0.3294006884098053,0.9500000000000004,0,0,0.25
769,204,204,1722,0,0.3294006884098053,0.9500000000000004,0,0,0.25
769,204,204,1723,0,0.35652777552604675,0.9500000000000004,0,0,0.3333333333333333
769,204,204,216,0,0.2904873490333557,0.9500000000000004,0,0,0.1111111111111111
769,204,204,290,0,0.3182499408721924,0.9500000000000004,0,0,0.2
769,204,204,83,0,0.654133677482605,0.9500000000000004,0,0,0.10655737704918032
770,1343,1343,204,0,0.9397181272506714,0.9500000000000004,0,1,1.0
771,1804,1804,1335,0,0.891008198261261,0.9500000000000004,0,1,1.0
771,1804,1804,1341,0,0.8981503844261169,0.9500000000000004,0,1,1.0
771,1804,1804,1343,0,0.8981503844261169,0.9500000000000004,0,1,1.0
771,1804,1804,1354,0,0.891008198261261,0.9500000000000004,0,0,1.0
771,1804,1804,204,0,0.937472403049469,0.9500000000000004,0,0,1.0
773,204,204,1325,0,0.4286593496799469,0.9500000000000004,0,0,0.25
773,204,204,1335,0,0.9302783012390137,0.9500000000000004,0,0,1.0
773,204,204,1343,0,0.9680714011192322,0.9500000000000004,1,0,1.0
773,204,204,1354,0,0.9219130873680115,0.9500000000000004,0,0,1.0
773,204,204,1362,0,0.4165307283401489,0.9500000000000004,0,0,0.25
773,204,204,1666,0,0.562394380569458,0.9500000000000004,0,0,0.4
773,204,204,1720,0,0.3894233703613281,0.9500000000000004,0,0,0.16666666666666666
773,204,204,1721,0,0.3894233703613281,0.9500000000000004,0,0,0.16666666666666666
773,204,204,1722,0,0.3894233703613281,0.9500000000000004,0,0,0.16666666666666666
773,204,204,1723,0,0.39710378646850586,0.9500000000000004,0,0,0.2
773,204,204,1804,0,0.9302783012390137,0.9500000000000004,0,0,1.0
773,204,204,290,0,0.38669735193252563,0.9500000000000004,0,0,0.14285714285714285
773,204,204,83,0,0.7231870293617249,0.9500000000000004,0,0,0.10483870967741936
773,204,1343,1335,1,0.9335432052612305,0.9500000000000004,0,0,1.0
773,204,1343,1341,1,0.968326985836029,0.9500000000000004,1,0,0.6666666666666666
773,204,1343,1354,1,0.774220883846283,0.9500000000000004,0,0,0.5
773,204,1343,1804,1,0.9335432052612305,0.9500000000000004,0,0,1.0
773,204,1341,1305,2,0.6271072626113892,0.9500000000000004,0,0,0.3333333333333333
773,204,1341,1309,2,0.6500080227851868,0.9500000000000004,0,0,0.3333333333333333
773,204,1341,1310,2,0.6271072626113892,0.9500000000000004,0,0,0.3333333333333333
773,204,1341,1335,2,0.9163667559623718,0.9500000000000004,0,0,1.0
773,204,1341,1338,2,0.6271072626113892,0.9500000000000004,0,0,0.3333333333333333
773,204,1341,1339,2,0.6271072626113892,0.9500000000000004,0,0,0.3333333333333333
773,204,1341,1342,2,0.6271072626113892,0.9500000000000004,0,0,0.3333333333333333
773,204,1341,1354,2,0.7162030339241028,0.9500000000000004,0,0,0.5
773,204,1341,1369,2,0.6271072626113892,0.9500000000000004,0,0,0.3333333333333333
773,204,1341,1804,2,0.9163667559623718,0.9500000000000004,0,0,1.0
774,204,204,1325,0,0.41163170337677,0.9500000000000004,0,0,0.2
774,204,204,1335,0,0.5903770923614502,0.9500000000000004,0,0,0.5
774,204,204,1343,0,0.8446751832962036,0.9500000000000004,0,0,0.6666666666666666
774,204,204,1354,0,0.5846083164215088,0.9500000000000004,0,0,0.5
774,204,204,1362,0,0.4016313850879669,0.9500000000000004,0,0,0.2
774,204,204,1666,0,0.49966713786125183,0.9500000000000004,0,0,0.3333333333333333
774,204,204,1720,0,0.3880327641963959,0.9500000000000004,0,0,0.14285714285714285
774,204,204,1721,0,0.3880327641963959,0.9500000000000004,0,0,0.14285714285714285
774,204,204,1722,0,0.3880327641963959,0.9500000000000004,0,0,0.14285714285714285
774,204,204,1723,0,0.3916819989681244,0.9500000000000004,0,0,0.16666666666666666
774,204,204,1804,0,0.5903770923614502,0.9500000000000004,0,0,0.5
774,204,204,290,0,0.38303834199905396,0.9500000000000004,0,0,0.125
774,204,204,83,0,0.7018061280250549,0.9500000000000004,0,0,0.104
775,1323,1323,1301,0,0.7930660247802734,0.9500000000000004,0,0,0.5
775,1323,1323,1325,0,0.8813161849975586,0.9500000000000004,0,0,1.0
775,1323,1323,1328,0,0.8693276643753052,0.9500000000000004,0,0,1.0
775,1323,1323,1357,0,0.7297971248626709,0.9500000000000004,0,0,0.5
775,1323,1323,1359,0,0.7297971248626709,0.9500000000000004,0,0,0.5
775,1323,1323,1360,0,0.7522792220115662,0.9500000000000004,0,0,0.5
775,1323,1323,1361,0,0.7436025142669678,0.9500000000000004,0,0,0.5
775,1323,1323,1366,0,0.7436025142669678,0.9500000000000004,0,0,0.5
775,1323,1323,3,0,0.958473801612854,0.9500000000000004,1,0,0.5
775,1323,3,11,1,0.6711504459381104,0.9500000000000004,0,0,0.15625
775,1323,3,1111,1,0.3868800401687622,0.9500000000000004,0,0,0.1
775,1323,3,1152,1,0.5609388947486877,0.9500000000000004,0,0,0.2222222222222222
775,1323,3,1153,1,0.39025285840034485,0.9500000000000004,0,0,0.1111111111111111
775,1323,3,1264,1,0.3824724555015564,0.9500000000000004,0,0,0.16666666666666666
775,1323,3,1266,1,0.3824724555015564,0.9500000000000004,0,0,0.16666666666666666
775,1323,3,1267,1,0.4096602499485016,0.9500000000000004,0,0,0.16666666666666666
775,1323,3,1268,1,0.3936415910720825,0.9500000000000004,0,0,0.16666666666666666
775,1323,3,1269,1,0.3824724555015564,0.9500000000000004,0,0,0.16666666666666666
775,1323,3,1270,1,0.3824724555015564,0.9500000000000004,0,0,0.16666666666666666
775,1323,3,1275,1,0.48544973134994507,0.9500000000000004,0,0,0.5
775,1323,3,1296,1,0.3844546377658844,0.9500000000000004,0,0,0.3333333333333333
775,1323,3,1301,1,0.3205397129058838,0.9500000000000004,0,0,0.2
775,1323,3,1309,1,0.3926156461238861,0.9500000000000004,0,0,0.25
775,1323,3,1325,1,0.7545856833457947,0.9500000000000004,0,0,1.0
775,1323,3,1328,1,0.741017758846283,0.9500000000000004,0,0,1.0
775,1323,3,1347,1,0.37913447618484497,0.9500000000000004,0,0,0.3333333333333333
775,1323,3,1350,1,0.478108674287796,0.9500000000000004,0,0,0.2857142857142857
775,1323,3,1373,1,0.36615264415740967,0.9500000000000004,0,0,0.25
775,1323,3,1381,1,0.37913447618484497,0.9500000000000004,0,0,0.3333333333333333
775,1323,3,1658,1,0.3600294888019562,0.9500000000000004,0,0,0.25
775,1323,3,1659,1,0.6121270656585693,0.9500000000000004,0,0,0.5
775,1323,3,1660,1,0.4137362837791443,0.9500000000000004,0,1,0.25
775,1323,3,1661,1,0.4176458418369293,0.9500000000000004,0,0,0.25
775,1323,3,1662,1,0.3600294888019562,0.9500000000000004,0,0,0.25
775,1323,3,167,1,0.5752362012863159,0.9500000000000004,0,0,0.25
775,1323,3,203,1,0.5544043779373169,0.9500000000000004,0,0,0.1111111111111111
775,1323,3,204,1,0.7489411234855652,0.9500000000000004,0,1,0.2222222222222222
775,1323,3,25,1,0.6711165904998779,0.9500000000000004,0,0,0.18181818181818182
776,1071,1071,1065,0,0.8900938630104065,0.9500000000000004,0,0,1.0
776,1071,1071,1066,0,0.8900938630104065,0.9500000000000004,0,1,1.0
776,1071,1071,1067,0,0.9018760323524475,0.9500000000000004,0,1,1.0
776,1071,1071,1068,0,0.8995944261550903,0.9500000000000004,0,1,1.0
776,1071,1071,1069,0,0.9202024936676025,0.9500000000000004,0,1,1.0
776,1071,1071,1070,0,0.8963843584060669,0.9500000000000004,0,1,1.0
776,1071,1071,1072,0,0.8900938630104065,0.9500000000000004,0,0,1.0
776,1071,1071,1073,0,0.9063313603401184,0.9500000000000004,0,0,1.0
777,395,395,204,0,0.8437226414680481,0.9500000000000004,0,1,0.3333333333333333
777,395,395,250,0,0.6662729382514954,0.9500000000000004,0,0,0.3333333333333333
777,395,395,319,0,0.6588312387466431,0.9500000000000004,0,0,0.3333333333333333
777,395,395,368,0,0.5986202359199524,0.9500000000000004,0,0,0.3333333333333333
777,395,395,396,0,0.8902590274810791,0.9500000000000004,0,0,0.6666666666666666
779,204,204,1325,0,0.39488980174064636,0.9500000000000004,0,0,0.125
779,204,204,1335,0,0.4240507185459137,0.9500000000000004,0,0,0.2
779,204,204,1343,0,0.653266966342926,0.9500000000000004,0,0,0.3333333333333333
779,204,204,1354,0,0.4117767810821533,0.9500000000000004,0,0,0.2
779,204,204,1362,0,0.38796180486679077,0.9500000000000004,0,0,0.125
779,204,204,1666,0,0.5884159803390503,0.9500000000000004,0,0,0.3333333333333333
779,204,204,1720,0,0.37930378317832947,0.9500000000000004,0,0,0.1
779,204,204,1721,0,0.37930378317832947,0.9500000000000004,0,0,0.1
779,204,204,1722,0,0.37930378317832947,0.9500000000000004,0,0,0.1
779,204,204,1723,0,0.3818722069263458,0.9500000000000004,0,0,0.1111111111111111
779,204,204,1804,0,0.4240507185459137,0.9500000000000004,0,0,0.2
779,204,204,1807,0,0.9048488140106201,0.9500000000000004,0,0,1.0
779,204,204,1808,0,0.9048488140106201,0.9500000000000004,0,0,1.0
779,204,204,1809,0,0.9048488140106201,0.9500000000000004,0,0,1.0
779,204,204,1810,0,0.9048488140106201,0.9500000000000004,0,0,1.0
779,204,204,1811,0,0.9048488140106201,0.9500000000000004,0,0,1.0
779,204,204,339,0,0.4785037934780121,0.9500000000000004,0,0,0.3333333333333333
779,204,204,83,0,0.6447467803955078,0.9500000000000004,0,0,0.1015625
780,144,144,1207,0,0.7525746822357178,0.9500000000000004,0,0,0.5
780,144,144,143,0,0.5748268961906433,0.9500000000000004,0,0,0.13636363636363635
780,144,144,147,0,0.5812861323356628,0.9500000000000004,0,0,0.1111111111111111
780,144,144,148,0,0.8518699407577515,0.9500000000000004,0,0,0.3181818181818182
780,144,144,178,0,0.7898051142692566,0.9500000000000004,0,0,0.2727272727272727
780,144,144,204,0,0.8057844638824463,0.9500000000000004,0,1,0.25
780,144,144,340,0,0.5883929133415222,0.9500000000000004,0,0,0.1111111111111111
780,144,144,341,0,0.591423511505127,0.9500000000000004,0,0,0.1111111111111111
780,144,144,420,0,0.5877518057823181,0.9500000000000004,0,0,0.1111111111111111
780,144,144,421,0,0.5445598363876343,0.9500000000000004,0,0,0.1111111111111111
780,144,144,82,0,0.6638384461402893,0.9500000000000004,0,0,0.18181818181818182
780,144,144,83,0,0.6645849943161011,0.9500000000000004,0,0,0.13636363636363635
780,144,144,90,0,0.8080888390541077,0.9500000000000004,0,0,0.22727272727272727
781,73,73,106,0,0.6363276243209839,0.9500000000000004,0,0,0.16666666666666666
781,73,73,115,0,0.5259705185890198,0.9500000000000004,0,0,0.16666666666666666
781,73,73,121,0,0.6292771697044373,0.9500000000000004,0,0,0.2
781,73,73,122,0,0.6180461645126343,0.9500000000000004,0,0,0.16666666666666666
781,73,73,124,0,0.6176160573959351,0.9500000000000004,0,0,0.16666666666666666
781,73,73,132,0,0.5259705185890198,0.9500000000000004,0,0,0.16666666666666666
781,73,73,135,0,0.6174293160438538,0.9500000000000004,0,0,0.2
781,73,73,139,0,0.5889636874198914,0.9500000000000004,0,0,0.16666666666666666
781,73,73,242,0,0.8389046788215637,0.9500000000000004,0,0,0.5
781,73,73,243,0,0.5323965549468994,0.9500000000000004,0,0,0.16666666666666666
781,73,73,244,0,0.6155538558959961,0.9500000000000004,0,0,0.16666666666666666
781,73,73,289,0,0.9238876700401306,0.9500000000000004,0,0,0.75
781,73,73,3,0,0.658012330532074,0.9500000000000004,0,0,0.16666666666666666
781,73,73,323,0,0.5910385847091675,0.9500000000000004,0,0,0.25
781,73,73,367,0,0.6001255512237549,0.9500000000000004,0,0,0.25
781,73,73,58,0,0.6528515815734863,0.9500000000000004,0,0,0.25
781,73,73,59,0,0.6606083512306213,0.9500000000000004,0,0,0.2
781,73,73,74,0,0.8876429796218872,0.9500000000000004,0,0,0.5
781,73,73,80,0,0.867850124835968,0.9500000000000004,0,0,1.0
781,73,73,81,0,0.8417121767997742,0.9500000000000004,0,0,1.0
781,73,73,82,0,0.6198933124542236,0.9500000000000004,0,0,0.16666666666666666
781,73,73,83,0,0.6585302948951721,0.9500000000000004,0,0,0.16666666666666666
782,204,204,1335,0,0.4634350538253784,0.9500000000000004,0,0,0.125
782,204,204,1343,0,0.6590954065322876,0.9500000000000004,0,0,0.2222222222222222
782,204,204,1354,0,0.4529748260974884,0.9500000000000004,0,0,0.125
782,204,204,1666,0,0.632757842540741,0.9500000000000004,0,0,0.25
782,204,204,1804,0,0.4634350538253784,0.9500000000000004,0,0,0.125
782,204,204,1807,0,0.5609862208366394,0.9500000000000004,0,0,0.25
782,204,204,1808,0,0.5609862208366394,0.9500000000000004,0,0,0.25
782,204,204,1809,0,0.5609862208366394,0.9500000000000004,0,0,0.25
782,204,204,1810,0,0.5609862208366394,0.9500000000000004,0,0,0.25
782,204,204,1811,0,0.5609862208366394,0.9500000000000004,0,0,0.25
782,204,204,1814,0,0.6635867357254028,0.9500000000000004,0,0,0.3333333333333333
782,204,204,339,0,0.4866827428340912,0.9500000000000004,0,0,0.16666666666666666
783,204,204,1335,0,0.4508644938468933,0.9500000000000004,0,0,0.1111111111111111
783,204,204,1343,0,0.6294646263122559,0.9500000000000004,0,0,0.2
783,204,204,1354,0,0.443204402923584,0.9500000000000004,0,0,0.1111111111111111
783,204,204,1666,0,0.6106871962547302,0.9500000000000004,0,0,0.23076923076923078
783,204,204,1804,0,0.4508644938468933,0.9500000000000004,0,0,0.1111111111111111
783,204,204,1807,0,0.5148668885231018,0.9500000000000004,0,0,0.2
783,204,204,1808,0,0.5148668885231018,0.9500000000000004,0,0,0.2
783,204,204,1809,0,0.5148668885231018,0.9500000000000004,0,0,0.2
783,204,204,1810,0,0.5148668885231018,0.9500000000000004,0,0,0.2
783,204,204,1811,0,0.5148668885231018,0.9500000000000004,0,0,0.2
783,204,204,1814,0,0.5822504758834839,0.9500000000000004,0,0,0.25
783,204,204,339,0,0.4703899025917053,0.9500000000000004,0,0,0.14285714285714285
784,144,144,1207,0,0.5632315874099731,0.9500000000000004,0,0,0.3333333333333333
784,144,144,143,0,0.4263702929019928,0.9500000000000004,0,0,0.13043478260869565
784,144,144,147,0,0.409199595451355,0.9500000000000004,0,0,0.10526315789473684
784,144,144,148,0,0.7977002859115601,0.9500000000000004,0,0,0.30434782608695654
784,144,144,178,0,0.7060622572898865,0.9500000000000004,0,0,0.2608695652173913
784,144,144,204,0,0.8865594863891602,0.9500000000000004,0,1,0.2857142857142857
784,144,144,340,0,0.48601841926574707,0.9500000000000004,0,0,0.1
784,144,144,341,0,0.48630622029304504,0.9500000000000004,0,0,0.1
784,144,144,420,0,0.4340095520019531,0.9500000000000004,0,0,0.1
784,144,144,421,0,0.33962133526802063,0.9500000000000004,0,0,0.1
784,144,144,82,0,0.5828971266746521,0.9500000000000004,0,0,0.17391304347826086
784,144,144,83,0,0.606054425239563,0.9500000000000004,0,0,0.13043478260869565
784,144,144,90,0,0.7462977170944214,0.9500000000000004,0,0,0.21739130434782608
785,1223,1223,1220,0,0.9173058867454529,0.9500000000000004,0,0,1.0
785,1223,1223,1221,0,0.9108054041862488,0.9500000000000004,0,0,1.0
785,1223,1223,1222,0,0.9009163975715637,0.9500000000000004,0,0,1.0
785,1223,1223,204,0,0.9393482208251953,0.9500000000000004,0,1,1.0
786,204,204,1343,0,0.618369996547699,0.9500000000000004,0,0,0.15384615384615385
786,204,204,1439,0,0.6891130805015564,0.9500000000000004,0,0,0.3333333333333333
786,204,204,1440,0,0.6891130805015564,0.9500000000000004,0,0,0.3333333333333333
786,204,204,1654,0,0.6891130805015564,0.9500000000000004,0,0,0.3333333333333333
786,204,204,1666,0,0.5963603258132935,0.9500000000000004,0,0,0.1875
786,204,204,1807,0,0.49181148409843445,0.9500000000000004,0,0,0.125
786,204,204,1808,0,0.49181148409843445,0.9500000000000004,0,0,0.125
786,204,204,1809,0,0.49181148409843445,0.9500000000000004,0,0,0.125
786,204,204,1810,0,0.49181148409843445,0.9500000000000004,0,0,0.125
786,204,204,1811,0,0.49181148409843445,0.9500000000000004,0,0,0.125
786,204,204,1814,0,0.5129298567771912,0.9500000000000004,0,0,0.14285714285714285
786,204,204,339,0,0.46463337540626526,0.9500000000000004,0,0,0.1
787,378,378,165,0,0.7258897423744202,0.9500000000000004,0,0,0.25
787,378,378,269,0,0.6839527487754822,0.9500000000000004,0,0,0.25
787,378,378,289,0,0.6857681274414062,0.9500000000000004,0,0,0.25
787,378,378,318,0,0.6698121428489685,0.9500000000000004,0,0,0.25
787,378,378,379,0,0.9661073684692383,0.9500000000000004,1,0,1.0
787,378,378,380,0,0.6734086871147156,0.9500000000000004,0,0,0.25
787,378,378,381,0,0.7415322661399841,0.9500000000000004,0,1,0.25
787,378,378,382,0,0.683874249458313,0.9500000000000004,0,0,0.25
787,378,378,383,0,0.6733896732330322,0.9500000000000004,0,0,0.25
787,378,378,384,0,0.6733896732330322,0.9500000000000004,0,1,0.25
787,378,378,385,0,0.6540288329124451,0.9500000000000004,0,0,0.25
787,378,378,409,0,0.668011486530304,0.9500000000000004,0,0,0.25
787,378,378,49,0,0.6560871005058289,0.9500000000000004,0,0,0.25
787,378,378,77,0,0.6680387854576111,0.9500000000000004,0,0,0.25
787,378,379,318,1,0.6977855563163757,0.9500000000000004,0,0,0.3333333333333333
787,378,379,380,1,0.6920775175094604,0.9500000000000004,0,0,0.3333333333333333
787,378,379,381,1,0.7658923268318176,0.9500000000000004,0,1,0.3333333333333333
787,378,379,382,1,0.7006415724754333,0.9500000000000004,0,0,0.3333333333333333
787,378,379,383,1,0.6920775175094604,0.9500000000000004,0,0,0.3333333333333333
787,378,379,384,1,0.6920775175094604,0.9500000000000004,0,1,0.3333333333333333
787,378,379,49,1,0.6947860717773438,0.9500000000000004,0,0,0.3333333333333333
787,378,379,77,1,0.6938183307647705,0.9500000000000004,0,0,0.3333333333333333
790,204,204,1343,0,0.550417423248291,0.9500000000000004,0,0,0.14285714285714285
790,204,204,1439,0,0.48047327995300293,0.9500000000000004,0,0,0.25
790,204,204,1440,0,0.48047327995300293,0.9500000000000004,0,0,0.25
790,204,204,1654,0,0.48047327995300293,0.9500000000000004,0,0,0.25
790,204,204,1666,0,0.5188924670219421,0.9500000000000004,0,0,0.17647058823529413
790,204,204,1807,0,0.4184463322162628,0.9500000000000004,0,0,0.1111111111111111
790,204,204,1808,0,0.4184463322162628,0.9500000000000004,0,0,0.1111111111111111
790,204,204,1809,0,0.4184463322162628,0.9500000000000004,0,0,0.1111111111111111
790,204,204,1810,0,0.4184463322162628,0.9500000000000004,0,0,0.1111111111111111
790,204,204,1811,0,0.4184463322162628,0.9500000000000004,0,0,0.1111111111111111
790,204,204,1814,0,0.42501717805862427,0.9500000000000004,0,0,0.125
791,204,204,1343,0,0.5772091150283813,0.9500000000000004,0,0,0.13333333333333333
791,204,204,1439,0,0.49082714319229126,0.9500000000000004,0,0,0.2
791,204,204,1440,0,0.49082714319229126,0.9500000000000004,0,0,0.2
791,204,204,1654,0,0.49082714319229126,0.9500000000000004,0,0,0.2
791,204,204,1666,0,0.5520212054252625,0.9500000000000004,0,0,0.16666666666666666
791,204,204,1807,0,0.45104166865348816,0.9500000000000004,0,0,0.1
791,204,204,1808,0,0.45104166865348816,0.9500000000000004,0,0,0.1
791,204,204,1809,0,0.45104166865348816,0.9500000000000004,0,0,0.1
791,204,204,1810,0,0.45104166865348816,0.9500000000000004,0,0,0.1
791,204,204,1811,0,0.45104166865348816,0.9500000000000004,0,0,0.1
791,204,204,1814,0,0.459929496049881,0.9500000000000004,0,0,0.1111111111111111
792,1666,1666,1323,0,0.6300445199012756,0.9500000000000004,0,0,0.3333333333333333
792,1666,1666,1325,0,0.7396309971809387,0.9500000000000004,0,0,0.5
792,1666,1666,1362,0,0.7333827018737793,0.9500000000000004,0,0,0.5
792,1666,1666,1660,0,0.8948584198951721,0.9500000000000004,0,0,0.6666666666666666
792,1666,1666,1661,0,0.6479353308677673,0.9500000000000004,0,0,0.3333333333333333
792,1666,1666,1723,0,0.641065776348114,0.9500000000000004,0,0,0.3333333333333333
792,1666,1666,204,0,0.9638063311576843,0.9500000000000004,1,1,1.0
792,1666,204,1343,1,0.5198293328285217,0.9500000000000004,0,0,0.125
792,1666,204,1439,1,0.4326108992099762,0.9500000000000004,0,0,0.16666666666666666
792,1666,204,1440,1,0.4326108992099762,0.9500000000000004,0,0,0.16666666666666666
792,1666,204,1654,1,0.4326108992099762,0.9500000000000004,0,0,0.16666666666666666
792,1666,204,1814,1,0.4129089117050171,0.9500000000000004,0,0,0.1
792,1666,204,83,1,0.8051480650901794,0.9500000000000004,0,0,0.10144927536231885
793,1655,1655,204,0,0.951552152633667,0.9500000000000004,1,1,1.0
793,1655,1655,83,0,0.9476450681686401,0.9500000000000004,0,0,1.0
793,1655,204,1293,1,0.9459495544433594,0.9500000000000004,0,0,1.0
793,1655,204,1343,1,0.4883781671524048,0.9500000000000004,0,0,0.11764705882352941
793,1655,204,1439,1,0.4782542884349823,0.9500000000000004,0,0,0.14285714285714285
793,1655,204,1440,1,0.4782542884349823,0.9500000000000004,0,0,0.14285714285714285
793,1655,204,1654,1,0.4782542884349823,0.9500000000000004,0,0,0.14285714285714285
793,1655,204,1666,1,0.6732250452041626,0.9500000000000004,0,0,0.2
793,1655,204,1885,1,0.9459495544433594,0.9500000000000004,0,0,1.0
793,1655,204,83,1,0.8368346691131592,0.9500000000000004,0,0,0.10071942446043165
794,1412,1412,1415,0,0.9113225936889648,0.9500000000000004,0,1,1.0
796,1433,1433,1296,0,0.7477564215660095,0.9500000000000004,0,0,0.5
796,1433,1433,1301,0,0.6591708064079285,0.9500000000000004,0,0,0.3333333333333333
796,1433,1433,1408,0,0.7355856895446777,0.9500000000000004,0,0,0.5
796,1433,1433,1540,0,0.6562867760658264,0.9500000000000004,0,0,0.3333333333333333
796,1433,1433,1541,0,0.9305864572525024,0.9500000000000004,0,0,0.6666666666666666
796,1433,1433,1564,0,0.7355856895446777,0.9500000000000004,0,0,0.5
796,1433,1433,1565,0,0.7355856895446777,0.9500000000000004,0,0,0.5
796,1433,1433,1657,0,0.7355856895446777,0.9500000000000004,0,0,0.5
796,1433,1433,1659,0,0.6536435484886169,0.9500000000000004,0,0,0.3333333333333333
796,1433,1433,1670,0,0.8767890334129333,0.9500000000000004,0,0,1.0
796,1433,1433,1717,0,0.8767890334129333,0.9500000000000004,0,0,1.0
796,1433,1433,204,0,0.9186084866523743,0.9500000000000004,0,0,0.6666666666666666
797,1666,1666,1293,0,0.8440815210342407,0.9500000000000004,0,0,1.0
797,1666,1666,1323,0,0.5707160234451294,0.9500000000000004,0,0,0.25
797,1666,1666,1325,0,0.6273595690727234,0.9500000000000004,0,0,0.3333333333333333
797,1666,1666,1362,0,0.6229981780052185,0.9500000000000004,0,0,0.3333333333333333
797,1666,1666,1660,0,0.7870468497276306,0.9500000000000004,0,0,0.5
797,1666,1666,1661,0,0.5856968760490417,0.9500000000000004,0,0,0.25
797,1666,1666,1723,0,0.5805391073226929,0.9500000000000004,0,0,0.25
797,1666,1666,1885,0,0.8440815210342407,0.9500000000000004,0,0,1.0
797,1666,1666,204,0,0.9744668006896973,0.9500000000000004,1,1,1.0
797,1666,204,1293,1,0.5581708550453186,0.9500000000000004,0,0,0.3333333333333333
797,1666,204,1343,1,0.4778178334236145,0.9500000000000004,0,0,0.10526315789473684
797,1666,204,1410,1,0.9466275572776794,0.9500000000000004,0,0,1.0
797,1666,204,1422,1,0.9466275572776794,0.9500000000000004,0,0,1.0
797,1666,204,1439,1,0.447909951210022,0.9500000000000004,0,0,0.1111111111111111
797,1666,204,1440,1,0.447909951210022,0.9500000000000004,0,0,0.1111111111111111
797,1666,204,1654,1,0.447909951210022,0.9500000000000004,0,0,0.1111111111111111
797,1666,204,1885,1,0.5581708550453186,0.9500000000000004,0,0,0.3333333333333333
799,1666,1666,1293,0,0.6863955855369568,0.9500000000000004,0,0,0.5
799,1666,1666,1313,0,0.8863431811332703,0.9500000000000004,0,0,1.0
799,1666,1666,1323,0,0.5479443073272705,0.9500000000000004,0,0,0.2
799,1666,1666,1325,0,0.5846289992332458,0.9500000000000004,0,0,0.25
799,1666,1666,1362,0,0.5716124176979065,0.9500000000000004,0,0,0.25
799,1666,1666,1660,0,0.7527703642845154,0.9500000000000004,0,0,0.4
799,1666,1666,1661,0,0.5608805418014526,0.9500000000000004,0,0,0.2
799,1666,1666,1708,0,0.5722278952598572,0.9500000000000004,0,0,0.2
799,1666,1666,1709,0,0.572227954864502,0.9500000000000004,0,0,0.2
799,1666,1666,1723,0,0.5439811944961548,0.9500000000000004,0,0,0.2
799,1666,1666,1885,0,0.6863955855369568,0.9500000000000004,0,0,0.5
799,1666,1666,204,0,0.9755295515060425,0.9500000000000004,1,1,1.0
799,1666,204,1293,1,0.48510172963142395,0.9500000000000004,0,0,0.25
799,1666,204,1313,1,0.9406461715698242,0.9500000000000004,0,0,1.0
799,1666,204,1343,1,0.4557991623878479,0.9500000000000004,0,0,0.1
799,1666,204,1410,1,0.67041015625,0.9500000000000004,0,0,0.5
799,1666,204,1422,1,0.67041015625,0.9500000000000004,0,0,0.5
799,1666,204,1439,1,0.4193529784679413,0.9500000000000004,0,0,0.1
799,1666,204,1440,1,0.4193529784679413,0.9500000000000004,0,0,0.1
799,1666,204,1654,1,0.4193529784679413,0.9500000000000004,0,0,0.1
799,1666,204,1885,1,0.48510172963142395,0.9500000000000004,0,0,0.25
800,1027,1027,1025,0,0.7265893816947937,0.9500000000000004,0,0,0.25
800,1027,1027,1026,0,0.5715047717094421,0.9500000000000004,0,0,0.125
800,1027,1027,1028,0,0.9923415184020996,0.9500000000000004,1,0,0.75
800,1027,1027,1030,0,0.6429704427719116,0.9500000000000004,0,0,0.125
800,1027,1027,1033,0,0.5427688956260681,0.9500000000000004,0,0,0.125
800,1027,1027,1034,0,0.557042121887207,0.9500000000000004,0,0,0.14285714285714285
800,1027,1027,1036,0,0.7768195867538452,0.9500000000000004,0,0,0.3333333333333333
800,1027,1027,1039,0,0.7258946299552917,0.9500000000000004,0,1,0.25
800,1027,1027,1076,0,0.6039982438087463,0.9500000000000004,0,0,0.16666666666666666
800,1027,1027,1077,0,0.618068277835846,0.9500000000000004,0,0,0.2
800,1027,1027,1090,0,0.5929383039474487,0.9500000000000004,0,0,0.16666666666666666
800,1027,1027,1091,0,0.7711231708526611,0.9500000000000004,0,0,0.3333333333333333
800,1027,1027,1092,0,0.6316028237342834,0.9500000000000004,0,0,0.16666666666666666
800,1027,1028,1025,1,0.5260538458824158,0.9500000000000004,0,0,0.1
800,1027,1028,1026,1,0.5180478692054749,0.9500000000000004,0,0,0.1
800,1027,1028,1029,1,0.8337147235870361,0.9500000000000004,0,0,0.3
800,1027,1028,1030,1,0.904092013835907,0.9500000000000004,0,0,0.4
800,1027,1028,1031,1,0.5152947306632996,0.9500000000000004,0,0,0.1
800,1027,1028,1033,1,0.5200657844543457,0.9500000000000004,0,0,0.1111111111111111
800,1027,1028,1034,1,0.5315795540809631,0.9500000000000004,0,0,0.125
800,1027,1028,1036,1,0.7295564413070679,0.9500000000000004,0,0,0.2857142857142857
800,1027,1028,1039,1,0.5293721556663513,0.9500000000000004,0,1,0.1111111111111111
800,1027,1028,1075,1,0.5584728121757507,0.9500000000000004,0,0,0.14285714285714285
800,1027,1028,1076,1,0.5609576106071472,0.9500000000000004,0,0,0.14285714285714285
800,1027,1028,1090,1,0.5784839987754822,0.9500000000000004,0,0,0.16666666666666666
800,1027,1028,1091,1,0.5801493525505066,0.9500000000000004,0,0,0.16666666666666666
800,1027,1028,1092,1,0.6186447739601135,0.9500000000000004,0,0,0.16666666666666666
801,1654,1654,1439,0,0.9142637848854065,0.9500000000000004,0,1,1.0
801,1654,1654,1440,0,0.9142637848854065,0.9500000000000004,0,1,1.0
801,1654,1654,204,0,0.9505650401115417,0.9500000000000004,1,1,1.0
801,1654,204,1293,1,0.28865697979927063,0.9500000000000004,0,0,0.2
801,1654,204,1313,1,0.47484275698661804,0.9500000000000004,0,0,0.5
801,1654,204,1353,1,0.8244442343711853,0.9500000000000004,0,0,1.0
801,1654,204,1410,1,0.33734893798828125,0.9500000000000004,0,0,0.3333333333333333
801,1654,204,1422,1,0.33734893798828125,0.9500000000000004,0,0,0.3333333333333333
801,1654,204,1666,1,0.608756959438324,0.9500000000000004,0,0,0.25
801,1654,204,1885,1,0.28865697979927063,0.9500000000000004,0,0,0.2
802,204,204,1293,0,0.3051939010620117,0.9500000000000004,0,0,0.16666666666666666
802,204,204,1313,0,0.3722391426563263,0.9500000000000004,0,0,0.3333333333333333
802,204,204,1353,0,0.5122072696685791,0.9500000000000004,0,0,0.5
802,204,204,1410,0,0.3385489284992218,0.9500000000000004,0,0,0.25
802,204,204,1422,0,0.3385489284992218,0.9500000000000004,0,0,0.25
802,204,204,1439,0,0.46809229254722595,0.9500000000000004,0,0,0.16666666666666666
802,204,204,1440,0,0.46809229254722595,0.9500000000000004,0,0,0.16666666666666666
802,204,204,1654,0,0.46809229254722595,0.9500000000000004,0,0,0.16666666666666666
802,204,204,1666,0,0.5924079418182373,0.9500000000000004,0,0,0.24
802,204,204,1885,0,0.3051939010620117,0.9500000000000004,0,0,0.16666666666666666
803,204,204,1284,0,0.9211342930793762,0.9500000000000004,0,0,1.0
803,204,204,1293,0,0.3007691204547882,0.9500000000000004,0,0,0.14285714285714285
803,204,204,1313,0,0.35685229301452637,0.9500000000000004,0,0,0.25
803,204,204,1353,0,0.41237208247184753,0.9500000000000004,0,0,0.3333333333333333
803,204,204,1410,0,0.33221545815467834,0.9500000000000004,0,0,0.2
803,204,204,1422,0,0.33221545815467834,0.9500000000000004,0,0,0.2
803,204,204,1439,0,0.47908708453178406,0.9500000000000004,0,0,0.15384615384615385
803,204,204,1440,0,0.47908708453178406,0.9500000000000004,0,0,0.15384615384615385
803,204,204,1654,0,0.47908708453178406,0.9500000000000004,0,0,0.15384615384615385
803,204,204,1666,0,0.6223695278167725,0.9500000000000004,0,0,0.23076923076923078
803,204,204,1885,0,0.3007691204547882,0.9500000000000004,0,0,0.14285714285714285
804,1373,1373,1309,0,0.7725099325180054,0.9500000000000004,0,0,0.5
804,1373,1373,1315,0,0.8726591467857361,0.9500000000000004,0,0,1.0
804,1373,1373,1658,0,0.7501093745231628,0.9500000000000004,0,0,0.5
804,1373,1373,1659,0,0.7712451219558716,0.9500000000000004,0,0,0.5
804,1373,1373,1660,0,0.9830664396286011,0.9500000000000004,1,0,1.0
804,1373,1373,1661,0,0.776524543762207,0.9500000000000004,0,0,0.5
804,1373,1373,1662,0,0.7501093745231628,0.9500000000000004,0,0,0.5
804,1373,1373,3,0,0.7925987839698792,0.9500000000000004,0,0,0.5
804,1373,1660,1307,1,0.5984576940536499,0.9500000000000004,0,0,0.3333333333333333
804,1373,1660,1309,1,0.7874460816383362,0.9500000000000004,0,0,0.4
804,1373,1660,1315,1,0.5453826785087585,0.9500000000000004,0,0,0.25
804,1373,1660,1323,1,0.5138170123100281,0.9500000000000004,0,0,0.25
804,1373,1660,1656,1,0.5984576940536499,0.9500000000000004,0,0,0.3333333333333333
804,1373,1660,1658,1,0.5225049257278442,0.9500000000000004,0,0,0.2
804,1373,1660,1659,1,0.5279892683029175,0.9500000000000004,0,0,0.2
804,1373,1660,1661,1,0.541520357131958,0.9500000000000004,0,0,0.2
804,1373,1660,1662,1,0.5225049257278442,0.9500000000000004,0,0,0.2
804,1373,1660,1666,1,0.908564031124115,0.9500000000000004,0,0,1.0
804,1373,1660,1723,1,0.6685096025466919,0.9500000000000004,0,0,0.5
804,1373,1660,204,1,0.8258605003356934,0.9500000000000004,0,1,0.4
804,1373,1660,3,1,0.5377044081687927,0.9500000000000004,0,0,0.2
805,204,204,1284,0,0.5328131318092346,0.9500000000000004,0,0,0.3333333333333333
805,204,204,1293,0,0.3200371265411377,0.9500000000000004,0,0,0.1111111111111111
805,204,204,1313,0,0.3907526731491089,0.9500000000000004,0,0,0.16666666666666666
805,204,204,1353,0,0.431803435087204,0.9500000000000004,0,0,0.2
805,204,204,1410,0,0.3601461350917816,0.9500000000000004,0,0,0.14285714285714285
805,204,204,1422,0,0.3601461350917816,0.9500000000000004,0,0,0.14285714285714285
805,204,204,1439,0,0.47580739855766296,0.9500000000000004,0,0,0.13333333333333333
805,204,204,1440,0,0.47580739855766296,0.9500000000000004,0,0,0.13333333333333333
805,204,204,1654,0,0.47580739855766296,0.9500000000000004,0,0,0.13333333333333333
805,204,204,1666,0,0.5543960928916931,0.9500000000000004,0,0,0.21428571428571427
805,204,204,1885,0,0.3200371265411377,0.9500000000000004,0,0,0.1111111111111111
805,204,204,1894,0,0.6953247785568237,0.9500000000000004,0,0,0.5
806,1666,1666,1293,0,0.5317527651786804,0.9500000000000004,0,1,0.3333333333333333
806,1666,1666,1313,0,0.6974345445632935,0.9500000000000004,0,0,0.5
806,1666,1666,1323,0,0.48606011271476746,0.9500000000000004,0,0,0.16666666666666666
806,1666,1666,1325,0,0.4993719160556793,0.9500000000000004,0,0,0.2
806,1666,1666,1353,0,0.887284517288208,0.9500000000000004,0,0,1.0
806,1666,1666,1362,0,0.481771320104599,0.9500000000000004,0,0,0.2
806,1666,1666,1660,0,0.6839646697044373,0.9500000000000004,0,0,0.3333333333333333
806,1666,1666,1661,0,0.4842056930065155,0.9500000000000004,0,0,0.16666666666666666
806,1666,1666,1708,0,0.5095535516738892,0.9500000000000004,0,0,0.16666666666666666
806,1666,1666,1709,0,0.5095535516738892,0.9500000000000004,0,0,0.16666666666666666
806,1666,1666,1723,0,0.4666760265827179,0.9500000000000004,0,0,0.16666666666666666
806,1666,1666,1885,0,0.5317527651786804,0.9500000000000004,0,1,0.3333333333333333
806,1666,1666,204,0,0.9812679886817932,0.9500000000000004,1,1,1.0
806,1666,204,1284,1,0.5053831338882446,0.9500000000000004,0,0,0.25
806,1666,204,1293,1,0.3252238631248474,0.9500000000000004,0,1,0.1
806,1666,204,1313,1,0.40208086371421814,0.9500000000000004,0,0,0.14285714285714285
806,1666,204,1353,1,0.4453827738761902,0.9500000000000004,0,0,0.16666666666666666
806,1666,204,1410,1,0.3688045144081116,0.9500000000000004,0,0,0.125
806,1666,204,1422,1,0.3688045144081116,0.9500000000000004,0,0,0.125
806,1666,204,1439,1,0.48047029972076416,0.9500000000000004,0,0,0.125
806,1666,204,1440,1,0.48047029972076416,0.9500000000000004,0,0,0.125
806,1666,204,1654,1,0.48047029972076416,0.9500000000000004,0,0,0.125
806,1666,204,1885,1,0.3252238631248474,0.9500000000000004,0,1,0.1
806,1666,204,1894,1,0.531367838382721,0.9500000000000004,0,0,0.3333333333333333
807,1657,1657,1296,0,0.9185129404067993,0.9500000000000004,0,0,1.0
807,1657,1657,1408,0,0.9112809300422668,0.9500000000000004,0,0,1.0
807,1657,1657,1433,0,0.9294217824935913,0.9500000000000004,0,0,1.0
807,1657,1657,1540,0,0.9176163077354431,0.9500000000000004,0,0,1.0
807,1657,1657,1541,0,0.9271039366722107,0.9500000000000004,0,0,1.0
807,1657,1657,1564,0,0.9112809300422668,0.9500000000000004,0,0,1.0
807,1657,1657,1565,0,0.9112809300422668,0.9500000000000004,0,0,1.0
808,1564,1564,1296,0,0.9176741242408752,0.9500000000000004,0,0,1.0
808,1564,1564,1408,0,0.9103902578353882,0.9500000000000004,0,0,1.0
808,1564,1564,1433,0,0.9287127256393433,0.9500000000000004,0,0,1.0
808,1564,1564,1540,0,0.9167814254760742,0.9500000000000004,0,0,1.0
808,1564,1564,1541,0,0.9262710809707642,0.9500000000000004,0,0,1.0
808,1564,1564,1565,0,0.9103902578353882,0.9500000000000004,0,0,1.0
808,1564,1564,1657,0,0.9254274964332581,0.9500000000000004,0,0,1.0
809,1541,1541,1296,0,0.7204180955886841,0.9500000000000004,0,0,0.5
809,1541,1541,1301,0,0.6030265092849731,0.9500000000000004,0,1,0.2
809,1541,1541,1360,0,0.567106306552887,0.9500000000000004,0,0,0.2
809,1541,1541,1361,0,0.5646048188209534,0.9500000000000004,0,0,0.2
809,1541,1541,1363,0,0.5843960046768188,0.9500000000000004,0,0,0.25
809,1541,1541,1364,0,0.5843960046768188,0.9500000000000004,0,0,0.25
809,1541,1541,1366,0,0.5646048188209534,0.9500000000000004,0,0,0.2
809,1541,1541,1408,0,0.7087085843086243,0.9500000000000004,0,0,0.5
809,1541,1541,1433,0,0.9310299754142761,0.9500000000000004,0,0,0.6666666666666666
809,1541,1541,1540,0,0.5315552353858948,0.9500000000000004,0,0,0.2
809,1541,1541,1564,0,0.7310382127761841,0.9500000000000004,0,0,0.5
809,1541,1541,1565,0,0.7087085843086243,0.9500000000000004,0,0,0.5
809,1541,1541,1657,0,0.7723349332809448,0.9500000000000004,0,0,0.5
809,1541,1541,1659,0,0.6249107718467712,0.9500000000000004,0,0,0.3333333333333333
809,1541,1541,1667,0,0.6239473819732666,0.9500000000000004,0,0,0.3333333333333333
809,1541,1541,1670,0,0.8583462238311768,0.9500000000000004,0,0,1.0
809,1541,1541,1708,0,0.6587204933166504,0.9500000000000004,0,0,0.3333333333333333
809,1541,1541,1709,0,0.6587204933166504,0.9500000000000004,0,0,0.3333333333333333
809,1541,1541,1710,0,0.6042801141738892,0.9500000000000004,0,0,0.3333333333333333
809,1541,1541,1711,0,0.6042801141738892,0.9500000000000004,0,0,0.3333333333333333
809,1541,1541,1712,0,0.6042801141738892,0.9500000000000004,0,0,0.3333333333333333
809,1541,1541,1717,0,0.8583462238311768,0.9500000000000004,0,0,1.0
809,1541,1541,204,0,0.6864098906517029,0.9500000000000004,0,0,0.2
810,313,313,106,0,0.9751415252685547,0.9500000000000004,1,1,1.0
810,313,313,1105,0,0.1816696971654892,0.9500000000000004,0,0,0.1
810,313,313,165,0,0.35782483220100403,0.9500000000000004,0,0,0.1875
810,313,313,204,0,0.398992121219635,0.9500000000000004,0,0,0.125
810,313,313,431,0,0.22669382393360138,0.9500000000000004,0,0,0.16666666666666666
810,313,106,1105,1,0.1586744487285614,0.9500000000000004,0,0,0.1
810,313,106,117,1,0.18746893107891083,0.9500000000000004,0,0,0.13043478260869565
810,313,106,165,1,0.37914666533470154,0.9500000000000004,0,0,0.2978723404255319
810,313,106,204,1,0.4385112524032593,0.9500000000000004,0,0,0.13043478260869565
810,313,106,315,1,0.18307393789291382,0.9500000000000004,0,0,0.11538461538461539
810,313,106,431,1,0.1962803453207016,0.9500000000000004,0,0,0.16666666666666666
811,1325,1325,1323,0,0.7814831137657166,0.9500000000000004,0,0,0.5
811,1325,1325,1328,0,0.7525133490562439,0.9500000000000004,0,0,0.5
811,1325,1325,1362,0,0.8739287853240967,0.9500000000000004,0,0,1.0
811,1325,1325,1661,0,0.8073661923408508,0.9500000000000004,0,0,0.5
811,1325,1325,1666,0,0.8956604599952698,0.9500000000000004,0,0,0.5
811,1325,1325,204,0,0.9173372387886047,0.9500000000000004,0,1,0.5
811,1325,1325,3,0,0.8401254415512085,0.9500000000000004,0,0,0.5
812,1350,1350,1296,0,0.7570742964744568,0.9500000000000004,0,0,1.0
812,1350,1350,1301,0,0.7742765545845032,0.9500000000000004,0,0,0.5
812,1350,1350,1312,0,0.5554978847503662,0.9500000000000004,0,0,0.3333333333333333
812,1350,1350,1336,0,0.5554978847503662,0.9500000000000004,0,0,0.3333333333333333
812,1350,1350,1347,0,0.7574052810668945,0.9500000000000004,0,0,1.0
812,1350,1350,1355,0,0.5554978847503662,0.9500000000000004,0,0,0.3333333333333333
812,1350,1350,1356,0,0.7998596429824829,0.9500000000000004,0,0,0.6666666666666666
812,1350,1350,1360,0,0.568572461605072,0.9500000000000004,0,0,0.3333333333333333
812,1350,1350,1381,0,0.7574052810668945,0.9500000000000004,0,0,1.0
812,1350,1350,1420,0,0.5718963146209717,0.9500000000000004,0,0,0.3333333333333333
812,1350,1350,1428,0,0.5718963146209717,0.9500000000000004,0,0,0.3333333333333333
812,1350,1350,1430,0,0.5718963146209717,0.9500000000000004,0,0,0.3333333333333333
812,1350,1350,1653,0,0.629372775554657,0.9500000000000004,0,0,0.5
812,1350,1350,1659,0,0.7570197582244873,0.9500000000000004,0,0,1.0
812,1350,1350,3,0,0.7293822765350342,0.9500000000000004,0,0,0.4
813,144,144,1207,0,0.5683528184890747,0.9500000000000004,0,0,0.25
813,144,144,143,0,0.4616031050682068,0.9500000000000004,0,0,0.125
813,144,144,147,0,0.4457448720932007,0.9500000000000004,0,0,0.1
813,144,144,148,0,0.7995235323905945,0.9500000000000004,0,0,0.2916666666666667
813,144,144,178,0,0.7201434373855591,0.9500000000000004,0,0,0.25
813,144,144,204,0,0.8852968215942383,0.9500000000000004,0,1,0.3181818181818182
813,144,144,82,0,0.5933488607406616,0.9500000000000004,0,0,0.16666666666666666
813,144,144,83,0,0.6538986563682556,0.9500000000000004,0,0,0.125
813,144,144,90,0,0.7366708517074585,0.9500000000000004,0,0,0.20833333333333334
814,204,204,1284,0,0.2528173327445984,0.9500000000000004,0,0,0.125
814,204,204,1293,0,0.31204044818878174,0.9500000000000004,0,0,0.14285714285714285
814,204,204,1351,0,0.3040212094783783,0.9500000000000004,0,0,0.3333333333333333
814,204,204,1353,0,0.24853356182575226,0.9500000000000004,0,0,0.1
814,204,204,1439,0,0.29665374755859375,0.9500000000000004,0,0,0.1
814,204,204,1440,0,0.29665374755859375,0.9500000000000004,0,0,0.1
814,204,204,1441,0,0.2785664498806,0.9500000000000004,0,0,0.25
814,204,204,1654,0,0.29665374755859375,0.9500000000000004,0,0,0.1
814,204,204,1666,0,0.5783342719078064,0.9500000000000004,0,0,0.21212121212121213
814,204,204,1885,0,0.31204044818878174,0.9500000000000004,0,0,0.14285714285714285
814,204,204,1894,0,0.25628986954689026,0.9500000000000004,0,0,0.14285714285714285
816,1373,1373,1309,0,0.6793842315673828,0.9500000000000004,0,0,0.3333333333333333
816,1373,1373,1315,0,0.7174555659294128,0.9500000000000004,0,0,0.5
816,1373,1373,1658,0,0.6580018997192383,0.9500000000000004,0,0,0.3333333333333333
816,1373,1373,1659,0,0.6793906688690186,0.9500000000000004,0,0,0.3333333333333333
816,1373,1373,1660,0,0.9481764435768127,0.9500000000000004,0,0,0.6666666666666666
816,1373,1373,1661,0,0.6700150370597839,0.9500000000000004,0,0,0.3333333333333333
816,1373,1373,1662,0,0.6580018997192383,0.9500000000000004,0,0,0.3333333333333333
816,1373,1373,204,0,0.787906289100647,0.9500000000000004,0,0,0.3333333333333333
816,1373,1373,3,0,0.5571365356445312,0.9500000000000004,0,0,0.3333333333333333
817,204,204,1284,0,0.24375377595424652,0.9500000000000004,0,0,0.1111111111111111
817,204,204,1293,0,0.2813243567943573,0.9500000000000004,0,0,0.13333333333333333
817,204,204,1351,0,0.2894164025783539,0.9500000000000004,0,0,0.25
817,204,204,1441,0,0.2652655839920044,0.9500000000000004,0,0,0.2
817,204,204,1666,0,0.5700228214263916,0.9500000000000004,0,0,0.20588235294117646
817,204,204,1885,0,0.2813243567943573,0.9500000000000004,0,0,0.13333333333333333
817,204,204,1894,0,0.2470702975988388,0.9500000000000004,0,0,0.125
818,57,57,172,0,0.4882592260837555,0.9500000000000004,0,0,0.25
818,57,57,173,0,0.4825901687145233,0.9500000000000004,0,0,0.25
818,57,57,175,0,0.4854642152786255,0.9500000000000004,0,0,0.25
818,57,57,204,0,0.7349616289138794,0.9500000000000004,0,1,0.25
818,57,57,251,0,0.4881328046321869,0.9500000000000004,0,0,0.25
818,57,57,58,0,0.5423213839530945,0.9500000000000004,0,0,0.25
818,57,57,68,0,0.9451127648353577,0.9500000000000004,0,0,0.75
820,80,80,100,0,0.6586398482322693,0.9500000000000004,0,0,0.3333333333333333
820,80,80,289,0,0.8824436068534851,0.9500000000000004,0,0,0.6666666666666666
820,80,80,423,0,0.7334511876106262,0.9500000000000004,0,0,0.5
820,80,80,73,0,0.7550169229507446,0.9500000000000004,0,0,0.3333333333333333
820,80,80,74,0,0.888848602771759,0.9500000000000004,0,0,0.6666666666666666
820,80,80,81,0,0.8785342574119568,0.9500000000000004,0,1,0.6666666666666666
820,80,80,89,0,0.6698518395423889,0.9500000000000004,0,1,0.3333333333333333
820,80,80,90,0,0.7061753869056702,0.9500000000000004,0,0,0.3333333333333333
821,308,308,204,0,0.7544516921043396,0.9500000000000004,0,1,0.3333333333333333
821,308,308,306,0,0.779495894908905,0.9500000000000004,0,0,0.5
821,308,308,307,0,0.7863322496414185,0.9500000000000004,0,0,0.5
821,308,308,487,0,0.8482142090797424,0.9500000000000004,0,0,1.0
821,308,308,70,0,0.9606732130050659,0.9500000000000004,1,1,0.8333333333333334
821,308,70,204,1,0.7241009473800659,0.9500000000000004,0,1,0.3333333333333333
821,308,70,306,1,0.7643113732337952,0.9500000000000004,0,0,0.5
821,308,70,307,1,0.6324990391731262,0.9500000000000004,0,0,0.3333333333333333
821,308,70,487,1,0.8555290699005127,0.9500000000000004,0,0,1.0
821,308,70,49,1,0.45933422446250916,0.9500000000000004,0,0,0.14285714285714285
821,308,70,68,1,0.518001139163971,0.9500000000000004,0,0,0.25
822,204,204,1293,0,0.28396639227867126,0.9500000000000004,0,0,0.10526315789473684
822,204,204,1351,0,0.25037169456481934,0.9500000000000004,0,0,0.125
822,204,204,1441,0,0.238962322473526,0.9500000000000004,0,0,0.1111111111111111
822,204,204,1666,0,0.6169293522834778,0.9500000000000004,0,0,0.18421052631578946
822,204,204,1795,0,0.5435152649879456,0.9500000000000004,0,0,0.5
822,204,204,1885,0,0.28396642208099365,0.9500000000000004,0,0,0.10526315789473684
822,204,204,1934,0,0.30318930745124817,0.9500000000000004,0,0,0.25
822,204,204,1935,0,0.30318930745124817,0.9500000000000004,0,0,0.25
822,204,204,1936,0,0.30318930745124817,0.9500000000000004,0,0,0.25
822,204,204,305,0,0.7805075645446777,0.9500000000000004,0,0,1.0
823,204,204,1293,0,0.46769002079963684,0.9500000000000004,0,0,0.1
823,204,204,1351,0,0.42932745814323425,0.9500000000000004,0,0,0.1111111111111111
823,204,204,1441,0,0.40257567167282104,0.9500000000000004,0,0,0.1
823,204,204,1666,0,0.7245154976844788,0.9500000000000004,0,0,0.1794871794871795
823,204,204,1795,0,0.7387707829475403,0.9500000000000004,0,0,0.3333333333333333
823,204,204,1885,0,0.46769002079963684,0.9500000000000004,0,0,0.1
823,204,204,1934,0,0.4890318512916565,0.9500000000000004,0,0,0.2
823,204,204,1935,0,0.4890318512916565,0.9500000000000004,0,0,0.2
823,204,204,1936,0,0.4890318512916565,0.9500000000000004,0,0,0.2
823,204,204,305,0,0.8628378510475159,0.9500000000000004,0,0,0.5
825,204,204,1351,0,0.40232038497924805,0.9500000000000004,0,0,0.1
825,204,204,1666,0,0.6852251291275024,0.9500000000000004,0,0,0.175
825,204,204,1795,0,0.5161429643630981,0.9500000000000004,0,0,0.25
825,204,204,1934,0,0.4419041872024536,0.9500000000000004,0,0,0.16666666666666666
825,204,204,1935,0,0.4419041872024536,0.9500000000000004,0,0,0.16666666666666666
825,204,204,1936,0,0.4419041872024536,0.9500000000000004,0,0,0.16666666666666666
825,204,204,305,0,0.59203040599823,0.9500000000000004,0,0,0.3333333333333333
827,1127,1127,1128,0,0.9967888593673706,0.9500000000000004,1,1,1.0
828,1028,1028,1025,0,0.5240556001663208,0.9500000000000004,0,0,0.1
828,1028,1028,1026,0,0.5171115398406982,0.9500000000000004,0,0,0.1
828,1028,1028,1027,0,0.9878963232040405,0.9500000000000004,1,1,0.6666666666666666
828,1028,1028,1029,0,0.826774537563324,0.9500000000000004,0,0,0.3
828,1028,1028,1030,0,0.8961399793624878,0.9500000000000004,0,0,0.4
828,1028,1028,1031,0,0.5146496891975403,0.9500000000000004,0,0,0.1
828,1028,1028,1033,0,0.5195220708847046,0.9500000000000004,0,0,0.1111111111111111
828,1028,1028,1034,0,0.5306521654129028,0.9500000000000004,0,0,0.125
828,1028,1028,1036,0,0.724051296710968,0.9500000000000004,0,0,0.2857142857142857
828,1028,1028,1039,0,0.6888886094093323,0.9500000000000004,0,0,0.1111111111111111
828,1028,1028,1075,0,0.5558140277862549,0.9500000000000004,0,0,0.14285714285714285
828,1028,1028,1076,0,0.5580567717552185,0.9500000000000004,0,0,0.14285714285714285
828,1028,1028,1090,0,0.5744037628173828,0.9500000000000004,0,0,0.16666666666666666
828,1028,1028,1091,0,0.5765917301177979,0.9500000000000004,0,0,0.16666666666666666
828,1028,1028,1092,0,0.6075496673583984,0.9500000000000004,0,0,0.16666666666666666
828,1028,1027,1025,1,0.6451256275177002,0.9500000000000004,0,0,0.2222222222222222
828,1028,1027,1026,1,0.49350693821907043,0.9500000000000004,0,0,0.1111111111111111
828,1028,1027,1030,1,0.5855211615562439,0.9500000000000004,0,0,0.1111111111111111
828,1028,1027,1033,1,0.44278669357299805,0.9500000000000004,0,0,0.1111111111111111
828,1028,1027,1034,1,0.4547356069087982,0.9500000000000004,0,0,0.125
828,1028,1027,1036,1,0.7001861333847046,0.9500000000000004,0,0,0.2857142857142857
828,1028,1027,1039,1,0.8881551027297974,0.9500000000000004,0,0,0.3333333333333333
828,1028,1027,1076,1,0.5205930471420288,0.9500000000000004,0,0,0.14285714285714285
828,1028,1027,1077,1,0.5176812410354614,0.9500000000000004,0,0,0.16666666666666666
828,1028,1027,1090,1,0.4992748200893402,0.9500000000000004,0,0,0.14285714285714285
828,1028,1027,1091,1,0.6893025040626526,0.9500000000000004,0,0,0.2857142857142857
828,1028,1027,1092,1,0.5359890460968018,0.9500000000000004,0,0,0.14285714285714285
829,204,204,1666,0,0.6686548590660095,0.9500000000000004,0,0,0.17073170731707318
829,204,204,1795,0,0.43735578656196594,0.9500000000000004,0,0,0.2
829,204,204,1934,0,0.4147089421749115,0.9500000000000004,0,0,0.14285714285714285
829,204,204,1935,0,0.4147089421749115,0.9500000000000004,0,0,0.14285714285714285
829,204,204,1936,0,0.4147089421749115,0.9500000000000004,0,0,0.14285714285714285
829,204,204,305,0,0.457520991563797,0.9500000000000004,0,0,0.25
829,204,204,83,0,0.8168742060661316,0.9500000000000004,0,1,0.1
830,204,204,1666,0,0.6583665609359741,0.9500000000000004,0,0,0.16666666666666666
830,204,204,1795,0,0.43854737281799316,0.9500000000000004,0,0,0.16666666666666666
830,204,204,1934,0,0.4275387227535248,0.9500000000000004,0,0,0.125
830,204,204,1935,0,0.4275387227535248,0.9500000000000004,0,0,0.125
830,204,204,1936,0,0.4275387227535248,0.9500000000000004,0,0,0.125
830,204,204,305,0,0.44864901900291443,0.9500000000000004,0,0,0.2
830,204,204,83,0,0.8318111896514893,0.9500000000000004,0,0,0.10559006211180125
831,391,391,204,0,0.929827094078064,0.9500000000000004,0,1,0.375
831,391,391,318,0,0.6710385680198669,0.9500000000000004,0,0,0.2
831,391,391,346,0,0.9595922827720642,0.9500000000000004,1,1,0.625
831,391,391,361,0,0.8330217599868774,0.9500000000000004,0,0,0.375
831,391,391,362,0,0.6871291399002075,0.9500000000000004,0,0,0.25
831,391,391,363,0,0.6871291995048523,0.9500000000000004,0,0,0.25
831,391,391,364,0,0.6873468160629272,0.9500000000000004,0,0,0.25
831,391,391,367,0,0.5903437733650208,0.9500000000000004,0,0,0.125
831,391,391,368,0,0.6902893781661987,0.9500000000000004,0,0,0.25
831,391,391,369,0,0.6871291399002075,0.9500000000000004,0,0,0.25
831,391,391,400,0,0.8199312090873718,0.9500000000000004,0,0,0.4
831,391,346,121,1,0.43374794721603394,0.9500000000000004,0,0,0.1111111111111111
831,391,346,122,1,0.43667376041412354,0.9500000000000004,0,0,0.1111111111111111
831,391,346,124,1,0.4358727037906647,0.9500000000000004,0,0,0.1111111111111111
831,391,346,139,1,0.4415963292121887,0.9500000000000004,0,0,0.1111111111111111
831,391,346,204,1,0.8443732857704163,0.9500000000000004,0,1,0.4444444444444444
831,391,346,269,1,0.43512654304504395,0.9500000000000004,0,0,0.1111111111111111
831,391,346,344,1,0.43510714173316956,0.9500000000000004,0,0,0.1111111111111111
831,391,346,347,1,0.4254591166973114,0.9500000000000004,0,0,0.1111111111111111
831,391,346,361,1,0.6162397265434265,0.9500000000000004,0,0,0.25
831,391,346,362,1,0.5681816935539246,0.9500000000000004,0,0,0.25
831,391,346,363,1,0.6051908731460571,0.9500000000000004,0,0,0.25
831,391,346,364,1,0.4301793873310089,0.9500000000000004,0,0,0.125
831,391,346,367,1,0.43015792965888977,0.9500000000000004,0,0,0.125
831,391,346,368,1,0.5740060210227966,0.9500000000000004,0,0,0.25
831,391,346,369,1,0.6051908135414124,0.9500000000000004,0,0,0.25
831,391,346,370,1,0.6612845659255981,0.9500000000000004,0,0,0.5
831,391,346,400,1,0.8430514335632324,0.9500000000000004,0,0,0.5
831,391,346,401,1,0.518060564994812,0.9500000000000004,0,0,0.25
833,204,204,1666,0,0.6425765752792358,0.9500000000000004,0,0,0.1590909090909091
833,204,204,1795,0,0.4130514860153198,0.9500000000000004,0,0,0.125
833,204,204,1934,0,0.4075598120689392,0.9500000000000004,0,0,0.1
833,204,204,1935,0,0.4075598120689392,0.9500000000000004,0,0,0.1
833,204,204,1936,0,0.4075598120689392,0.9500000000000004,0,0,0.1
833,204,204,305,0,0.4178897738456726,0.9500000000000004,0,0,0.14285714285714285
833,204,204,83,0,0.8016350865364075,0.9500000000000004,0,0,0.10429447852760736
834,1412,1412,1410,0,0.8768416047096252,0.9500000000000004,0,0,1.0
834,1412,1412,1415,0,0.978213369846344,0.9500000000000004,1,0,1.0
834,1412,1412,1422,0,0.8768416047096252,0.9500000000000004,0,0,1.0
834,1412,1412,204,0,0.9451374411582947,0.9500000000000004,0,0,0.5
834,1412,1415,1301,1,0.7547357678413391,0.9500000000000004,0,0,0.3333333333333333
834,1412,1415,1410,1,0.8728252053260803,0.9500000000000004,0,0,1.0
834,1412,1415,1422,1,0.8728252053260803,0.9500000000000004,0,0,1.0
834,1412,1415,204,1,0.9218719601631165,0.9500000000000004,0,0,0.3333333333333333
836,1323,1323,1301,0,0.7364872694015503,0.9500000000000004,0,0,0.3333333333333333
836,1323,1323,1325,0,0.7776011228561401,0.9500000000000004,0,0,0.5
836,1323,1323,1328,0,0.7307894825935364,0.9500000000000004,0,1,0.5
836,1323,1323,1357,0,0.667098879814148,0.9500000000000004,0,0,0.3333333333333333
836,1323,1323,1359,0,0.667098879814148,0.9500000000000004,0,0,0.3333333333333333
836,1323,1323,1360,0,0.6788182258605957,0.9500000000000004,0,0,0.3333333333333333
836,1323,1323,1361,0,0.6736423969268799,0.9500000000000004,0,0,0.3333333333333333
836,1323,1323,1366,0,0.6736423969268799,0.9500000000000004,0,0,0.3333333333333333
836,1323,1323,1660,0,0.7124149203300476,0.9500000000000004,0,1,0.3333333333333333
836,1323,1323,1666,0,0.851017951965332,0.9500000000000004,0,1,0.5
836,1323,1323,204,0,0.874798595905304,0.9500000000000004,0,1,0.3333333333333333
836,1323,1323,3,0,0.7649211287498474,0.9500000000000004,0,0,0.3333333333333333
837,1667,1667,1267,0,0.6360958218574524,0.9500000000000004,0,0,0.3333333333333333
837,1667,1667,1313,0,0.9299356341362,0.9500000000000004,0,0,1.0
837,1667,1667,1412,0,0.7746894955635071,0.9500000000000004,0,0,0.3333333333333333
837,1667,1667,1541,0,0.7585935592651367,0.9500000000000004,0,1,0.3333333333333333
837,1667,1667,1708,0,0.9325209856033325,0.9500000000000004,0,1,1.0
837,1667,1667,1709,0,0.9325209856033325,0.9500000000000004,0,1,1.0
837,1667,1667,1710,0,0.712925910949707,0.9500000000000004,0,0,0.5
837,1667,1667,1711,0,0.712925910949707,0.9500000000000004,0,1,0.5
837,1667,1667,1712,0,0.712925910949707,0.9500000000000004,0,0,0.5
837,1667,1667,1893,0,0.888725757598877,0.9500000000000004,0,0,1.0
837,1667,1667,2017,0,0.888725757598877,0.9500000000000004,0,1,1.0
837,1667,1667,2026,0,0.888725757598877,0.9500000000000004,0,0,1.0
839,1654,1654,1439,0,0.9604023098945618,0.9500000000000004,1,1,1.0
839,1654,1654,1440,0,0.9604023098945618,0.9500000000000004,1,0,1.0
839,1654,1654,204,0,0.9611555337905884,0.9500000000000004,1,0,1.0
839,1654,204,1333,1,0.7352336049079895,0.9500000000000004,0,0,0.5
839,1654,204,1334,1,0.7352336049079895,0.9500000000000004,0,0,0.5
839,1654,204,1666,1,0.6908178329467773,0.9500000000000004,0,0,0.1702127659574468
839,1654,204,1892,1,0.9209255576133728,0.9500000000000004,0,0,1.0
839,1654,204,2009,1,0.4924499988555908,0.9500000000000004,0,0,0.3333333333333333
839,1654,204,2011,1,0.4924499988555908,0.9500000000000004,0,0,0.3333333333333333
839,1654,204,2017,1,0.7451540231704712,0.9500000000000004,0,0,0.5
839,1654,204,2027,1,0.7352336049079895,0.9500000000000004,0,0,0.5
839,1654,204,305,1,0.4082249104976654,0.9500000000000004,0,0,0.1
839,1654,204,83,1,0.7884560823440552,0.9500000000000004,0,0,0.10240963855421686
840,1660,1660,1307,0,0.5984290242195129,0.9500000000000004,0,0,0.25
840,1660,1660,1309,0,0.7537919878959656,0.9500000000000004,0,0,0.3333333333333333
840,1660,1660,1315,0,0.569804847240448,0.9500000000000004,0,0,0.2
840,1660,1660,1323,0,0.7824299931526184,0.9500000000000004,0,0,0.4
840,1660,1660,1328,0,0.6833698153495789,0.9500000000000004,0,0,0.5
840,1660,1660,1333,0,0.8454747200012207,0.9500000000000004,0,0,1.0
840,1660,1660,1334,0,0.8454747200012207,0.9500000000000004,0,0,1.0
840,1660,1660,1373,0,0.7874618768692017,0.9500000000000004,0,0,0.3333333333333333
840,1660,1660,1540,0,0.5400956273078918,0.9500000000000004,0,0,0.16666666666666666
840,1660,1660,1656,0,0.6581277847290039,0.9500000000000004,0,0,0.25
840,1660,1660,1658,0,0.5485838651657104,0.9500000000000004,0,0,0.16666666666666666
840,1660,1660,1659,0,0.5707764029502869,0.9500000000000004,0,0,0.16666666666666666
840,1660,1660,1661,0,0.5798829793930054,0.9500000000000004,0,0,0.16666666666666666
840,1660,1660,1662,0,0.5485838651657104,0.9500000000000004,0,0,0.16666666666666666
840,1660,1660,1666,0,0.9280505180358887,0.9500000000000004,0,0,1.0
840,1660,1660,1723,0,0.6450082063674927,0.9500000000000004,0,0,0.3333333333333333
840,1660,1660,2027,0,0.8454747200012207,0.9500000000000004,0,0,1.0
840,1660,1660,204,0,0.921925961971283,0.9500000000000004,0,1,0.5
840,1660,1660,3,0,0.572220504283905,0.9500000000000004,0,0,0.16666666666666666
841,2017,2017,1313,0,0.6868180632591248,0.9500000000000004,0,0,0.5
841,2017,2017,1412,0,0.6937621235847473,0.9500000000000004,0,0,0.5
841,2017,2017,1541,0,0.7808398604393005,0.9500000000000004,0,0,0.5
841,2017,2017,1667,0,0.9472850561141968,0.9500000000000004,0,0,1.0
841,2017,2017,1708,0,0.940983772277832,0.9500000000000004,0,0,1.0
841,2017,2017,1709,0,0.940983772277832,0.9500000000000004,0,0,1.0
841,2017,2017,1711,0,0.7551602721214294,0.9500000000000004,0,0,0.5
841,2017,2017,1892,0,0.8600426316261292,0.9500000000000004,0,0,1.0
841,2017,2017,1893,0,0.7034333348274231,0.9500000000000004,0,0,0.5
841,2017,2017,2026,0,0.6673406958580017,0.9500000000000004,0,0,0.5
841,2017,2017,204,0,0.8391676545143127,0.9500000000000004,0,0,0.5
842,204,204,1333,0,0.413562536239624,0.9500000000000004,0,0,0.3333333333333333
842,204,204,1334,0,0.413562536239624,0.9500000000000004,0,0,0.3333333333333333
842,204,204,1666,0,0.6398810744285583,0.9500000000000004,0,0,0.16666666666666666
842,204,204,1892,0,0.5342426896095276,0.9500000000000004,0,0,0.5
842,204,204,2009,0,0.3549825847148895,0.9500000000000004,0,0,0.25
842,204,204,2011,0,0.3549825847148895,0.9500000000000004,0,0,0.25
842,204,204,2017,0,0.44532516598701477,0.9500000000000004,0,0,0.3333333333333333
842,204,204,2027,0,0.413562536239624,0.9500000000000004,0,0,0.3333333333333333
842,204,204,2031,0,0.8987531661987305,0.9500000000000004,0,0,1.0
842,204,204,83,0,0.6911688446998596,0.9500000000000004,0,0,0.10179640718562874
843,204,204,1313,0,0.7257780432701111,0.9500000000000004,0,0,0.1111111111111111
843,204,204,1333,0,0.4433861970901489,0.9500000000000004,0,0,0.25
843,204,204,1334,0,0.4433861970901489,0.9500000000000004,0,0,0.25
843,204,204,1351,0,0.600868821144104,0.9500000000000004,0,0,0.10526315789473684
843,204,204,1666,0,0.6954721808433533,0.9500000000000004,0,0,0.16326530612244897
843,204,204,1892,0,0.4689829647541046,0.9500000000000004,0,0,0.3333333333333333
843,204,204,2009,0,0.40131616592407227,0.9500000000000004,0,0,0.2
843,204,204,2011,0,0.40131616592407227,0.9500000000000004,0,0,0.2
843,204,204,2017,0,0.47826164960861206,0.9500000000000004,0,0,0.25
843,204,204,2027,0,0.4433861970901489,0.9500000000000004,0,0,0.25
843,204,204,2031,0,0.7338290214538574,0.9500000000000004,0,0,0.5
843,204,204,83,0,0.6194865107536316,0.9500000000000004,0,0,0.10119047619047619
844,1169,1169,1168,0,0.886741578578949,0.9500000000000004,0,0,1.0
844,1169,1169,204,0,0.9389200210571289,0.9500000000000004,0,1,1.0
846,2032,2032,1169,0,0.9060077667236328,0.9500000000000004,0,0,1.0
846,2032,2032,204,0,0.9478803873062134,0.9500000000000004,0,0,1.0
846,2032,2032,83,0,0.9404205679893494,0.9500000000000004,0,1,1.0
847,1415,1415,1301,0,0.7341120839118958,0.9500000000000004,0,0,0.3333333333333333
847,1415,1415,1410,0,0.8660346269607544,0.9500000000000004,0,0,1.0
847,1415,1415,1412,0,0.9785390496253967,0.9500000000000004,1,1,1.0
847,1415,1415,1422,0,0.8660346269607544,0.9500000000000004,0,0,1.0
847,1415,1415,204,0,0.9092011451721191,0.9500000000000004,0,0,0.3333333333333333
847,1415,1412,1313,1,0.9460541009902954,0.9500000000000004,0,0,1.0
847,1415,1412,1410,1,0.7639868259429932,0.9500000000000004,0,0,0.5
847,1415,1412,1422,1,0.7639868259429932,0.9500000000000004,0,0,0.5
847,1415,1412,1667,1,0.8481841087341309,0.9500000000000004,0,0,0.5
847,1415,1412,1708,1,0.8626744151115417,0.9500000000000004,0,0,0.5
847,1415,1412,1709,1,0.8626744151115417,0.9500000000000004,0,0,0.5
847,1415,1412,1893,1,0.9060018062591553,0.9500000000000004,0,0,1.0
847,1415,1412,2017,1,0.9129185080528259,0.9500000000000004,0,0,1.0
847,1415,1412,2026,1,0.8930063843727112,0.9500000000000004,0,0,1.0
847,1415,1412,204,1,0.9135579466819763,0.9500000000000004,0,0,0.3333333333333333
848,2028,2028,2017,0,0.920414388179779,0.9500000000000004,0,0,1.0
849,1127,1127,1128,0,0.9982547163963318,0.9500000000000004,1,1,1.0
850,204,204,1313,0,0.5151495337486267,0.9500000000000004,0,0,0.1
850,204,204,1333,0,0.30465084314346313,0.9500000000000004,0,0,0.14285714285714285
850,204,204,1334,0,0.30465084314346313,0.9500000000000004,0,0,0.14285714285714285
850,204,204,1666,0,0.5669679641723633,0.9500000000000004,0,0,0.15384615384615385
850,204,204,1892,0,0.30659812688827515,0.9500000000000004,0,0,0.16666666666666666
850,204,204,2009,0,0.3038804233074188,0.9500000000000004,0,0,0.125
850,204,204,2011,0,0.3038804233074188,0.9500000000000004,0,0,0.125
850,204,204,2017,0,0.3227715790271759,0.9500000000000004,0,0,0.14285714285714285
850,204,204,2027,0,0.30465084314346313,0.9500000000000004,0,0,0.14285714285714285
850,204,204,2028,0,0.3860153555870056,0.9500000000000004,0,0,0.25
850,204,204,2031,0,0.3130698502063751,0.9500000000000004,0,0,0.2
850,204,204,2032,0,0.4202207624912262,0.9500000000000004,0,0,0.5
850,204,204,83,0,0.7261425852775574,0.9500000000000004,0,0,0.10526315789473684
851,204,204,1333,0,0.31924572587013245,0.9500000000000004,0,0,0.125
851,204,204,1334,0,0.31924572587013245,0.9500000000000004,0,0,0.125
851,204,204,1666,0,0.5738102793693542,0.9500000000000004,0,0,0.1509433962264151
851,204,204,1892,0,0.31957143545150757,0.9500000000000004,0,0,0.14285714285714285
851,204,204,2009,0,0.3248912990093231,0.9500000000000004,0,0,0.1111111111111111
851,204,204,2011,0,0.3248912990093231,0.9500000000000004,0,0,0.1111111111111111
851,204,204,2017,0,0.358407199382782,0.9500000000000004,0,0,0.125
851,204,204,2027,0,0.31924572587013245,0.9500000000000004,0,0,0.125
851,204,204,2028,0,0.3960433602333069,0.9500000000000004,0,0,0.2
851,204,204,2031,0,0.3238281011581421,0.9500000000000004,0,0,0.16666666666666666
851,204,204,2032,0,0.3790332078933716,0.9500000000000004,0,0,0.3333333333333333
851,204,204,83,0,0.7278252840042114,0.9500000000000004,0,0,0.10465116279069768
852,204,204,1333,0,0.3075351119041443,0.9500000000000004,0,0,0.1111111111111111
852,204,204,1334,0,0.3075351119041443,0.9500000000000004,0,0,0.1111111111111111
852,204,204,1666,0,0.560175359249115,0.9500000000000004,0,0,0.14814814814814814
852,204,204,1892,0,0.3079085350036621,0.9500000000000004,0,0,0.125
852,204,204,2009,0,0.31212401390075684,0.9500000000000004,0,0,0.1
852,204,204,2011,0,0.31212401390075684,0.9500000000000004,0,0,0.1
852,204,204,2017,0,0.33428123593330383,0.9500000000000004,0,0,0.1111111111111111
852,204,204,2027,0,0.3075351119041443,0.9500000000000004,0,0,0.1111111111111111
852,204,204,2028,0,0.36677634716033936,0.9500000000000004,0,0,0.16666666666666666
852,204,204,2031,0,0.3091713786125183,0.9500000000000004,0,0,0.14285714285714285
852,204,204,2032,0,0.34447577595710754,0.9500000000000004,0,0,0.25
852,204,204,2034,0,0.8932461142539978,0.9500000000000004,0,0,1.0
852,204,204,2035,0,0.8932461142539978,0.9500000000000004,0,0,1.0
852,204,204,83,0,0.710212230682373,0.9500000000000004,0,0,0.10404624277456648
853,135,135,106,0,0.7944992184638977,0.9500000000000004,0,0,0.5
853,135,135,117,0,0.6343271732330322,0.9500000000000004,0,0,0.3333333333333333
853,135,135,1229,0,0.7782353162765503,0.9500000000000004,0,0,1.0
853,135,135,133,0,0.608786404132843,0.9500000000000004,0,0,0.3333333333333333
853,135,135,138,0,0.5913692116737366,0.9500000000000004,0,0,0.25
853,135,135,242,0,0.5658344626426697,0.9500000000000004,0,0,0.25
853,135,135,291,0,0.5942124128341675,0.9500000000000004,0,0,0.25
853,135,135,59,0,0.5964054465293884,0.9500000000000004,0,0,0.25
853,135,135,73,0,0.6217320561408997,0.9500000000000004,0,0,0.25
853,135,135,74,0,0.773138165473938,0.9500000000000004,0,0,0.5
853,135,135,82,0,0.6223121285438538,0.9500000000000004,0,0,0.25
854,1795,1795,204,0,0.9382312297821045,0.9500000000000004,0,1,1.0
854,1795,1795,80,0,0.9276655912399292,0.9500000000000004,0,0,1.0
854,1795,1795,81,0,0.9190099835395813,0.9500000000000004,0,0,1.0
854,1795,1795,89,0,0.933764636516571,0.9500000000000004,0,0,1.0
855,80,80,100,0,0.5454224348068237,0.9500000000000004,0,0,0.2
855,80,80,1795,0,0.808814525604248,0.9500000000000004,0,0,0.5
855,80,80,204,0,0.8517074584960938,0.9500000000000004,0,1,0.4
855,80,80,289,0,0.7478853464126587,0.9500000000000004,0,0,0.4
855,80,80,423,0,0.5066106915473938,0.9500000000000004,0,0,0.25
855,80,80,73,0,0.6164644956588745,0.9500000000000004,0,0,0.2
855,80,80,74,0,0.7754566669464111,0.9500000000000004,0,0,0.4
855,80,80,81,0,0.9545507431030273,0.9500000000000004,1,0,0.6
855,80,80,89,0,0.7854244709014893,0.9500000000000004,0,0,0.4
855,80,80,90,0,0.5542868375778198,0.9500000000000004,0,0,0.2
855,80,81,1795,1,0.8953787088394165,0.9500000000000004,0,0,1.0
855,80,81,204,1,0.8243646025657654,0.9500000000000004,0,1,0.3333333333333333
855,80,81,289,1,0.838123083114624,0.9500000000000004,0,0,0.6666666666666666
855,80,81,423,1,0.6808679103851318,0.9500000000000004,0,0,0.5
855,80,81,73,1,0.7181264758110046,0.9500000000000004,0,0,0.3333333333333333
855,80,81,74,1,0.8570502996444702,0.9500000000000004,0,0,0.6666666666666666
855,80,81,89,1,0.6770375370979309,0.9500000000000004,0,0,0.3333333333333333
856,80,80,100,0,0.5279022455215454,0.9500000000000004,0,0,0.16666666666666666
856,80,80,1795,0,0.7549883723258972,0.9500000000000004,0,0,0.3333333333333333
856,80,80,2036,0,0.9035174250602722,0.9500000000000004,0,0,1.0
856,80,80,204,0,0.9234088659286499,0.9500000000000004,0,1,0.5
856,80,80,289,0,0.6622823476791382,0.9500000000000004,0,0,0.3333333333333333
856,80,80,423,0,0.4569697380065918,0.9500000000000004,0,0,0.2
856,80,80,73,0,0.5653918385505676,0.9500000000000004,0,0,0.16666666666666666
856,80,80,74,0,0.6952472925186157,0.9500000000000004,0,0,0.3333333333333333
856,80,80,81,0,0.905062198638916,0.9500000000000004,0,0,0.5
856,80,80,89,0,0.7517489790916443,0.9500000000000004,0,0,0.3333333333333333
856,80,80,90,0,0.5140812397003174,0.9500000000000004,0,0,0.16666666666666666
857,338,338,111,0,0.8192536234855652,0.9500000000000004,0,0,0.5
857,338,338,112,0,0.8003939390182495,0.9500000000000004,0,0,0.5
857,338,338,114,0,0.6602529287338257,0.9500000000000004,0,0,0.3333333333333333
857,338,338,116,0,0.7289064526557922,0.9500000000000004,0,0,0.5
857,338,338,122,0,0.6618626117706299,0.9500000000000004,0,0,0.25
857,338,338,126,0,0.7150252461433411,0.9500000000000004,0,0,0.5
857,338,338,129,0,0.934101402759552,0.9500000000000004,0,0,0.75
857,338,338,136,0,0.6229996681213379,0.9500000000000004,0,0,0.25
857,338,338,138,0,0.6361316442489624,0.9500000000000004,0,0,0.25
857,338,338,318,0,0.6481701731681824,0.9500000000000004,0,0,0.25
857,338,338,344,0,0.6483181715011597,0.9500000000000004,0,0,0.25
857,338,338,361,0,0.6479622721672058,0.9500000000000004,0,0,0.25
857,338,338,376,0,0.6229082942008972,0.9500000000000004,0,0,0.25
857,338,338,402,0,0.77418452501297,0.9500000000000004,0,0,0.5
857,338,338,488,0,0.8672078251838684,0.9500000000000004,0,0,1.0
857,338,338,489,0,0.8609868884086609,0.9500000000000004,0,0,1.0
857,338,338,490,0,0.8390474915504456,0.9500000000000004,0,0,1.0
857,338,338,491,0,0.8390474915504456,0.9500000000000004,0,0,1.0
857,338,338,492,0,0.8390474915504456,0.9500000000000004,0,0,1.0
857,338,338,493,0,0.8511351943016052,0.9500000000000004,0,0,1.0
858,229,229,106,0,0.5372328162193298,0.9500000000000004,0,0,0.1
858,229,229,1099,0,0.5109717845916748,0.9500000000000004,0,0,0.16666666666666666
858,229,229,1100,0,0.6954913139343262,0.9500000000000004,0,0,0.3333333333333333
858,229,229,256,0,0.43688249588012695,0.9500000000000004,0,0,0.1
858,229,229,313,0,0.5392017960548401,0.9500000000000004,0,0,0.1
858,229,229,486,0,0.9808250069618225,0.9500000000000004,1,1,0.75
859,489,489,111,0,0.7884120345115662,0.9500000000000004,0,0,0.3333333333333333
859,489,489,1166,0,0.8210303783416748,0.9500000000000004,0,0,0.5
859,489,489,1167,0,0.8210303783416748,0.9500000000000004,0,0,0.5
859,489,489,204,0,0.9578701257705688,0.9500000000000004,1,1,0.6666666666666666
859,489,489,338,0,0.7939362525939941,0.9500000000000004,0,0,0.3333333333333333
859,489,489,355,0,0.7804684638977051,0.9500000000000004,0,0,0.5
859,489,489,402,0,0.7821009755134583,0.9500000000000004,0,0,0.3333333333333333
859,489,489,488,0,0.7798642516136169,0.9500000000000004,0,0,0.3333333333333333
859,489,489,490,0,0.7299639582633972,0.9500000000000004,0,0,0.3333333333333333
859,489,489,491,0,0.7299639582633972,0.9500000000000004,0,0,0.3333333333333333
859,489,489,492,0,0.7299639582633972,0.9500000000000004,0,0,0.3333333333333333
859,489,489,493,0,0.7537547945976257,0.9500000000000004,0,0,0.3333333333333333
859,489,204,1666,1,0.5669874548912048,0.9500000000000004,0,0,0.13114754098360656
859,489,204,2009,1,0.4076308608055115,0.9500000000000004,0,0,0.11764705882352941
859,489,204,2011,1,0.4076308608055115,0.9500000000000004,0,0,0.11764705882352941
859,489,204,2020,1,0.4847331643104553,0.9500000000000004,0,0,0.3333333333333333
859,489,204,2023,1,0.4847331643104553,0.9500000000000004,0,0,0.3333333333333333
859,489,204,2025,1,0.4847331643104553,0.9500000000000004,0,0,0.3333333333333333
859,489,204,2034,1,0.3509604036808014,0.9500000000000004,0,0,0.125
859,489,204,2035,1,0.3509604036808014,0.9500000000000004,0,0,0.125
859,489,204,2036,1,0.4147876799106598,0.9500000000000004,0,0,0.25
859,489,204,2037,1,0.4847331643104553,0.9500000000000004,0,0,0.3333333333333333
859,489,204,83,1,0.7093821167945862,0.9500000000000004,0,0,0.1
860,1896,1896,1379,0,0.9026722311973572,0.9500000000000004,0,0,1.0
860,1896,1896,1538,0,0.9026722311973572,0.9500000000000004,0,0,1.0
860,1896,1896,1656,0,0.909737765789032,0.9500000000000004,0,0,1.0
860,1896,1896,1657,0,0.909737765789032,0.9500000000000004,0,0,1.0
860,1896,1896,1897,0,0.9026722311973572,0.9500000000000004,0,0,1.0
860,1896,1896,1898,0,0.9026722311973572,0.9500000000000004,0,0,1.0
860,1896,1896,1899,0,0.9026722311973572,0.9500000000000004,0,0,1.0
861,204,204,1666,0,0.5393861532211304,0.9500000000000004,0,0,0.12698412698412698
861,204,204,2009,0,0.3898949921131134,0.9500000000000004,0,0,0.10526315789473684
861,204,204,2011,0,0.3898949921131134,0.9500000000000004,0,0,0.10526315789473684
861,204,204,2020,0,0.3903317153453827,0.9500000000000004,0,0,0.2
861,204,204,2023,0,0.3903317153453827,0.9500000000000004,0,0,0.2
861,204,204,2025,0,0.3903317153453827,0.9500000000000004,0,1,0.2
861,204,204,2034,0,0.3427915871143341,0.9500000000000004,0,0,0.1
861,204,204,2035,0,0.3427915871143341,0.9500000000000004,0,0,0.1
861,204,204,2036,0,0.3791179060935974,0.9500000000000004,0,0,0.16666666666666666
861,204,204,2037,0,0.3903317153453827,0.9500000000000004,0,1,0.2
861,204,204,2038,0,0.6280996203422546,0.9500000000000004,0,0,0.5
862,80,80,100,0,0.5357858538627625,0.9500000000000004,0,0,0.14285714285714285
862,80,80,144,0,0.7123279571533203,0.9500000000000004,0,0,0.14285714285714285
862,80,80,178,0,0.6731634736061096,0.9500000000000004,0,0,0.14285714285714285
862,80,80,1795,0,0.6818310022354126,0.9500000000000004,0,0,0.25
862,80,80,2020,0,0.8897947669029236,0.9500000000000004,0,0,1.0
862,80,80,2023,0,0.8897947669029236,0.9500000000000004,0,0,1.0
862,80,80,2025,0,0.9086567163467407,0.9500000000000004,0,0,1.0
862,80,80,2036,0,0.7617713809013367,0.9500000000000004,0,0,0.5
862,80,80,2037,0,0.9086567163467407,0.9500000000000004,0,0,1.0
862,80,80,204,0,0.9441043734550476,0.9500000000000004,0,1,0.5714285714285714
862,80,80,289,0,0.6660587787628174,0.9500000000000004,0,0,0.2857142857142857
862,80,80,423,0,0.4718491733074188,0.9500000000000004,0,0,0.16666666666666666
862,80,80,73,0,0.5820226073265076,0.9500000000000004,0,0,0.14285714285714285
862,80,80,74,0,0.6936492323875427,0.9500000000000004,0,0,0.2857142857142857
862,80,80,81,0,0.8916266560554504,0.9500000000000004,0,0,0.42857142857142855
862,80,80,89,0,0.7188790440559387,0.9500000000000004,0,0,0.2857142857142857
862,80,80,90,0,0.5112244486808777,0.9500000000000004,0,0,0.14285714285714285
863,117,117,106,0,0.8851113319396973,0.9500000000000004,0,0,0.6
863,117,117,116,0,0.5977028608322144,0.9500000000000004,0,0,0.2
863,117,117,118,0,0.8691765666007996,0.9500000000000004,0,0,0.6
863,117,117,125,0,0.5987545251846313,0.9500000000000004,0,0,0.2
863,117,117,133,0,0.623901903629303,0.9500000000000004,0,0,0.25
863,117,117,135,0,0.6782243251800537,0.9500000000000004,0,0,0.2
863,117,117,140,0,0.8379576206207275,0.9500000000000004,0,0,1.0
863,117,117,165,0,0.6251581311225891,0.9500000000000004,0,0,0.2
863,117,117,233,0,0.5866975784301758,0.9500000000000004,0,0,0.2
863,117,117,291,0,0.6086668372154236,0.9500000000000004,0,0,0.2
863,117,117,313,0,0.7854073643684387,0.9500000000000004,0,0,0.4
863,117,117,314,0,0.6192188262939453,0.9500000000000004,0,0,0.25
863,117,117,315,0,0.6109970211982727,0.9500000000000004,0,0,0.2
863,117,117,404,0,0.7549365162849426,0.9500000000000004,0,0,0.4
863,117,117,74,0,0.6450640559196472,0.9500000000000004,0,0,0.2
864,204,204,1666,0,0.4905169606208801,0.9500000000000004,0,0,0.12121212121212122
864,204,204,2020,0,0.3780740797519684,0.9500000000000004,0,0,0.125
864,204,204,2023,0,0.3780740797519684,0.9500000000000004,0,0,0.125
864,204,204,2025,0,0.4616355299949646,0.9500000000000004,0,0,0.25
864,204,204,2036,0,0.370696485042572,0.9500000000000004,0,0,0.1111111111111111
864,204,204,2037,0,0.4616355299949646,0.9500000000000004,0,0,0.25
864,204,204,2038,0,0.407001793384552,0.9500000000000004,0,0,0.2
865,83,83,1655,0,0.38888266682624817,0.9500000000000004,0,0,0.125
865,83,83,2032,0,0.9027201533317566,0.9500000000000004,0,1,1.0
865,83,83,204,0,0.9289302229881287,0.9500000000000004,0,1,0.5294117647058824
865,83,83,330,0,0.4128972887992859,0.9500000000000004,0,0,0.10714285714285714
865,83,83,82,0,0.7275860905647278,0.9500000000000004,0,0,0.2571428571428571
865,83,83,89,0,0.6249045133590698,0.9500000000000004,0,0,0.21739130434782608
865,83,83,90,0,0.5794576406478882,0.9500000000000004,0,0,0.2
866,106,106,117,0,0.31749552488327026,0.9500000000000004,0,0,0.125
866,106,106,165,0,0.30097636580467224,0.9500000000000004,0,1,0.2916666666666667
866,106,106,204,0,0.3608721196651459,0.9500000000000004,0,1,0.1276595744680851
866,106,106,313,0,0.9199076890945435,0.9500000000000004,0,1,0.9166666666666666
866,106,106,315,0,0.14720292389392853,0.9500000000000004,0,1,0.1111111111111111
866,106,106,431,0,0.15663664042949677,0.9500000000000004,0,0,0.14285714285714285
867,350,350,1217,0,0.7357030510902405,0.9500000000000004,0,0,0.5
867,350,350,204,0,0.7869704961776733,0.9500000000000004,0,1,0.3333333333333333
867,350,350,342,0,0.6817094683647156,0.9500000000000004,0,0,0.3333333333333333
867,350,350,349,0,0.9601432085037231,0.9500000000000004,1,0,1.0
867,350,350,351,0,0.9633674621582031,0.9500000000000004,1,0,1.0
867,350,350,352,0,0.9582046270370483,0.9500000000000004,1,0,1.0
867,350,350,353,0,0.8511372804641724,0.9500000000000004,0,0,1.0
867,350,350,356,0,0.6502980589866638,0.9500000000000004,0,0,0.3333333333333333
867,350,350,357,0,0.643839955329895,0.9500000000000004,0,0,0.3333333333333333
867,350,352,1217,1,0.6593188047409058,0.9500000000000004,0,0,0.5
867,350,352,204,1,0.6716316342353821,0.9500000000000004,0,1,0.25
867,350,352,342,1,0.7533382177352905,0.9500000000000004,0,0,0.5
867,350,352,348,1,0.5345394015312195,0.9500000000000004,0,1,0.25
867,350,352,353,1,0.8221591114997864,0.9500000000000004,0,0,1.0
867,350,352,356,1,0.7499686479568481,0.9500000000000004,0,0,0.5
867,350,352,357,1,0.513458251953125,0.9500000000000004,0,0,0.25
867,350,351,1217,1,0.7139769792556763,0.9500000000000004,0,0,0.25
867,350,351,204,1,0.9660064578056335,0.9500000000000004,1,1,0.6
867,350,351,342,1,0.8567875623703003,0.9500000000000004,0,0,0.4
867,350,351,353,1,0.7581274509429932,0.9500000000000004,0,0,0.3333333333333333
867,350,351,356,1,0.6917068958282471,0.9500000000000004,0,0,0.2
867,350,351,357,1,0.6885411143302917,0.9500000000000004,0,0,0.2
867,350,204,1666,2,0.4860530197620392,0.9500000000000004,0,0,0.11594202898550725
867,350,204,2025,2,0.40532436966896057,0.9500000000000004,0,0,0.18181818181818182
867,350,204,2032,2,0.4531764090061188,0.9500000000000004,0,0,0.10526315789473684
867,350,204,2037,2,0.40532436966896057,0.9500000000000004,0,0,0.18181818181818182
867,350,204,2038,2,0.3554890751838684,0.9500000000000004,0,0,0.125
867,350,204,302,2,0.9314877390861511,0.9500000000000004,0,0,1.0
867,350,204,311,2,0.9314877390861511,0.9500000000000004,0,0,1.0
867,350,204,410,2,0.5327757596969604,0.9500000000000004,0,0,0.3333333333333333
867,350,204,83,2,0.6367202401161194,0.9500000000000004,0,0,0.10106382978723404
867,350,349,1217,1,0.7357030510902405,0.9500000000000004,0,0,0.5
867,350,349,342,1,0.6817094683647156,0.9500000000000004,0,0,0.3333333333333333
867,350,349,353,1,0.8511372804641724,0.9500000000000004,0,0,1.0
867,350,349,356,1,0.6502980589866638,0.9500000000000004,0,0,0.3333333333333333
867,350,349,357,1,0.643839955329895,0.9500000000000004,0,0,0.3333333333333333
868,204,204,1666,0,0.4968383014202118,0.9500000000000004,0,0,0.11428571428571428
868,204,204,1812,0,0.9232334494590759,0.9500000000000004,0,0,1.0
868,204,204,2025,0,0.39943453669548035,0.9500000000000004,0,0,0.16666666666666666
868,204,204,2032,0,0.43295103311538696,0.9500000000000004,0,0,0.1
868,204,204,2037,0,0.39943453669548035,0.9500000000000004,0,0,0.16666666666666666
868,204,204,2038,0,0.3528188467025757,0.9500000000000004,0,0,0.1111111111111111
868,204,204,2045,0,0.9232334494590759,0.9500000000000004,0,0,1.0
868,204,204,2046,0,0.9232334494590759,0.9500000000000004,0,0,1.0
868,204,204,302,0,0.5857676863670349,0.9500000000000004,0,0,0.5
868,204,204,311,0,0.5857676863670349,0.9500000000000004,0,0,0.5
868,204,204,410,0,0.42255520820617676,0.9500000000000004,0,0,0.25
868,204,204,83,0,0.7155030369758606,0.9500000000000004,0,0,0.10052910052910052
869,1301,1301,1296,0,0.5719557404518127,0.9500000000000004,0,0,0.25
869,1301,1301,1323,0,0.6171212196350098,0.9500000000000004,0,0,0.2
869,1301,1301,1347,0,0.6510629653930664,0.9500000000000004,0,0,0.3333333333333333
869,1301,1301,1350,0,0.7205091118812561,0.9500000000000004,0,0,0.2857142857142857
869,1301,1301,1357,0,0.557864248752594,0.9500000000000004,0,0,0.2
869,1301,1301,1359,0,0.557864248752594,0.9500000000000004,0,0,0.2
869,1301,1301,1360,0,0.561909019947052,0.9500000000000004,0,0,0.2
869,1301,1301,1361,0,0.5606867671012878,0.9500000000000004,0,0,0.2
869,1301,1301,1366,0,0.5606867074966431,0.9500000000000004,0,0,0.2
869,1301,1301,1381,0,0.6050652861595154,0.9500000000000004,0,0,0.3333333333333333
869,1301,1301,1415,0,0.6152927875518799,0.9500000000000004,0,0,0.16666666666666666
869,1301,1301,1433,0,0.598416805267334,0.9500000000000004,0,0,0.25
869,1301,1301,1541,0,0.753432035446167,0.9500000000000004,0,0,0.4
869,1301,1301,1659,0,0.7419926524162292,0.9500000000000004,0,0,0.4
869,1301,1301,1670,0,0.5709394216537476,0.9500000000000004,0,0,0.25
869,1301,1301,1717,0,0.5709394216537476,0.9500000000000004,0,0,0.25
869,1301,1301,204,0,0.7956642508506775,0.9500000000000004,0,1,0.2857142857142857
869,1301,1301,3,0,0.6380093097686768,0.9500000000000004,0,0,0.14285714285714285
870,278,278,236,0,0.9235327839851379,0.9500000000000004,0,0,0.1
870,278,278,237,0,0.9235327839851379,0.9500000000000004,0,0,0.1
870,278,278,274,0,0.995201826095581,0.9500000000000004,1,1,1.0
870,278,274,236,1,0.9235327839851379,0.9500000000000004,0,0,0.1
870,278,274,237,1,0.9235327839851379,0.9500000000000004,0,0,0.1
871,206,206,227,0,0.990845263004303,0.9500000000000004,1,1,1.0
871,206,206,240,0,0.6628571152687073,0.9500000000000004,0,0,0.16666666666666666
871,206,206,241,0,0.6704539060592651,0.9500000000000004,0,0,0.16666666666666666
871,206,227,240,1,0.6569156646728516,0.9500000000000004,0,0,0.15384615384615385
871,206,227,241,1,0.6616686582565308,0.9500000000000004,0,0,0.15384615384615385
874,204,204,1666,0,0.5381349325180054,0.9500000000000004,0,0,0.1095890410958904
874,204,204,1812,0,0.41478171944618225,0.9500000000000004,0,0,0.25
874,204,204,2025,0,0.476037859916687,0.9500000000000004,0,0,0.13333333333333333
874,204,204,2037,0,0.476037859916687,0.9500000000000004,0,0,0.13333333333333333
874,204,204,2044,0,0.4524417817592621,0.9500000000000004,0,0,0.3333333333333333
874,204,204,2045,0,0.41478171944618225,0.9500000000000004,0,0,0.25
874,204,204,2046,0,0.41478171944618225,0.9500000000000004,0,0,0.25
874,204,204,2049,0,0.4524417817592621,0.9500000000000004,0,0,0.3333333333333333
874,204,204,302,0,0.4005294144153595,0.9500000000000004,0,0,0.2
874,204,204,311,0,0.4005294144153595,0.9500000000000004,0,0,0.2
874,204,204,410,0,0.3830970525741577,0.9500000000000004,0,0,0.14285714285714285
876,204,204,1392,0,0.9427381753921509,0.9500000000000004,0,0,1.0
876,204,204,1393,0,0.9427381753921509,0.9500000000000004,0,0,1.0
876,204,204,1395,0,0.9427381753921509,0.9500000000000004,0,0,1.0
876,204,204,1396,0,0.9427381753921509,0.9500000000000004,0,0,1.0
876,204,204,1397,0,0.9427381753921509,0.9500000000000004,0,0,1.0
876,204,204,1666,0,0.5163571238517761,0.9500000000000004,0,0,0.10810810810810811
876,204,204,1812,0,0.3927808403968811,0.9500000000000004,0,0,0.2
876,204,204,2025,0,0.4628075957298279,0.9500000000000004,0,0,0.125
876,204,204,2037,0,0.4628075957298279,0.9500000000000004,0,0,0.125
876,204,204,2044,0,0.4094961881637573,0.9500000000000004,0,0,0.25
876,204,204,2045,0,0.3927808403968811,0.9500000000000004,0,0,0.2
876,204,204,2046,0,0.3927808403968811,0.9500000000000004,0,0,0.2
876,204,204,2049,0,0.4094961881637573,0.9500000000000004,0,0,0.25
876,204,204,302,0,0.3829147219657898,0.9500000000000004,0,0,0.16666666666666666
876,204,204,311,0,0.3829147219657898,0.9500000000000004,0,0,0.16666666666666666
876,204,204,410,0,0.36863526701927185,0.9500000000000004,0,0,0.125
878,1296,1296,1301,0,0.8705292344093323,0.9500000000000004,0,0,0.5
878,1296,1296,1347,0,0.8668482899665833,0.9500000000000004,0,0,1.0
878,1296,1296,1350,0,0.8212683796882629,0.9500000000000004,0,0,0.5
878,1296,1296,1381,0,0.8431732654571533,0.9500000000000004,0,0,1.0
878,1296,1296,1408,0,0.727081835269928,0.9500000000000004,0,0,0.5
878,1296,1296,1433,0,0.7657045722007751,0.9500000000000004,0,0,0.5
878,1296,1296,1540,0,0.7749406099319458,0.9500000000000004,0,0,0.5
878,1296,1296,1541,0,0.8325745463371277,0.9500000000000004,0,0,0.5
878,1296,1296,1564,0,0.7576567530632019,0.9500000000000004,0,0,0.5
878,1296,1296,1565,0,0.727081835269928,0.9500000000000004,0,0,0.5
878,1296,1296,1657,0,0.7573162913322449,0.9500000000000004,0,0,0.5
878,1296,1296,1659,0,0.7883342504501343,0.9500000000000004,0,0,0.5
878,1296,1296,3,0,0.867664098739624,0.9500000000000004,0,0,0.5
879,29,29,14,0,0.9913301467895508,0.9500000000000004,1,1,0.9230769230769231
879,29,29,235,0,0.4627402126789093,0.9500000000000004,0,0,0.1
879,29,29,238,0,0.47368308901786804,0.9500000000000004,0,0,0.1
879,29,14,0,1,0.5180418491363525,0.9500000000000004,0,0,0.125
879,29,14,11,1,0.5967376828193665,0.9500000000000004,0,0,0.25
879,29,14,12,1,0.5359050631523132,0.9500000000000004,0,0,0.1875
879,29,14,13,1,0.4936237335205078,0.9500000000000004,0,0,0.1875
879,29,14,274,1,0.5872690677642822,0.9500000000000004,0,0,0.1
879,29,14,278,1,0.5872690677642822,0.9500000000000004,0,0,0.1
880,313,313,106,0,0.9466091394424438,0.9500000000000004,0,1,1.0
880,313,313,165,0,0.40583336353302,0.9500000000000004,0,1,0.20588235294117646
880,313,313,204,0,0.5499605536460876,0.9500000000000004,0,0,0.14705882352941177
880,313,313,302,0,0.42579779028892517,0.9500000000000004,0,0,1.0
880,313,313,311,0,0.42579779028892517,0.9500000000000004,0,0,1.0
880,313,313,315,0,0.3061804175376892,0.9500000000000004,0,0,0.11538461538461539
880,313,313,431,0,0.11858774721622467,0.9500000000000004,0,0,0.125
881,1440,1440,1439,0,0.956901490688324,0.9500000000000004,1,1,1.0
881,1440,1440,1654,0,0.956901490688324,0.9500000000000004,1,1,1.0
881,1440,1440,204,0,0.9575037360191345,0.9500000000000004,1,1,1.0
881,1440,204,1392,1,0.3771166205406189,0.9500000000000004,0,0,0.3333333333333333
881,1440,204,1393,1,0.3771166205406189,0.9500000000000004,0,0,0.3333333333333333
881,1440,204,1395,1,0.3771166205406189,0.9500000000000004,0,0,0.3333333333333333
881,1440,204,1396,1,0.3771166205406189,0.9500000000000004,0,0,0.3333333333333333
881,1440,204,1397,1,0.3771166205406189,0.9500000000000004,0,0,0.3333333333333333
881,1440,204,1666,1,0.44098830223083496,0.9500000000000004,0,0,0.10526315789473684
881,1440,204,1812,1,0.2911491394042969,0.9500000000000004,0,0,0.14285714285714285
881,1440,204,2025,1,0.30541926622390747,0.9500000000000004,0,0,0.1111111111111111
881,1440,204,2037,1,0.30541926622390747,0.9500000000000004,0,0,0.1111111111111111
881,1440,204,2044,1,0.3015947639942169,0.9500000000000004,0,0,0.16666666666666666
881,1440,204,2045,1,0.2911491394042969,0.9500000000000004,0,0,0.14285714285714285
881,1440,204,2046,1,0.2911491394042969,0.9500000000000004,0,0,0.14285714285714285
881,1440,204,2049,1,0.3015947639942169,0.9500000000000004,0,0,0.16666666666666666
881,1440,204,2071,1,0.9062647819519043,0.9500000000000004,0,0,1.0
881,1440,204,302,1,0.2846047878265381,0.9500000000000004,0,0,0.125
881,1440,204,311,1,0.2846047878265381,0.9500000000000004,0,0,0.125
881,1440,204,410,1,0.27549126744270325,0.9500000000000004,0,0,0.1
881,1440,1654,1893,1,0.8851814866065979,0.9500000000000004,0,0,1.0
881,1440,1439,1893,1,0.8851814866065979,0.9500000000000004,0,0,1.0
882,14,14,0,0,0.2683931291103363,0.9500000000000004,0,0,0.11764705882352941
882,14,14,11,0,0.3901619613170624,0.9500000000000004,0,0,0.23529411764705882
882,14,14,12,0,0.2741408050060272,0.9500000000000004,0,0,0.17647058823529413
882,14,14,13,0,0.26674404740333557,0.9500000000000004,0,0,0.17647058823529413
882,14,14,29,0,0.9976296424865723,0.9500000000000004,1,1,0.9285714285714286
883,77,77,100,0,0.6350497007369995,0.9500000000000004,0,0,0.25
883,77,77,204,0,0.9168469905853271,0.9500000000000004,0,1,0.4
883,77,77,249,0,0.5378099083900452,0.9500000000000004,0,0,0.2
883,77,77,318,0,0.6105815768241882,0.9500000000000004,0,0,0.25
883,77,77,378,0,0.7683386206626892,0.9500000000000004,0,0,0.5
883,77,77,379,0,0.7305074334144592,0.9500000000000004,0,0,0.5
883,77,77,49,0,0.5784370303153992,0.9500000000000004,0,0,0.2
883,77,77,59,0,0.604515016078949,0.9500000000000004,0,0,0.2
883,77,77,83,0,0.8566307425498962,0.9500000000000004,0,0,0.4
883,77,77,89,0,0.6837462782859802,0.9500000000000004,0,0,0.25
884,204,204,1392,0,0.2899853587150574,0.9500000000000004,0,0,0.16666666666666666
884,204,204,1393,0,0.2899853587150574,0.9500000000000004,0,0,0.16666666666666666
884,204,204,1395,0,0.2899853587150574,0.9500000000000004,0,0,0.16666666666666666
884,204,204,1396,0,0.2899853587150574,0.9500000000000004,0,0,0.16666666666666666
884,204,204,1397,0,0.2899853587150574,0.9500000000000004,0,0,0.16666666666666666
884,204,204,1666,0,0.42943495512008667,0.9500000000000004,0,0,0.10126582278481013
884,204,204,1812,0,0.2539042830467224,0.9500000000000004,0,0,0.1
884,204,204,2044,0,0.25837621092796326,0.9500000000000004,0,0,0.1111111111111111
884,204,204,2045,0,0.2539042830467224,0.9500000000000004,0,0,0.1
884,204,204,2046,0,0.2539042830467224,0.9500000000000004,0,0,0.1
884,204,204,2049,0,0.25837621092796326,0.9500000000000004,0,0,0.1111111111111111
884,204,204,2071,0,0.3328395187854767,0.9500000000000004,0,0,0.25
886,313,313,106,0,0.9759017825126648,0.9500000000000004,1,1,1.0
886,313,313,165,0,0.5158330202102661,0.9500000000000004,0,1,0.22857142857142856
886,313,313,204,0,0.4756122827529907,0.9500000000000004,0,1,0.14285714285714285
886,313,313,302,0,0.23152494430541992,0.9500000000000004,0,0,0.5
886,313,313,311,0,0.23152494430541992,0.9500000000000004,0,0,0.5
886,313,313,315,0,0.2946022152900696,0.9500000000000004,0,1,0.1111111111111111
886,313,313,431,0,0.10482239723205566,0.9500000000000004,0,0,0.1111111111111111
886,313,106,117,1,0.20284533500671387,0.9500000000000004,0,0,0.11538461538461539
886,313,106,165,1,0.4761703312397003,0.9500000000000004,0,1,0.32
886,313,106,204,1,0.4341109097003937,0.9500000000000004,0,1,0.14285714285714285
886,313,106,302,1,0.2863100469112396,0.9500000000000004,0,0,0.5
886,313,106,311,1,0.2863100469112396,0.9500000000000004,0,0,0.5
886,313,106,315,1,0.21268104016780853,0.9500000000000004,0,1,0.13793103448275862
886,313,106,431,1,0.0903397724032402,0.9500000000000004,0,0,0.1111111111111111
887,204,204,1392,0,0.27865099906921387,0.9500000000000004,0,0,0.125
887,204,204,1393,0,0.27865099906921387,0.9500000000000004,0,0,0.125
887,204,204,1395,0,0.27865099906921387,0.9500000000000004,0,0,0.125
887,204,204,1396,0,0.27865099906921387,0.9500000000000004,0,0,0.125
887,204,204,1397,0,0.27865099906921387,0.9500000000000004,0,0,0.125
887,204,204,2071,0,0.2898302674293518,0.9500000000000004,0,0,0.16666666666666666
887,204,204,2089,0,0.4511483311653137,0.9500000000000004,0,0,0.5
887,204,204,83,0,0.7441511154174805,0.9500000000000004,0,0,0.1
888,288,288,296,0,0.5553419589996338,0.9500000000000004,0,0,0.16666666666666666
888,288,288,297,0,0.5154412388801575,0.9500000000000004,0,0,0.25
888,288,288,329,0,0.5334097146987915,0.9500000000000004,0,0,0.16666666666666666
888,288,288,330,0,0.4928000569343567,0.9500000000000004,0,0,0.16666666666666666
888,288,288,332,0,0.5687536001205444,0.9500000000000004,0,0,0.16666666666666666
888,288,288,333,0,0.6847798824310303,0.9500000000000004,0,0,0.4
888,288,288,380,0,0.7188177704811096,0.9500000000000004,0,0,0.5
888,288,288,382,0,0.5402787327766418,0.9500000000000004,0,0,0.2
888,288,288,383,0,0.5528510212898254,0.9500000000000004,0,0,0.25
888,288,288,384,0,0.7816141247749329,0.9500000000000004,0,0,0.5
888,288,288,385,0,0.5373531579971313,0.9500000000000004,0,0,0.25
888,288,288,82,0,0.7618269920349121,0.9500000000000004,0,0,0.42857142857142855
888,288,288,86,0,0.5202245712280273,0.9500000000000004,0,0,0.2
888,288,288,90,0,0.6963074207305908,0.9500000000000004,0,0,0.2857142857142857
888,288,288,94,0,0.6966521739959717,0.9500000000000004,0,0,0.2857142857142857
889,315,315,106,0,0.9786069393157959,0.9500000000000004,1,1,0.8333333333333334
889,315,315,1099,0,0.4357738494873047,0.9500000000000004,0,0,0.3333333333333333
889,315,315,1100,0,0.43643832206726074,0.9500000000000004,0,0,0.3333333333333333
889,315,315,117,0,0.5334827899932861,0.9500000000000004,0,0,0.25
889,315,315,118,0,0.3599734902381897,0.9500000000000004,0,0,0.25
889,315,315,165,0,0.8825967311859131,0.9500000000000004,0,0,0.5
889,315,315,204,0,0.8385348320007324,0.9500000000000004,0,0,0.5
889,315,315,3,0,0.5465326309204102,0.9500000000000004,0,0,0.16666666666666666
889,315,315,302,0,0.6590275168418884,0.9500000000000004,0,0,0.5
889,315,315,311,0,0.6590275168418884,0.9500000000000004,0,0,0.5
889,315,315,313,0,0.9307848215103149,0.9500000000000004,0,1,0.6666666666666666
889,315,315,314,0,0.3589158356189728,0.9500000000000004,0,0,0.25
889,315,106,117,1,0.36210134625434875,0.9500000000000004,0,0,0.10714285714285714
889,315,106,165,1,0.8690309524536133,0.9500000000000004,0,0,0.34615384615384615
889,315,106,204,1,0.8494141101837158,0.9500000000000004,0,0,0.17647058823529413
889,315,106,302,1,0.4634380638599396,0.9500000000000004,0,0,0.25
889,315,106,311,1,0.4634380638599396,0.9500000000000004,0,0,0.25
889,315,106,313,1,0.9591681957244873,0.9500000000000004,1,1,0.925
889,315,313,165,2,0.8852545022964478,0.9500000000000004,0,0,0.2702702702702703
889,315,313,204,2,0.8983262181282043,0.9500000000000004,0,0,0.1891891891891892
889,315,313,302,2,0.5998037457466125,0.9500000000000004,0,0,0.25
889,315,313,311,2,0.5998037457466125,0.9500000000000004,0,0,0.25
891,346,346,121,0,0.4066047966480255,0.9500000000000004,0,0,0.1
891,346,346,122,0,0.41117745637893677,0.9500000000000004,0,0,0.1
891,346,346,124,0,0.4102421998977661,0.9500000000000004,0,0,0.1
891,346,346,139,0,0.42157959938049316,0.9500000000000004,0,0,0.1
891,346,346,204,0,0.8786317110061646,0.9500000000000004,0,1,0.5
891,346,346,269,0,0.4085003733634949,0.9500000000000004,0,0,0.1
891,346,346,344,0,0.40847262740135193,0.9500000000000004,0,0,0.1
891,346,346,347,0,0.38519078493118286,0.9500000000000004,0,0,0.1
891,346,346,361,0,0.5556474328041077,0.9500000000000004,0,0,0.2222222222222222
891,346,346,362,0,0.5132390260696411,0.9500000000000004,0,0,0.2222222222222222
891,346,346,363,0,0.5132390260696411,0.9500000000000004,0,0,0.2222222222222222
891,346,346,364,0,0.38639315962791443,0.9500000000000004,0,0,0.1111111111111111
891,346,346,367,0,0.3845086693763733,0.9500000000000004,0,0,0.1111111111111111
891,346,346,368,0,0.5210181474685669,0.9500000000000004,0,0,0.2222222222222222
891,346,346,369,0,0.5132390260696411,0.9500000000000004,0,0,0.2222222222222222
891,346,346,370,0,0.562502920627594,0.9500000000000004,0,0,0.3333333333333333
891,346,346,391,0,0.9761620759963989,0.9500000000000004,1,0,0.6666666666666666
891,346,346,400,0,0.794771134853363,0.9500000000000004,0,1,0.42857142857142855
891,346,346,401,0,0.4512769281864166,0.9500000000000004,0,0,0.2
891,346,391,204,1,0.9507250189781189,0.9500000000000004,1,1,0.4444444444444444
891,346,391,318,1,0.6317063570022583,0.9500000000000004,0,0,0.16666666666666666
891,346,391,361,1,0.7937095165252686,0.9500000000000004,0,0,0.3333333333333333
891,346,391,362,1,0.6528522372245789,0.9500000000000004,0,0,0.2222222222222222
891,346,391,363,1,0.6528522372245789,0.9500000000000004,0,0,0.2222222222222222
891,346,391,364,1,0.66074538230896,0.9500000000000004,0,0,0.2222222222222222
891,346,391,367,1,0.5576472282409668,0.9500000000000004,0,0,0.1111111111111111
891,346,391,368,1,0.6571180820465088,0.9500000000000004,0,0,0.2222222222222222
891,346,391,369,1,0.6528521776199341,0.9500000000000004,0,0,0.2222222222222222
891,346,391,400,1,0.7781794667243958,0.9500000000000004,0,1,0.3333333333333333
891,346,204,1392,2,0.3149186968803406,0.9500000000000004,0,0,0.1111111111111111
891,346,204,1393,2,0.3149186968803406,0.9500000000000004,0,0,0.1111111111111111
891,346,204,1395,2,0.3149186968803406,0.9500000000000004,0,0,0.1111111111111111
891,346,204,1396,2,0.3149186968803406,0.9500000000000004,0,0,0.1111111111111111
891,346,204,1397,2,0.3149186968803406,0.9500000000000004,0,0,0.1111111111111111
891,346,204,2071,2,0.32698750495910645,0.9500000000000004,0,0,0.14285714285714285
891,346,204,2089,2,0.4481910765171051,0.9500000000000004,0,0,0.3333333333333333
892,140,140,117,0,0.9089438915252686,0.9500000000000004,0,0,1.0
892,140,140,125,0,0.8920276761054993,0.9500000000000004,0,0,1.0
892,140,140,233,0,0.8858288526535034,0.9500000000000004,0,1,1.0
893,204,204,2071,0,0.3152818977832794,0.9500000000000004,0,0,0.1111111111111111
893,204,204,2089,0,0.3592895269393921,0.9500000000000004,0,0,0.2
894,2094,2094,288,0,0.9307663440704346,0.9500000000000004,0,0,1.0
895,1083,1083,1067,0,0.9212700724601746,0.9500000000000004,0,0,0.5
895,1083,1083,1080,0,0.771133542060852,0.9500000000000004,0,0,0.5
895,1083,1083,1081,0,0.771133542060852,0.9500000000000004,0,0,0.5
895,1083,1083,1082,0,0.771133542060852,0.9500000000000004,0,0,0.5
895,1083,1083,1084,0,0.771133542060852,0.9500000000000004,0,0,0.5
895,1083,1083,1085,0,0.771133542060852,0.9500000000000004,0,0,0.5
896,341,341,144,0,0.7824408411979675,0.9500000000000004,0,0,0.3333333333333333
896,341,341,148,0,0.7492075562477112,0.9500000000000004,0,1,0.3333333333333333
896,341,341,161,0,0.6830500960350037,0.9500000000000004,0,0,0.3333333333333333
896,341,341,204,0,0.9453573822975159,0.9500000000000004,0,1,0.6666666666666666
896,341,341,329,0,0.7095715999603271,0.9500000000000004,0,0,0.3333333333333333
896,341,341,331,0,0.6573656797409058,0.9500000000000004,0,0,0.3333333333333333
896,341,341,340,0,0.8987563252449036,0.9500000000000004,0,1,0.6666666666666666
896,341,341,420,0,0.8841403722763062,0.9500000000000004,0,0,0.6666666666666666
896,341,341,421,0,0.651131272315979,0.9500000000000004,0,0,0.3333333333333333
897,2094,2094,2093,0,0.8962481021881104,0.9500000000000004,0,1,1.0
897,2094,2094,288,0,0.8325568437576294,0.9500000000000004,0,0,0.5
898,2094,2094,2093,0,0.9784649610519409,0.9500000000000004,1,1,1.0
898,2094,2094,288,0,0.7369782328605652,0.9500000000000004,0,0,0.3333333333333333
899,81,81,1795,0,0.8724580407142639,0.9500000000000004,0,0,1.0
899,81,81,204,0,0.8086951971054077,0.9500000000000004,0,1,0.3333333333333333
899,81,81,289,0,0.8326355218887329,0.9500000000000004,0,0,0.6666666666666666
899,81,81,423,0,0.6862896084785461,0.9500000000000004,0,0,0.5
899,81,81,73,0,0.6996167898178101,0.9500000000000004,0,0,0.3333333333333333
899,81,81,74,0,0.8502767086029053,0.9500000000000004,0,0,0.6666666666666666
899,81,81,80,0,0.9762192368507385,0.9500000000000004,1,0,1.0
899,81,81,89,0,0.6695876121520996,0.9500000000000004,0,0,0.3333333333333333
899,81,80,100,1,0.5324360728263855,0.9500000000000004,0,0,0.125
899,81,80,144,1,0.5470435619354248,0.9500000000000004,0,0,0.125
899,81,80,178,1,0.5198864340782166,0.9500000000000004,0,0,0.125
899,81,80,1795,1,0.5990126729011536,0.9500000000000004,0,0,0.2
899,81,80,2020,1,0.7170406579971313,0.9500000000000004,0,0,0.5
899,81,80,2023,1,0.7170406579971313,0.9500000000000004,0,0,0.5
899,81,80,2025,1,0.7423036098480225,0.9500000000000004,0,0,0.5
899,81,80,2036,1,0.6223881840705872,0.9500000000000004,0,0,0.3333333333333333
899,81,80,2037,1,0.7423036098480225,0.9500000000000004,0,0,0.5
899,81,80,204,1,0.9383483529090881,0.9500000000000004,0,1,0.625
899,81,80,289,1,0.6919867396354675,0.9500000000000004,0,0,0.25
899,81,80,423,1,0.5110477805137634,0.9500000000000004,0,0,0.14285714285714285
899,81,80,73,1,0.6074000000953674,0.9500000000000004,0,0,0.125
899,81,80,74,1,0.7227198481559753,0.9500000000000004,0,0,0.25
899,81,80,89,1,0.7029320001602173,0.9500000000000004,0,0,0.25
899,81,80,90,1,0.5315449237823486,0.9500000000000004,0,0,0.125
900,94,94,204,0,0.7351357936859131,0.9500000000000004,0,1,0.3333333333333333
900,94,94,288,0,0.5241438746452332,0.9500000000000004,0,0,0.13333333333333333
900,94,94,332,0,0.8472437858581543,0.9500000000000004,0,0,0.6153846153846154
900,94,94,333,0,0.31442463397979736,0.9500000000000004,0,0,0.1111111111111111
900,94,94,382,0,0.5230877995491028,0.9500000000000004,0,0,0.2222222222222222
900,94,94,82,0,0.892959713935852,0.9500000000000004,0,0,0.6666666666666666
900,94,94,90,0,0.9339155554771423,0.9500000000000004,0,0,0.7222222222222222
900,94,94,91,0,0.37275615334510803,0.9500000000000004,0,0,0.1111111111111111
901,315,315,106,0,0.9730268120765686,0.9500000000000004,1,1,0.8571428571428571
901,315,315,1099,0,0.4163118004798889,0.9500000000000004,0,0,0.25
901,315,315,1100,0,0.4176105260848999,0.9500000000000004,0,0,0.25
901,315,315,117,0,0.5272331833839417,0.9500000000000004,0,0,0.2
901,315,315,118,0,0.367811381816864,0.9500000000000004,0,0,0.2
901,315,315,165,0,0.830138623714447,0.9500000000000004,0,1,0.42857142857142855
901,315,315,204,0,0.8124445080757141,0.9500000000000004,0,1,0.42857142857142855
901,315,315,3,0,0.47102487087249756,0.9500000000000004,0,0,0.14285714285714285
901,315,315,302,0,0.5719795227050781,0.9500000000000004,0,0,0.3333333333333333
901,315,315,311,0,0.5719795227050781,0.9500000000000004,0,0,0.3333333333333333
901,315,315,313,0,0.9539801478385925,0.9500000000000004,1,1,0.7142857142857143
901,315,315,314,0,0.38358941674232483,0.9500000000000004,0,1,0.2
901,315,313,165,1,0.8422107100486755,0.9500000000000004,0,1,0.2631578947368421
901,315,313,204,1,0.8961408734321594,0.9500000000000004,0,1,0.18421052631578946
901,315,313,302,1,0.6448333859443665,0.9500000000000004,0,0,0.2
901,315,313,311,1,0.6448333859443665,0.9500000000000004,0,0,0.2
901,315,106,117,1,0.449689656496048,0.9500000000000004,0,0,0.10344827586206896
901,315,106,165,1,0.7831096649169922,0.9500000000000004,0,1,0.33962264150943394
901,315,106,204,1,0.8634188771247864,0.9500000000000004,0,1,0.17307692307692307
901,315,106,302,1,0.5102202296257019,0.9500000000000004,0,0,0.2
901,315,106,311,1,0.5102202296257019,0.9500000000000004,0,0,0.2
902,204,204,1231,0,0.3507673740386963,0.9500000000000004,0,0,0.25
902,204,204,1320,0,0.31923040747642517,0.9500000000000004,0,0,0.16666666666666666
902,204,204,2096,0,0.31923040747642517,0.9500000000000004,0,0,0.16666666666666666
902,204,204,2097,0,0.31923040747642517,0.9500000000000004,0,0,0.16666666666666666
902,204,204,83,0,0.7497043609619141,0.9500000000000004,0,0,0.10047846889952153
903,204,204,1231,0,0.3360203504562378,0.9500000000000004,0,0,0.2
903,204,204,1320,0,0.31275463104248047,0.9500000000000004,0,0,0.14285714285714285
903,204,204,2096,0,0.31275463104248047,0.9500000000000004,0,0,0.14285714285714285
903,204,204,2097,0,0.31275463104248047,0.9500000000000004,0,0,0.14285714285714285
903,204,204,2185,0,0.9144394993782043,0.9500000000000004,0,0,1.0
903,204,204,83,0,0.7434428930282593,0.9500000000000004,0,0,0.1
904,1085,1085,1080,0,0.8791050910949707,0.9500000000000004,0,0,1.0
904,1085,1085,1081,0,0.8791050910949707,0.9500000000000004,0,1,1.0
904,1085,1085,1082,0,0.8791050910949707,0.9500000000000004,0,1,1.0
904,1085,1085,1083,0,0.9054474234580994,0.9500000000000004,0,0,1.0
904,1085,1085,1084,0,0.8791050910949707,0.9500000000000004,0,0,1.0
905,1667,1667,1267,0,0.5190088748931885,0.9500000000000004,0,0,0.2
905,1667,1667,1301,0,0.4815758466720581,0.9500000000000004,0,0,0.2
905,1667,1667,1313,0,0.6165040731430054,0.9500000000000004,0,0,0.3333333333333333
905,1667,1667,1361,0,0.47464144229888916,0.9500000000000004,0,0,0.2
905,1667,1667,1412,0,0.5191458463668823,0.9500000000000004,0,0,0.2
905,1667,1667,1541,0,0.9373947978019714,0.9500000000000004,0,0,0.6
905,1667,1667,1660,0,0.49997901916503906,0.9500000000000004,0,0,0.2
905,1667,1667,1708,0,0.9235939979553223,0.9500000000000004,0,0,0.75
905,1667,1667,1709,0,0.9235939979553223,0.9500000000000004,0,0,0.75
905,1667,1667,1710,0,0.557089626789093,0.9500000000000004,0,0,0.25
905,1667,1667,1711,0,0.7818917632102966,0.9500000000000004,0,0,0.5
905,1667,1667,1712,0,0.557089626789093,0.9500000000000004,0,0,0.25
905,1667,1667,1892,0,0.6983284950256348,0.9500000000000004,0,0,0.5
905,1667,1667,1893,0,0.6052619218826294,0.9500000000000004,0,0,0.3333333333333333
905,1667,1667,2017,0,0.8769243955612183,0.9500000000000004,0,0,0.6666666666666666
905,1667,1667,2026,0,0.5970938801765442,0.9500000000000004,0,0,0.3333333333333333
905,1667,1667,204,0,0.8320050835609436,0.9500000000000004,0,0,0.4
906,1263,1263,1267,0,0.8991969227790833,0.9500000000000004,0,0,1.0
906,1263,1263,1268,0,0.8933090567588806,0.9500000000000004,0,0,1.0
906,1263,1263,1540,0,0.9146630167961121,0.9500000000000004,0,0,1.0
906,1263,1263,1576,0,0.9092746376991272,0.9500000000000004,0,0,1.0
907,2071,2071,1296,0,0.9215073585510254,0.9500000000000004,0,0,1.0
907,2071,2071,204,0,0.95005202293396,0.9500000000000004,1,0,1.0
907,2071,204,1231,1,0.3207107484340668,0.9500000000000004,0,0,0.14285714285714285
907,2071,204,1320,1,0.3042668402194977,0.9500000000000004,0,0,0.1111111111111111
907,2071,204,2096,1,0.3042668402194977,0.9500000000000004,0,0,0.1111111111111111
907,2071,204,2097,1,0.3042668402194977,0.9500000000000004,0,0,0.1111111111111111
907,2071,204,2185,1,0.6232038736343384,0.9500000000000004,0,0,0.3333333333333333
908,1264,1264,1260,0,0.9553438425064087,0.9500000000000004,1,0,1.0
908,1264,1264,1261,0,0.9553438425064087,0.9500000000000004,1,0,1.0
908,1264,1264,1263,0,0.9818559288978577,0.9500000000000004,1,0,1.0
908,1264,1264,1266,0,0.9736045598983765,0.9500000000000004,1,0,1.0
908,1264,1264,1267,0,0.7842237949371338,0.9500000000000004,0,0,0.5
908,1264,1264,1268,0,0.7603554725646973,0.9500000000000004,0,0,0.5
908,1264,1264,1269,0,0.730266809463501,0.9500000000000004,0,1,0.5
908,1264,1264,1270,0,0.730266809463501,0.9500000000000004,0,1,0.5
908,1264,1264,1271,0,0.9553438425064087,0.9500000000000004,1,0,1.0
908,1264,1264,1710,0,0.9812286496162415,0.9500000000000004,1,0,1.0
908,1264,1264,2186,0,0.9553438425064087,0.9500000000000004,1,0,1.0
909,3,3,106,0,0.6778493523597717,0.9500000000000004,0,0,0.1
909,3,3,11,0,0.5730703473091125,0.9500000000000004,0,0,0.14705882352941177
909,3,3,1152,0,0.4945092797279358,0.9500000000000004,0,0,0.18181818181818182
909,3,3,1264,0,0.5369418263435364,0.9500000000000004,0,0,0.125
909,3,3,1266,0,0.5102681517601013,0.9500000000000004,0,0,0.125
909,3,3,1267,0,0.3755189776420593,0.9500000000000004,0,0,0.125
909,3,3,1268,0,0.3572777211666107,0.9500000000000004,0,0,0.125
909,3,3,1269,0,0.5368874669075012,0.9500000000000004,0,0,0.125
909,3,3,1270,0,0.5368874669075012,0.9500000000000004,0,0,0.125
909,3,3,1275,0,0.4177449345588684,0.9500000000000004,0,0,0.25
909,3,3,1296,0,0.47133561968803406,0.9500000000000004,0,0,0.2
909,3,3,1301,0,0.43704652786254883,0.9500000000000004,0,0,0.14285714285714285
909,3,3,1309,0,0.434494286775589,0.9500000000000004,0,0,0.16666666666666666
909,3,3,1323,0,0.44673094153404236,0.9500000000000004,0,0,0.2
909,3,3,1325,0,0.5064971446990967,0.9500000000000004,0,0,0.3333333333333333
909,3,3,1328,0,0.5173856019973755,0.9500000000000004,0,0,0.3333333333333333
909,3,3,1347,0,0.44233033061027527,0.9500000000000004,0,0,0.2
909,3,3,1350,0,0.5515764355659485,0.9500000000000004,0,0,0.2222222222222222
909,3,3,1373,0,0.4143260717391968,0.9500000000000004,0,0,0.16666666666666666
909,3,3,1381,0,0.3947432041168213,0.9500000000000004,0,0,0.2
909,3,3,165,0,0.7098079323768616,0.9500000000000004,0,0,0.1
909,3,3,1658,0,0.3705088496208191,0.9500000000000004,0,0,0.16666666666666666
909,3,3,1659,0,0.5667296051979065,0.9500000000000004,0,0,0.3333333333333333
909,3,3,1660,0,0.495682954788208,0.9500000000000004,0,0,0.16666666666666666
909,3,3,1661,0,0.3844718933105469,0.9500000000000004,0,0,0.16666666666666666
909,3,3,1662,0,0.3705088496208191,0.9500000000000004,0,0,0.16666666666666666
909,3,3,167,0,0.5503506660461426,0.9500000000000004,0,0,0.23684210526315788
909,3,3,203,0,0.47648999094963074,0.9500000000000004,0,0,0.10344827586206896
909,3,3,204,0,0.8703190088272095,0.9500000000000004,0,1,0.27586206896551724
909,3,3,25,0,0.5680332183837891,0.9500000000000004,0,0,0.16666666666666666
909,3,3,302,0,0.5649735927581787,0.9500000000000004,0,0,0.5
909,3,3,311,0,0.5649735927581787,0.9500000000000004,0,0,0.5
909,3,3,313,0,0.5680625438690186,0.9500000000000004,0,0,0.1
910,278,278,274,0,0.9981114864349365,0.9500000000000004,1,0,1.0
911,11,11,1131,0,0.46262434124946594,0.9500000000000004,0,0,0.125
911,11,11,13,0,0.31933411955833435,0.9500000000000004,0,0,0.10344827586206896
911,11,11,14,0,0.4709368646144867,0.9500000000000004,0,0,0.13793103448275862
911,11,11,204,0,0.8383288979530334,0.9500000000000004,0,0,0.17857142857142858
911,11,11,25,0,0.9978957176208496,0.9500000000000004,1,0,0.96
911,11,11,3,0,0.6976599097251892,0.9500000000000004,0,0,0.1724137931034483
911,11,25,1131,1,0.2140657901763916,0.9500000000000004,0,0,0.125
911,11,25,204,1,0.7535108923912048,0.9500000000000004,0,0,0.20833333333333334
911,11,25,3,1,0.3681418299674988,0.9500000000000004,0,0,0.16666666666666666
912,144,144,1207,0,0.4920154809951782,0.9500000000000004,0,0,0.16666666666666666
912,144,144,143,0,0.48692575097084045,0.9500000000000004,0,0,0.11538461538461539
912,144,144,148,0,0.744562566280365,0.9500000000000004,0,0,0.2692307692307692
912,144,144,178,0,0.9130480289459229,0.9500000000000004,0,0,0.2692307692307692
912,144,144,2020,0,0.9052290916442871,0.9500000000000004,0,0,1.0
912,144,144,2023,0,0.9052290916442871,0.9500000000000004,0,0,1.0
912,144,144,2025,0,0.9125754237174988,0.9500000000000004,0,0,1.0
912,144,144,2037,0,0.9125754237174988,0.9500000000000004,0,0,1.0
912,144,144,204,0,0.8846781849861145,0.9500000000000004,0,1,0.375
912,144,144,82,0,0.550937294960022,0.9500000000000004,0,0,0.15384615384615385
912,144,144,83,0,0.6135525107383728,0.9500000000000004,0,0,0.11538461538461539
912,144,144,90,0,0.6526262760162354,0.9500000000000004,0,0,0.19230769230769232
913,986,986,1086,0,0.6057524681091309,0.9500000000000004,0,0,0.3333333333333333
913,986,986,1162,0,0.8846564292907715,0.9500000000000004,0,0,1.0
913,986,986,1163,0,0.6966220736503601,0.9500000000000004,0,0,0.5
913,986,986,983,0,0.8467692732810974,0.9500000000000004,0,0,0.6
913,986,986,984,0,0.5037040710449219,0.9500000000000004,0,0,0.2
913,986,986,985,0,0.9690456986427307,0.9500000000000004,1,0,1.0
913,986,986,987,0,0.8616424798965454,0.9500000000000004,0,0,0.6
913,986,986,988,0,0.8449032306671143,0.9500000000000004,0,0,0.6
913,986,986,989,0,0.9690456986427307,0.9500000000000004,1,0,1.0
913,986,986,990,0,0.9690456986427307,0.9500000000000004,1,1,1.0
913,986,990,1086,1,0.6057524681091309,0.9500000000000004,0,0,0.3333333333333333
913,986,990,1162,1,0.8846564292907715,0.9500000000000004,0,0,1.0
913,986,990,1163,1,0.6966221332550049,0.9500000000000004,0,0,0.5
913,986,990,983,1,0.8467692732810974,0.9500000000000004,0,0,0.6
913,986,990,984,1,0.5037040710449219,0.9500000000000004,0,0,0.2
913,986,990,987,1,0.8616424798965454,0.9500000000000004,0,0,0.6
913,986,990,988,1,0.8449032306671143,0.9500000000000004,0,0,0.6
913,986,989,1086,1,0.6057524681091309,0.9500000000000004,0,0,0.3333333333333333
913,986,989,1162,1,0.8846564292907715,0.9500000000000004,0,0,1.0
913,986,989,1163,1,0.6966221332550049,0.9500000000000004,0,0,0.5
913,986,989,983,1,0.8467692732810974,0.9500000000000004,0,0,0.6
913,986,989,984,1,0.5037040710449219,0.9500000000000004,0,0,0.2
913,986,989,987,1,0.8616424798965454,0.9500000000000004,0,0,0.6
913,986,989,988,1,0.8449032306671143,0.9500000000000004,0,0,0.6
913,986,985,1086,1,0.6057524681091309,0.9500000000000004,0,0,0.3333333333333333
913,986,985,1162,1,0.8846564292907715,0.9500000000000004,0,0,1.0
913,986,985,1163,1,0.6966220736503601,0.9500000000000004,0,0,0.5
913,986,985,983,1,0.8467692732810974,0.9500000000000004,0,0,0.6
913,986,985,984,1,0.5037040710449219,0.9500000000000004,0,0,0.2
913,986,985,987,1,0.8616424798965454,0.9500000000000004,0,0,0.6
913,986,985,988,1,0.8449032306671143,0.9500000000000004,0,0,0.6
914,1415,1415,1301,0,0.6039324998855591,0.9500000000000004,0,0,0.25
914,1415,1415,1410,0,0.6682739853858948,0.9500000000000004,0,0,0.5
914,1415,1415,1412,0,0.9766330718994141,0.9500000000000004,1,1,1.0
914,1415,1415,1422,0,0.6682739853858948,0.9500000000000004,0,0,0.5
914,1415,1415,204,0,0.6723891496658325,0.9500000000000004,0,1,0.25
914,1415,1412,1313,1,0.7111736536026001,0.9500000000000004,0,0,0.5
914,1415,1412,1410,1,0.6106470823287964,0.9500000000000004,0,0,0.3333333333333333
914,1415,1412,1422,1,0.6106470823287964,0.9500000000000004,0,0,0.3333333333333333
914,1415,1412,1667,1,0.6633583307266235,0.9500000000000004,0,0,0.3333333333333333
914,1415,1412,1708,1,0.613895833492279,0.9500000000000004,0,0,0.3333333333333333
914,1415,1412,1709,1,0.613895833492279,0.9500000000000004,0,0,0.3333333333333333
914,1415,1412,1893,1,0.697207510471344,0.9500000000000004,0,0,0.5
914,1415,1412,2017,1,0.7033545970916748,0.9500000000000004,0,0,0.5
914,1415,1412,2026,1,0.685591459274292,0.9500000000000004,0,0,0.5
914,1415,1412,204,1,0.7305285334587097,0.9500000000000004,0,1,0.25
915,1663,1663,169,0,0.8989976048469543,0.9500000000000004,0,1,1.0
917,204,204,1665,0,0.2588590681552887,0.9500000000000004,0,0,0.25
917,204,204,1668,0,0.2588590681552887,0.9500000000000004,0,0,0.25
917,204,204,1669,0,0.2588590681552887,0.9500000000000004,0,0,0.25
917,204,204,2185,0,0.2364589422941208,0.9500000000000004,0,0,0.14285714285714285
918,204,204,1665,0,0.24779491126537323,0.9500000000000004,0,0,0.2
918,204,204,1668,0,0.24779491126537323,0.9500000000000004,0,0,0.2
918,204,204,1669,0,0.24779491126537323,0.9500000000000004,0,0,0.2
918,204,204,2185,0,0.23536092042922974,0.9500000000000004,0,0,0.125
919,3,3,11,0,0.644314706325531,0.9500000000000004,0,0,0.1388888888888889
919,3,3,1152,0,0.4426907002925873,0.9500000000000004,0,0,0.15384615384615385
919,3,3,1264,0,0.4757704734802246,0.9500000000000004,0,0,0.1
919,3,3,1266,0,0.47437798976898193,0.9500000000000004,0,0,0.1
919,3,3,1267,0,0.33540645241737366,0.9500000000000004,0,0,0.1
919,3,3,1268,0,0.3256658613681793,0.9500000000000004,0,0,0.1
919,3,3,1269,0,0.48219650983810425,0.9500000000000004,0,0,0.1
919,3,3,1270,0,0.48219650983810425,0.9500000000000004,0,0,0.1
919,3,3,1275,0,0.3633134961128235,0.9500000000000004,0,0,0.16666666666666666
919,3,3,1296,0,0.41715162992477417,0.9500000000000004,0,0,0.14285714285714285
919,3,3,1301,0,0.5145335793495178,0.9500000000000004,0,0,0.1111111111111111
919,3,3,1309,0,0.39710545539855957,0.9500000000000004,0,0,0.125
919,3,3,1323,0,0.3998608887195587,0.9500000000000004,0,0,0.14285714285714285
919,3,3,1325,0,0.40401458740234375,0.9500000000000004,0,0,0.2
919,3,3,1328,0,0.4188263714313507,0.9500000000000004,0,0,0.2
919,3,3,1347,0,0.401375949382782,0.9500000000000004,0,0,0.14285714285714285
919,3,3,1350,0,0.48475444316864014,0.9500000000000004,0,0,0.18181818181818182
919,3,3,1373,0,0.37276414036750793,0.9500000000000004,0,0,0.125
919,3,3,1381,0,0.3542270362377167,0.9500000000000004,0,0,0.14285714285714285
919,3,3,1658,0,0.3425396978855133,0.9500000000000004,0,0,0.125
919,3,3,1659,0,0.4731857180595398,0.9500000000000004,0,0,0.25
919,3,3,1660,0,0.4338203966617584,0.9500000000000004,0,0,0.125
919,3,3,1661,0,0.34956833720207214,0.9500000000000004,0,0,0.125
919,3,3,1662,0,0.3425396978855133,0.9500000000000004,0,0,0.125
919,3,3,167,0,0.5241191983222961,0.9500000000000004,0,0,0.225
919,3,3,204,0,0.859178900718689,0.9500000000000004,0,0,0.3225806451612903
919,3,3,25,0,0.5323681235313416,0.9500000000000004,0,0,0.15384615384615385
919,3,3,302,0,0.4053444266319275,0.9500000000000004,0,0,0.25
919,3,3,311,0,0.4053444266319275,0.9500000000000004,0,0,0.25
920,1420,1420,1312,0,0.7091996669769287,0.9500000000000004,0,0,0.5
920,1420,1420,1336,0,0.7091996669769287,0.9500000000000004,0,0,0.5
920,1420,1420,1350,0,0.7502996325492859,0.9500000000000004,0,0,0.5
920,1420,1420,1355,0,0.7091996669769287,0.9500000000000004,0,0,0.5
920,1420,1420,1356,0,0.7151504158973694,0.9500000000000004,0,0,0.5
920,1420,1420,1360,0,0.7201425433158875,0.9500000000000004,0,0,0.5
920,1420,1420,1428,0,0.9361096620559692,0.9500000000000004,0,0,1.0
920,1420,1420,1430,0,0.9361096620559692,0.9500000000000004,0,0,1.0
922,274,274,278,0,0.9979021549224854,0.9500000000000004,1,0,1.0
922,274,278,2107,1,0.9881315231323242,0.9500000000000004,1,0,1.0
923,204,204,1665,0,0.20988065004348755,0.9500000000000004,0,0,0.125
923,204,204,1668,0,0.20988065004348755,0.9500000000000004,0,0,0.125
923,204,204,1669,0,0.20988065004348755,0.9500000000000004,0,0,0.125
924,1408,1408,1296,0,0.9077317714691162,0.9500000000000004,0,0,1.0
924,1408,1408,1433,0,0.9044598340988159,0.9500000000000004,0,0,1.0
924,1408,1408,1540,0,0.9121074080467224,0.9500000000000004,0,0,1.0
924,1408,1408,1541,0,0.919468879699707,0.9500000000000004,0,0,1.0
924,1408,1408,1564,0,0.9167294502258301,0.9500000000000004,0,0,1.0
924,1408,1408,1565,0,0.8895631432533264,0.9500000000000004,0,0,1.0
924,1408,1408,1657,0,0.8993327617645264,0.9500000000000004,0,0,1.0
925,204,204,1665,0,0.20316560566425323,0.9500000000000004,0,0,0.1
925,204,204,1668,0,0.20316560566425323,0.9500000000000004,0,0,0.1
925,204,204,1669,0,0.20316560566425323,0.9500000000000004,0,0,0.1
926,352,352,1217,0,0.6457881331443787,0.9500000000000004,0,0,0.5
926,352,352,204,0,0.6682512164115906,0.9500000000000004,0,0,0.25
926,352,352,342,0,0.7394236922264099,0.9500000000000004,0,0,0.5
926,352,352,348,0,0.6168233156204224,0.9500000000000004,0,0,0.25
926,352,352,349,0,0.9061945080757141,0.9500000000000004,0,0,1.0
926,352,352,350,0,0.9143610596656799,0.9500000000000004,0,0,1.0
926,352,352,351,0,0.9127469062805176,0.9500000000000004,0,0,1.0
926,352,352,353,0,0.8100067973136902,0.9500000000000004,0,0,1.0
926,352,352,356,0,0.7311928272247314,0.9500000000000004,0,0,0.5
926,352,352,357,0,0.5070553421974182,0.9500000000000004,0,0,0.25
927,2107,2107,278,0,0.9393271803855896,0.9500000000000004,0,1,1.0
931,1564,1564,1296,0,0.7104399800300598,0.9500000000000004,0,0,0.3333333333333333
931,1564,1564,1408,0,0.7519010305404663,0.9500000000000004,0,0,0.3333333333333333
931,1564,1564,1413,0,0.7417848706245422,0.9500000000000004,0,0,0.5
931,1564,1564,1419,0,0.9620128870010376,0.9500000000000004,1,0,1.0
931,1564,1564,1420,0,0.8365530967712402,0.9500000000000004,0,0,0.3333333333333333
931,1564,1564,1427,0,0.7417848706245422,0.9500000000000004,0,0,0.5
931,1564,1564,1433,0,0.66908860206604,0.9500000000000004,0,0,0.3333333333333333
931,1564,1564,1540,0,0.7278587222099304,0.9500000000000004,0,0,0.3333333333333333
931,1564,1564,1541,0,0.7429144382476807,0.9500000000000004,0,0,0.3333333333333333
931,1564,1564,1565,0,0.6340306401252747,0.9500000000000004,0,0,0.3333333333333333
931,1564,1564,1657,0,0.6650733947753906,0.9500000000000004,0,0,0.3333333333333333
931,1564,1564,204,0,0.9155527949333191,0.9500000000000004,0,1,0.3333333333333333
931,1564,1564,3,0,0.9076430797576904,0.9500000000000004,0,0,0.3333333333333333
931,1564,1419,1413,1,0.747629702091217,0.9500000000000004,0,0,0.5
931,1564,1419,1420,1,0.9033183455467224,0.9500000000000004,0,0,0.5
931,1564,1419,1427,1,0.747629702091217,0.9500000000000004,0,0,0.5
931,1564,1419,204,1,0.9439746141433716,0.9500000000000004,0,1,0.5
931,1564,1419,3,1,0.9439250230789185,0.9500000000000004,0,0,0.5
932,1541,1541,1296,0,0.4827125668525696,0.9500000000000004,0,0,0.125
932,1541,1541,1300,0,0.797034502029419,0.9500000000000004,0,0,1.0
932,1541,1541,1301,0,0.6997625231742859,0.9500000000000004,0,0,0.2727272727272727
932,1541,1541,1307,0,0.45144662261009216,0.9500000000000004,0,0,0.1111111111111111
932,1541,1541,1313,0,0.45047032833099365,0.9500000000000004,0,0,0.16666666666666666
932,1541,1541,1320,0,0.6415744423866272,0.9500000000000004,0,0,0.5
932,1541,1541,1361,0,0.5493019223213196,0.9500000000000004,0,0,0.18181818181818182
932,1541,1541,1363,0,0.39868465065956116,0.9500000000000004,0,0,0.1
932,1541,1541,1364,0,0.39868465065956116,0.9500000000000004,0,0,0.1
932,1541,1541,1408,0,0.5554434657096863,0.9500000000000004,0,0,0.125
932,1541,1541,1417,0,0.797034502029419,0.9500000000000004,0,0,1.0
932,1541,1541,1433,0,0.5493684411048889,0.9500000000000004,0,0,0.2222222222222222
932,1541,1541,1540,0,0.5356348752975464,0.9500000000000004,0,0,0.18181818181818182
932,1541,1541,1564,0,0.5835793614387512,0.9500000000000004,0,0,0.125
932,1541,1541,1565,0,0.40961959958076477,0.9500000000000004,0,0,0.125
932,1541,1541,1657,0,0.43386146426200867,0.9500000000000004,0,0,0.125
932,1541,1541,1659,0,0.3976743817329407,0.9500000000000004,0,0,0.1111111111111111
932,1541,1541,1660,0,0.6940113306045532,0.9500000000000004,0,0,0.3333333333333333
932,1541,1541,1667,0,0.7228702902793884,0.9500000000000004,0,0,0.3333333333333333
932,1541,1541,1670,0,0.5368825793266296,0.9500000000000004,0,0,0.14285714285714285
932,1541,1541,1708,0,0.698357105255127,0.9500000000000004,0,0,0.3333333333333333
932,1541,1541,1709,0,0.6997852325439453,0.9500000000000004,0,0,0.3333333333333333
932,1541,1541,1710,0,0.5238564014434814,0.9500000000000004,0,0,0.1111111111111111
932,1541,1541,1711,0,0.5540436506271362,0.9500000000000004,0,0,0.2222222222222222
932,1541,1541,1712,0,0.4038223922252655,0.9500000000000004,0,0,0.1111111111111111
932,1541,1541,1717,0,0.41873401403427124,0.9500000000000004,0,0,0.14285714285714285
932,1541,1541,1892,0,0.46167224645614624,0.9500000000000004,0,0,0.2
932,1541,1541,2017,0,0.47250786423683167,0.9500000000000004,0,0,0.2
932,1541,1541,2031,0,0.49441415071487427,0.9500000000000004,0,0,0.25
932,1541,1541,204,0,0.9069778323173523,0.9500000000000004,0,1,0.5454545454545454
932,1541,1541,2096,0,0.6415744423866272,0.9500000000000004,0,0,0.5
932,1541,1541,2097,0,0.6415744423866272,0.9500000000000004,0,0,0.5
933,169,169,1663,0,0.954675555229187,0.9500000000000004,1,1,0.6666666666666666
933,169,169,168,0,0.4777580797672272,0.9500000000000004,0,0,0.25
933,169,169,416,0,0.7028570771217346,0.9500000000000004,0,0,0.5
935,1296,1296,1301,0,0.789410412311554,0.9500000000000004,0,0,0.3333333333333333
935,1296,1296,1347,0,0.748723566532135,0.9500000000000004,0,0,0.5
935,1296,1296,1350,0,0.7284129858016968,0.9500000000000004,0,0,0.3333333333333333
935,1296,1296,1381,0,0.7214990258216858,0.9500000000000004,0,0,0.5
935,1296,1296,1408,0,0.7106726765632629,0.9500000000000004,0,0,0.3333333333333333
935,1296,1296,1433,0,0.6843380928039551,0.9500000000000004,0,0,0.3333333333333333
935,1296,1296,1540,0,0.7086189389228821,0.9500000000000004,0,0,0.3333333333333333
935,1296,1296,1541,0,0.7590453028678894,0.9500000000000004,0,0,0.3333333333333333
935,1296,1296,1564,0,0.731501579284668,0.9500000000000004,0,0,0.3333333333333333
935,1296,1296,1565,0,0.6535956859588623,0.9500000000000004,0,0,0.3333333333333333
935,1296,1296,1657,0,0.6767394542694092,0.9500000000000004,0,0,0.3333333333333333
935,1296,1296,1659,0,0.7087030410766602,0.9500000000000004,0,0,0.3333333333333333
935,1296,1296,204,0,0.8822217583656311,0.9500000000000004,0,1,0.3333333333333333
935,1296,1296,2071,0,0.8580388426780701,0.9500000000000004,0,0,1.0
935,1296,1296,3,0,0.8023001551628113,0.9500000000000004,0,0,0.3333333333333333
936,205,205,1264,0,0.654325008392334,0.9500000000000004,0,0,0.3333333333333333
936,205,205,1269,0,0.6382051706314087,0.9500000000000004,0,0,0.3333333333333333
936,205,205,1270,0,0.6382051706314087,0.9500000000000004,0,0,0.3333333333333333
936,205,205,1665,0,0.8812081217765808,0.9500000000000004,0,0,1.0
936,205,205,1668,0,0.8812081217765808,0.9500000000000004,0,0,1.0
936,205,205,1669,0,0.8812081217765808,0.9500000000000004,0,0,1.0
936,205,205,167,0,0.5421093106269836,0.9500000000000004,0,0,0.25
936,205,205,203,0,0.8354902863502502,0.9500000000000004,0,0,0.5
936,205,205,204,0,0.8927496671676636,0.9500000000000004,0,0,0.5
936,205,205,2071,0,0.8988869190216064,0.9500000000000004,0,0,1.0
936,205,205,236,0,0.6857185959815979,0.9500000000000004,0,0,0.3333333333333333
936,205,205,237,0,0.6857185959815979,0.9500000000000004,0,0,0.3333333333333333
936,205,205,274,0,0.8084850311279297,0.9500000000000004,0,0,0.3333333333333333
936,205,205,278,0,0.8130893111228943,0.9500000000000004,0,0,0.3333333333333333
936,205,205,3,0,0.8516426086425781,0.9500000000000004,0,1,0.5
937,1410,1410,1412,0,0.9163557291030884,0.9500000000000004,0,0,1.0
937,1410,1410,1415,0,0.9163557291030884,0.9500000000000004,0,0,1.0
937,1410,1410,1422,0,0.892700731754303,0.9500000000000004,0,0,1.0
937,1410,1410,204,0,0.9435142874717712,0.9500000000000004,0,1,1.0
940,204,204,1300,0,0.31268614530563354,0.9500000000000004,0,0,0.2
940,204,204,1368,0,0.4237063527107239,0.9500000000000004,0,0,0.5
940,204,204,1409,0,0.8463188409805298,0.9500000000000004,0,0,1.0
940,204,204,1417,0,0.31268614530563354,0.9500000000000004,0,0,0.2
941,1526,1526,11,0,0.9401681423187256,0.9500000000000004,0,0,1.0
941,1526,1526,2109,0,0.9070794582366943,0.9500000000000004,0,0,1.0
942,111,111,110,0,0.5042480230331421,0.9500000000000004,0,0,0.13636363636363635
942,111,111,1106,0,0.4195394814014435,0.9500000000000004,0,0,0.14285714285714285
942,111,111,112,0,0.4293287396430969,0.9500000000000004,0,0,0.11764705882352941
942,111,111,1135,0,0.5679605603218079,0.9500000000000004,0,0,0.3333333333333333
942,111,111,1136,0,0.4404706656932831,0.9500000000000004,0,0,0.2
942,111,111,122,0,0.5545136332511902,0.9500000000000004,0,0,0.18181818181818182
942,111,111,1224,0,0.5926185250282288,0.9500000000000004,0,0,0.5
942,111,111,127,0,0.5271105170249939,0.9500000000000004,0,0,0.18181818181818182
942,111,111,129,0,0.4295124411582947,0.9500000000000004,0,0,0.11764705882352941
942,111,111,131,0,0.5606141686439514,0.9500000000000004,0,0,0.18181818181818182
942,111,111,1807,0,0.796592652797699,0.9500000000000004,0,0,1.0
942,111,111,1808,0,0.796592652797699,0.9500000000000004,0,0,1.0
942,111,111,1809,0,0.796592652797699,0.9500000000000004,0,0,1.0
942,111,111,1810,0,0.796592652797699,0.9500000000000004,0,0,1.0
942,111,111,1811,0,0.796592652797699,0.9500000000000004,0,0,1.0
942,111,111,204,0,0.819442629814148,0.9500000000000004,0,1,0.2727272727272727
942,111,111,246,0,0.5296601057052612,0.9500000000000004,0,0,0.19047619047619047
942,111,111,338,0,0.5594240427017212,0.9500000000000004,0,0,0.18181818181818182
942,111,111,402,0,0.49585846066474915,0.9500000000000004,0,0,0.2
942,111,111,488,0,0.5348833799362183,0.9500000000000004,0,0,0.2222222222222222
942,111,111,489,0,0.46111685037612915,0.9500000000000004,0,0,0.1111111111111111
942,111,111,490,0,0.40539780259132385,0.9500000000000004,0,0,0.1111111111111111
942,111,111,491,0,0.40539780259132385,0.9500000000000004,0,0,0.1111111111111111
942,111,111,492,0,0.40539780259132385,0.9500000000000004,0,0,0.1111111111111111
942,111,111,493,0,0.4108233153820038,0.9500000000000004,0,0,0.1111111111111111
943,204,204,1300,0,0.3027423918247223,0.9500000000000004,0,0,0.14285714285714285
943,204,204,1368,0,0.3463697135448456,0.9500000000000004,0,0,0.25
943,204,204,1409,0,0.3901073634624481,0.9500000000000004,0,0,0.3333333333333333
943,204,204,1417,0,0.3027423918247223,0.9500000000000004,0,0,0.14285714285714285
944,204,204,1300,0,0.29921475052833557,0.9500000000000004,0,0,0.125
944,204,204,1368,0,0.3285263776779175,0.9500000000000004,0,0,0.2
944,204,204,1409,0,0.3562365472316742,0.9500000000000004,0,0,0.25
944,204,204,1417,0,0.29921475052833557,0.9500000000000004,0,0,0.125
945,204,204,1300,0,0.302057683467865,0.9500000000000004,0,0,0.1111111111111111
945,204,204,1368,0,0.32489752769470215,0.9500000000000004,0,0,0.16666666666666666
945,204,204,1409,0,0.34078750014305115,0.9500000000000004,0,0,0.2
945,204,204,1417,0,0.302057683467865,0.9500000000000004,0,0,0.1111111111111111
946,144,144,1207,0,0.2910005450248718,0.9500000000000004,0,0,0.125
946,144,144,143,0,0.31496331095695496,0.9500000000000004,0,0,0.10714285714285714
946,144,144,148,0,0.5949590802192688,0.9500000000000004,0,0,0.25
946,144,144,178,0,0.635487973690033,0.9500000000000004,0,0,0.25
946,144,144,2020,0,0.5032626390457153,0.9500000000000004,0,0,0.3333333333333333
946,144,144,2023,0,0.5032626390457153,0.9500000000000004,0,0,0.3333333333333333
946,144,144,2025,0,0.5007439851760864,0.9500000000000004,0,0,0.3333333333333333
946,144,144,2037,0,0.8280737400054932,0.9500000000000004,0,0,0.6666666666666666
946,144,144,204,0,0.9184100031852722,0.9500000000000004,0,1,0.4230769230769231
946,144,144,82,0,0.8633570075035095,0.9500000000000004,0,0,0.17857142857142858
946,144,144,83,0,0.7709043025970459,0.9500000000000004,0,0,0.14285714285714285
946,144,144,90,0,0.875001072883606,0.9500000000000004,0,0,0.21428571428571427
947,204,204,1368,0,0.26142001152038574,0.9500000000000004,0,0,0.125
947,204,204,1409,0,0.27654045820236206,0.9500000000000004,0,0,0.14285714285714285
948,400,400,147,0,0.3927921652793884,0.9500000000000004,0,0,0.125
948,400,400,204,0,0.9616861939430237,0.9500000000000004,1,1,0.75
948,400,400,346,0,0.9325829744338989,0.9500000000000004,0,0,0.5
948,400,400,361,0,0.43276089429855347,0.9500000000000004,0,0,0.125
948,400,400,368,0,0.3972294330596924,0.9500000000000004,0,0,0.125
948,400,400,391,0,0.5930448770523071,0.9500000000000004,0,0,0.25
948,400,400,399,0,0.4601599872112274,0.9500000000000004,0,0,0.2
948,400,204,1368,1,0.2705577313899994,0.9500000000000004,0,0,0.1111111111111111
948,400,204,1372,1,0.8833680748939514,0.9500000000000004,0,0,1.0
948,400,204,1409,1,0.28684523701667786,0.9500000000000004,0,0,0.125
948,400,204,2303,1,0.8833680748939514,0.9500000000000004,0,0,1.0
949,99,99,1069,0,0.7061424255371094,0.9500000000000004,0,0,0.5
949,99,99,113,0,0.3988454341888428,0.9500000000000004,0,0,0.14285714285714285
949,99,99,125,0,0.4279477596282959,0.9500000000000004,0,0,0.14285714285714285
949,99,99,130,0,0.4279477596282959,0.9500000000000004,0,0,0.14285714285714285
949,99,99,144,0,0.632815957069397,0.9500000000000004,0,0,0.14285714285714285
949,99,99,164,0,0.3790995180606842,0.9500000000000004,0,0,0.14285714285714285
949,99,99,177,0,0.5035160779953003,0.9500000000000004,0,0,0.14285714285714285
949,99,99,2037,0,0.825573205947876,0.9500000000000004,0,0,1.0
949,99,99,204,0,0.9082754850387573,0.9500000000000004,0,1,0.5714285714285714
949,99,99,245,0,0.4157176613807678,0.9500000000000004,0,0,0.14285714285714285
949,99,99,296,0,0.5408775210380554,0.9500000000000004,0,0,0.16666666666666666
949,99,99,297,0,0.41397929191589355,0.9500000000000004,0,0,0.2
949,99,99,3,0,0.5908572673797607,0.9500000000000004,0,0,0.14285714285714285
949,99,99,332,0,0.46798449754714966,0.9500000000000004,0,0,0.16666666666666666
949,99,99,333,0,0.41360941529273987,0.9500000000000004,0,0,0.16666666666666666
949,99,99,403,0,0.4050585925579071,0.9500000000000004,0,0,0.2
949,99,99,428,0,0.4680379033088684,0.9500000000000004,0,0,0.3333333333333333
949,99,99,82,0,0.6546396017074585,0.9500000000000004,0,0,0.14285714285714285
949,99,99,83,0,0.6480337381362915,0.9500000000000004,0,0,0.14285714285714285
949,99,99,90,0,0.9294652342796326,0.9500000000000004,0,1,0.42857142857142855
949,99,99,91,0,0.5632535219192505,0.9500000000000004,0,0,0.2857142857142857
949,99,99,92,0,0.40154385566711426,0.9500000000000004,0,0,0.16666666666666666
949,99,99,94,0,0.5272993445396423,0.9500000000000004,0,0,0.14285714285714285
950,204,204,1372,0,0.46447211503982544,0.9500000000000004,0,0,0.3333333333333333
950,204,204,1409,0,0.27759408950805664,0.9500000000000004,0,0,0.1
950,204,204,2303,0,0.46447211503982544,0.9500000000000004,0,0,0.3333333333333333
951,240,240,206,0,0.7519108653068542,0.9500000000000004,0,0,0.16666666666666666
951,240,240,227,0,0.7507317662239075,0.9500000000000004,0,0,0.16666666666666666
951,240,240,241,0,0.9936758875846863,0.9500000000000004,1,1,1.0
951,240,241,1151,1,0.690523624420166,0.9500000000000004,0,0,0.3333333333333333
951,240,241,206,1,0.7038760185241699,0.9500000000000004,0,0,0.14285714285714285
951,240,241,227,1,0.6997717618942261,0.9500000000000004,0,0,0.14285714285714285
951,240,241,267,1,0.6217652559280396,0.9500000000000004,0,0,0.14285714285714285
952,3,3,11,0,0.4634183347225189,0.9500000000000004,0,0,0.125
952,3,3,1152,0,0.5257076025009155,0.9500000000000004,0,0,0.11764705882352941
952,3,3,1275,0,0.34201928973197937,0.9500000000000004,0,0,0.1
952,3,3,1325,0,0.34935078024864197,0.9500000000000004,0,0,0.1111111111111111
952,3,3,1328,0,0.3633163273334503,0.9500000000000004,0,0,0.1111111111111111
952,3,3,1350,0,0.39686042070388794,0.9500000000000004,0,0,0.13333333333333333
952,3,3,1419,0,0.357744038105011,0.9500000000000004,0,0,0.125
952,3,3,1659,0,0.39609771966934204,0.9500000000000004,0,0,0.16666666666666666
952,3,3,167,0,0.3821181058883667,0.9500000000000004,0,0,0.20454545454545456
952,3,3,204,0,0.8290789723396301,0.9500000000000004,0,1,0.34285714285714286
952,3,3,2191,0,0.4057493507862091,0.9500000000000004,0,0,0.25
952,3,3,25,0,0.3883298337459564,0.9500000000000004,0,0,0.13333333333333333
952,3,3,302,0,0.35009118914604187,0.9500000000000004,0,0,0.125
952,3,3,311,0,0.35009118914604187,0.9500000000000004,0,0,0.125
953,1540,1540,1263,0,0.6584007740020752,0.9500000000000004,0,0,0.25
953,1540,1540,1267,0,0.5863355994224548,0.9500000000000004,0,0,0.25
953,1540,1540,1268,0,0.5744993090629578,0.9500000000000004,0,0,0.25
953,1540,1540,1296,0,0.7219007611274719,0.9500000000000004,0,0,0.3333333333333333
953,1540,1540,1320,0,0.859898030757904,0.9500000000000004,0,0,1.0
953,1540,1540,1323,0,0.6617223024368286,0.9500000000000004,0,0,0.3333333333333333
953,1540,1540,1328,0,0.726798415184021,0.9500000000000004,0,0,0.5
953,1540,1540,1333,0,0.7224404215812683,0.9500000000000004,0,0,0.5
953,1540,1540,1334,0,0.7224404215812683,0.9500000000000004,0,0,0.5
953,1540,1540,1408,0,0.7037188410758972,0.9500000000000004,0,0,0.3333333333333333
953,1540,1540,1433,0,0.6520125269889832,0.9500000000000004,0,0,0.3333333333333333
953,1540,1540,1541,0,0.8930280208587646,0.9500000000000004,0,0,0.6666666666666666
953,1540,1540,1564,0,0.7168735265731812,0.9500000000000004,0,0,0.3333333333333333
953,1540,1540,1565,0,0.6270250082015991,0.9500000000000004,0,0,0.3333333333333333
953,1540,1540,1576,0,0.8457338213920593,0.9500000000000004,0,0,0.5
953,1540,1540,1657,0,0.6492714285850525,0.9500000000000004,0,0,0.3333333333333333
953,1540,1540,1660,0,0.8767184019088745,0.9500000000000004,0,0,0.6666666666666666
953,1540,1540,1666,0,0.7322481274604797,0.9500000000000004,0,1,0.5
953,1540,1540,2027,0,0.7224404215812683,0.9500000000000004,0,0,0.5
953,1540,1540,204,0,0.928439199924469,0.9500000000000004,0,0,0.5
953,1540,1540,2096,0,0.859898030757904,0.9500000000000004,0,0,1.0
953,1540,1540,2097,0,0.859898030757904,0.9500000000000004,0,0,1.0
954,2109,2109,11,0,0.9379197359085083,0.9500000000000004,0,1,1.0
954,2109,2109,1526,0,0.9161950945854187,0.9500000000000004,0,1,1.0
955,204,204,1372,0,0.34395262598991394,0.9500000000000004,0,0,0.2
955,204,204,2303,0,0.34395262598991394,0.9500000000000004,0,0,0.2
955,204,204,2304,0,0.5481796860694885,0.9500000000000004,0,0,0.5
955,204,204,2305,0,0.5481796860694885,0.9500000000000004,0,0,0.5
956,2306,2306,204,0,0.9406458139419556,0.9500000000000004,0,0,1.0
956,2306,2306,2307,0,0.8884114027023315,0.9500000000000004,0,1,1.0
956,2306,2306,2308,0,0.8884114027023315,0.9500000000000004,0,0,1.0
956,2306,2306,2309,0,0.8884114027023315,0.9500000000000004,0,0,1.0
957,1368,1368,1296,0,0.9227893352508545,0.9500000000000004,0,0,1.0
957,1368,1368,204,0,0.9525054693222046,0.9500000000000004,1,1,1.0
957,1368,204,1372,1,0.3219364583492279,0.9500000000000004,0,0,0.16666666666666666
957,1368,204,2303,1,0.3219364583492279,0.9500000000000004,0,0,0.16666666666666666
957,1368,204,2304,1,0.4172760844230652,0.9500000000000004,0,0,0.3333333333333333
957,1368,204,2305,1,0.4172760844230652,0.9500000000000004,0,0,0.3333333333333333
957,1368,204,2306,1,0.8779661059379578,0.9500000000000004,0,0,1.0
957,1368,204,2307,1,0.8779661059379578,0.9500000000000004,0,0,1.0
957,1368,204,2308,1,0.8725607395172119,0.9500000000000004,0,0,1.0
957,1368,204,2309,1,0.8725607395172119,0.9500000000000004,0,0,1.0
958,205,205,1264,0,0.6293447613716125,0.9500000000000004,0,0,0.25
958,205,205,1269,0,0.611278772354126,0.9500000000000004,0,0,0.25
958,205,205,1270,0,0.611278772354126,0.9500000000000004,0,0,0.25
958,205,205,1665,0,0.7424920201301575,0.9500000000000004,0,0,0.5
958,205,205,1668,0,0.7424920201301575,0.9500000000000004,0,0,0.5
958,205,205,1669,0,0.7424920201301575,0.9500000000000004,0,0,0.5
958,205,205,167,0,0.4862064719200134,0.9500000000000004,0,0,0.2
958,205,205,203,0,0.7876278162002563,0.9500000000000004,0,0,0.4
958,205,205,204,0,0.879076361656189,0.9500000000000004,0,0,0.4
958,205,205,2071,0,0.7735592722892761,0.9500000000000004,0,0,0.5
958,205,205,236,0,0.6165046095848083,0.9500000000000004,0,0,0.25
958,205,205,237,0,0.6165046095848083,0.9500000000000004,0,0,0.25
958,205,205,274,0,0.7580544948577881,0.9500000000000004,0,0,0.25
958,205,205,278,0,0.7577323913574219,0.9500000000000004,0,0,0.25
958,205,205,3,0,0.9122816920280457,0.9500000000000004,0,1,0.6
959,204,204,1368,0,0.3779038190841675,0.9500000000000004,0,0,0.13333333333333333
959,204,204,1372,0,0.2918722927570343,0.9500000000000004,0,0,0.14285714285714285
959,204,204,2303,0,0.2918722927570343,0.9500000000000004,0,0,0.14285714285714285
959,204,204,2304,0,0.3426894545555115,0.9500000000000004,0,0,0.25
959,204,204,2305,0,0.3426894545555115,0.9500000000000004,0,0,0.25
959,204,204,2306,0,0.519400417804718,0.9500000000000004,0,0,0.5
959,204,204,2307,0,0.519400417804718,0.9500000000000004,0,0,0.5
959,204,204,2308,0,0.4974231719970703,0.9500000000000004,0,0,0.5
959,204,204,2309,0,0.4974231719970703,0.9500000000000004,0,0,0.5
960,148,148,1231,0,0.8435385823249817,0.9500000000000004,0,0,1.0
960,148,148,143,0,0.4970755875110626,0.9500000000000004,0,0,0.23076923076923078
960,148,148,144,0,0.7956319451332092,0.9500000000000004,0,0,0.5384615384615384
960,148,148,147,0,0.47416597604751587,0.9500000000000004,0,0,0.16666666666666666
960,148,148,162,0,0.44955089688301086,0.9500000000000004,0,0,0.15384615384615385
960,148,148,1655,0,0.48143863677978516,0.9500000000000004,0,0,0.25
960,148,148,178,0,0.5845643281936646,0.9500000000000004,0,0,0.23076923076923078
960,148,148,204,0,0.8892071843147278,0.9500000000000004,0,1,0.6666666666666666
960,148,148,329,0,0.4361651837825775,0.9500000000000004,0,0,0.125
960,148,148,331,0,0.4009554088115692,0.9500000000000004,0,0,0.125
960,148,148,339,0,0.7909920811653137,0.9500000000000004,0,0,0.6666666666666666
960,148,148,340,0,0.6334156394004822,0.9500000000000004,0,0,0.3333333333333333
960,148,148,341,0,0.6333924531936646,0.9500000000000004,0,0,0.3333333333333333
960,148,148,420,0,0.46315547823905945,0.9500000000000004,0,0,0.16666666666666666
960,148,148,421,0,0.4259313941001892,0.9500000000000004,0,0,0.16666666666666666
960,148,148,82,0,0.5462371706962585,0.9500000000000004,0,0,0.15384615384615385
960,148,148,83,0,0.5273032784461975,0.9500000000000004,0,0,0.15384615384615385
960,148,148,90,0,0.555158793926239,0.9500000000000004,0,0,0.15384615384615385
962,204,204,1368,0,0.3399600684642792,0.9500000000000004,0,0,0.11764705882352941
962,204,204,1372,0,0.26790711283683777,0.9500000000000004,0,0,0.1111111111111111
962,204,204,2099,0,0.5089938044548035,0.9500000000000004,0,0,0.5
962,204,204,2114,0,0.5089938044548035,0.9500000000000004,0,0,0.5
962,204,204,2115,0,0.5089938044548035,0.9500000000000004,0,0,0.5
962,204,204,2303,0,0.26790711283683777,0.9500000000000004,0,0,0.1111111111111111
962,204,204,2304,0,0.2937786281108856,0.9500000000000004,0,0,0.16666666666666666
962,204,204,2305,0,0.2937786281108856,0.9500000000000004,0,0,0.16666666666666666
962,204,204,2306,0,0.34771865606307983,0.9500000000000004,0,0,0.25
962,204,204,2307,0,0.34771865606307983,0.9500000000000004,0,0,0.25
962,204,204,2308,0,0.34318259358406067,0.9500000000000004,0,0,0.25
962,204,204,2309,0,0.34318259358406067,0.9500000000000004,0,0,0.25
963,11,11,1131,0,0.11890877783298492,0.9500000000000004,0,0,0.1
963,11,11,14,0,0.19067245721817017,0.9500000000000004,0,0,0.12903225806451613
963,11,11,1526,0,0.8678420186042786,0.9500000000000004,0,1,1.0
963,11,11,204,0,0.6764823198318481,0.9500000000000004,0,0,0.16666666666666666
963,11,11,2109,0,0.8539873957633972,0.9500000000000004,0,1,1.0
963,11,11,25,0,0.7747724056243896,0.9500000000000004,0,0,0.8888888888888888
963,11,11,3,0,0.28221237659454346,0.9500000000000004,0,0,0.16129032258064516
968,1708,1708,1313,0,0.8826088905334473,0.9500000000000004,0,0,0.75
968,1708,1708,1412,0,0.5572555661201477,0.9500000000000004,0,0,0.2
968,1708,1708,1541,0,0.8889543414115906,0.9500000000000004,0,0,0.6
968,1708,1708,1660,0,0.5430440902709961,0.9500000000000004,0,0,0.2
968,1708,1708,1666,0,0.6452271342277527,0.9500000000000004,0,0,0.25
968,1708,1708,1667,0,0.9096840023994446,0.9500000000000004,0,0,0.6
968,1708,1708,1709,0,0.975298285484314,0.9500000000000004,1,0,1.0
968,1708,1708,1710,0,0.5923135876655579,0.9500000000000004,0,0,0.2
968,1708,1708,1711,0,0.7367497086524963,0.9500000000000004,0,0,0.4
968,1708,1708,1712,0,0.5538070201873779,0.9500000000000004,0,0,0.2
968,1708,1708,1892,0,0.7177784442901611,0.9500000000000004,0,0,0.5
968,1708,1708,1893,0,0.6235948801040649,0.9500000000000004,0,0,0.3333333333333333
968,1708,1708,2017,0,0.8792924284934998,0.9500000000000004,0,0,0.6666666666666666
968,1708,1708,2026,0,0.6200318336486816,0.9500000000000004,0,0,0.3333333333333333
968,1708,1708,2031,0,0.8722842931747437,0.9500000000000004,0,0,1.0
968,1708,1708,204,0,0.8650805354118347,0.9500000000000004,0,1,0.6
968,1708,1709,1313,1,0.8826088905334473,0.9500000000000004,0,0,0.75
968,1708,1709,1412,1,0.5572555661201477,0.9500000000000004,0,0,0.2
968,1708,1709,1541,1,0.8889543414115906,0.9500000000000004,0,0,0.6
968,1708,1709,1660,1,0.5430440902709961,0.9500000000000004,0,0,0.2
968,1708,1709,1666,1,0.6452271342277527,0.9500000000000004,0,0,0.25
968,1708,1709,1667,1,0.9096840023994446,0.9500000000000004,0,0,0.6
968,1708,1709,1710,1,0.5923135876655579,0.9500000000000004,0,0,0.2
968,1708,1709,1711,1,0.7367497086524963,0.9500000000000004,0,0,0.4
968,1708,1709,1712,1,0.5538070201873779,0.9500000000000004,0,0,0.2
968,1708,1709,1892,1,0.7177784442901611,0.9500000000000004,0,0,0.5
968,1708,1709,1893,1,0.6235948801040649,0.9500000000000004,0,0,0.3333333333333333
968,1708,1709,2017,1,0.8792924284934998,0.9500000000000004,0,0,0.6666666666666666
968,1708,1709,2026,1,0.6200318336486816,0.9500000000000004,0,0,0.3333333333333333
968,1708,1709,2031,1,0.8722842931747437,0.9500000000000004,0,0,1.0
968,1708,1709,204,1,0.8650805354118347,0.9500000000000004,0,1,0.6
970,1661,1661,1309,0,0.7643369436264038,0.9500000000000004,0,0,0.5
970,1661,1661,1325,0,0.9064596891403198,0.9500000000000004,0,1,1.0
970,1661,1661,1362,0,0.8436072468757629,0.9500000000000004,0,1,1.0
970,1661,1661,1373,0,0.7589322328567505,0.9500000000000004,0,0,0.5
970,1661,1661,1658,0,0.7205197811126709,0.9500000000000004,0,0,0.5
970,1661,1661,1659,0,0.742860734462738,0.9500000000000004,0,0,0.5
970,1661,1661,1660,0,0.786336362361908,0.9500000000000004,0,1,0.5
970,1661,1661,1662,0,0.7205197811126709,0.9500000000000004,0,0,0.5
970,1661,1661,1666,0,0.9311707615852356,0.9500000000000004,0,1,1.0
970,1661,1661,204,0,0.9041320085525513,0.9500000000000004,0,1,0.5
970,1661,1661,3,0,0.8365236520767212,0.9500000000000004,0,0,0.5
971,204,204,1368,0,0.3291116952896118,0.9500000000000004,0,0,0.1
971,204,204,1900,0,0.8749507665634155,0.9500000000000004,0,0,1.0
971,204,204,2099,0,0.31778210401535034,0.9500000000000004,0,0,0.2
971,204,204,2114,0,0.31778210401535034,0.9500000000000004,0,0,0.2
971,204,204,2115,0,0.31778210401535034,0.9500000000000004,0,0,0.2
971,204,204,2304,0,0.25598740577697754,0.9500000000000004,0,0,0.1111111111111111
971,204,204,2305,0,0.25598740577697754,0.9500000000000004,0,0,0.1111111111111111
971,204,204,2306,0,0.2794298827648163,0.9500000000000004,0,0,0.14285714285714285
971,204,204,2307,0,0.2794298827648163,0.9500000000000004,0,0,0.14285714285714285
971,204,204,2308,0,0.2721242606639862,0.9500000000000004,0,0,0.14285714285714285
971,204,204,2309,0,0.2721242606639862,0.9500000000000004,0,0,0.14285714285714285
975,288,288,2094,0,0.8252578377723694,0.9500000000000004,0,0,1.0
975,288,288,296,0,0.5872539281845093,0.9500000000000004,0,0,0.14285714285714285
975,288,288,297,0,0.455620676279068,0.9500000000000004,0,0,0.2
975,288,288,329,0,0.4933163523674011,0.9500000000000004,0,0,0.14285714285714285
975,288,288,330,0,0.45292678475379944,0.9500000000000004,0,0,0.14285714285714285
975,288,288,332,0,0.5356560945510864,0.9500000000000004,0,0,0.14285714285714285
975,288,288,333,0,0.6387117505073547,0.9500000000000004,0,0,0.3333333333333333
975,288,288,380,0,0.6714717149734497,0.9500000000000004,0,0,0.4
975,288,288,382,0,0.49835166335105896,0.9500000000000004,0,0,0.16666666666666666
975,288,288,383,0,0.510498046875,0.9500000000000004,0,0,0.2
975,288,288,384,0,0.7255108952522278,0.9500000000000004,0,0,0.4
975,288,288,385,0,0.4850558340549469,0.9500000000000004,0,0,0.2
975,288,288,82,0,0.8065882325172424,0.9500000000000004,0,1,0.375
975,288,288,86,0,0.4864482879638672,0.9500000000000004,0,0,0.16666666666666666
975,288,288,90,0,0.7487829327583313,0.9500000000000004,0,0,0.25
975,288,288,94,0,0.6915509104728699,0.9500000000000004,0,0,0.25
976,204,204,1171,0,0.569075345993042,0.9500000000000004,0,0,0.5
976,204,204,1900,0,0.40466952323913574,0.9500000000000004,0,0,0.3333333333333333
976,204,204,2099,0,0.26882269978523254,0.9500000000000004,0,0,0.14285714285714285
976,204,204,2114,0,0.26882269978523254,0.9500000000000004,0,0,0.14285714285714285
976,204,204,2115,0,0.26882269978523254,0.9500000000000004,0,0,0.14285714285714285
976,204,204,2306,0,0.25786417722702026,0.9500000000000004,0,0,0.1111111111111111
976,204,204,2307,0,0.25786417722702026,0.9500000000000004,0,0,0.1111111111111111
976,204,204,2308,0,0.25110241770744324,0.9500000000000004,0,0,0.1111111111111111
976,204,204,2309,0,0.25110241770744324,0.9500000000000004,0,0,0.1111111111111111
976,204,204,85,0,0.569075345993042,0.9500000000000004,0,0,0.5
979,204,204,1171,0,0.3994368314743042,0.9500000000000004,0,0,0.3333333333333333
979,204,204,1900,0,0.33463603258132935,0.9500000000000004,0,0,0.25
979,204,204,2099,0,0.2524389326572418,0.9500000000000004,0,0,0.125
979,204,204,2114,0,0.2524389326572418,0.9500000000000004,0,0,0.125
979,204,204,2115,0,0.2524389326572418,0.9500000000000004,0,0,0.125
979,204,204,2306,0,0.24284996092319489,0.9500000000000004,0,0,0.1
979,204,204,2307,0,0.24284996092319489,0.9500000000000004,0,0,0.1
979,204,204,2308,0,0.24143609404563904,0.9500000000000004,0,0,0.1
979,204,204,2309,0,0.24143609404563904,0.9500000000000004,0,0,0.1
979,204,204,85,0,0.3994368314743042,0.9500000000000004,0,0,0.3333333333333333
980,278,278,2107,0,0.994117259979248,0.9500000000000004,1,1,1.0
980,278,278,274,0,0.9977885484695435,0.9500000000000004,1,0,0.9166666666666666
980,278,274,1171,1,0.9908828139305115,0.9500000000000004,1,0,1.0
980,278,274,204,1,0.9247631430625916,0.9500000000000004,0,0,0.16666666666666666
980,278,274,85,1,0.9908828139305115,0.9500000000000004,1,0,1.0
980,278,85,204,2,0.9510272145271301,0.9500000000000004,1,0,1.0
980,278,85,83,2,0.9418452978134155,0.9500000000000004,0,0,1.0
980,278,85,89,2,0.9349913597106934,0.9500000000000004,0,0,1.0
980,278,85,90,2,0.9398674964904785,0.9500000000000004,0,0,1.0
980,278,204,1900,3,0.42719075083732605,0.9500000000000004,0,0,0.2
980,278,204,2099,3,0.35118991136550903,0.9500000000000004,0,0,0.1111111111111111
980,278,204,2114,3,0.35118991136550903,0.9500000000000004,0,0,0.1111111111111111
980,278,204,2115,3,0.35118991136550903,0.9500000000000004,0,0,0.1111111111111111
980,278,1171,83,2,0.9418452978134155,0.9500000000000004,0,0,1.0
980,278,1171,89,2,0.9349913597106934,0.9500000000000004,0,0,1.0
980,278,1171,90,2,0.9398674964904785,0.9500000000000004,0,0,1.0
981,90,90,1069,0,0.6252066493034363,0.9500000000000004,0,0,0.14285714285714285
981,90,90,1171,0,0.9642295241355896,0.9500000000000004,1,0,1.0
981,90,90,144,0,0.7089461088180542,0.9500000000000004,0,0,0.2
981,90,90,2037,0,0.8132863640785217,0.9500000000000004,0,0,0.3333333333333333
981,90,90,204,0,0.898236095905304,0.9500000000000004,0,1,0.27586206896551724
981,90,90,332,0,0.5852678418159485,0.9500000000000004,0,0,0.3333333333333333
981,90,90,374,0,0.4323296546936035,0.9500000000000004,0,0,0.15384615384615385
981,90,90,82,0,0.9341647624969482,0.9500000000000004,0,0,0.6
981,90,90,83,0,0.9035491347312927,0.9500000000000004,0,0,0.3
981,90,90,85,0,0.9642295241355896,0.9500000000000004,1,0,1.0
981,90,90,86,0,0.42327937483787537,0.9500000000000004,0,0,0.1
981,90,90,89,0,0.9203928112983704,0.9500000000000004,0,0,0.26666666666666666
981,90,90,94,0,0.7595882415771484,0.9500000000000004,0,0,0.4482758620689655
981,90,90,99,0,0.8532987833023071,0.9500000000000004,0,0,0.16666666666666666
981,90,85,204,1,0.9513573050498962,0.9500000000000004,1,1,1.0
981,90,85,274,1,0.9384768605232239,0.9500000000000004,0,0,1.0
981,90,85,83,1,0.9420197010040283,0.9500000000000004,0,0,1.0
981,90,85,89,1,0.9353136420249939,0.9500000000000004,0,0,1.0
981,90,204,1900,2,0.42479780316352844,0.9500000000000004,0,0,0.2
981,90,204,2099,2,0.35239535570144653,0.9500000000000004,0,0,0.1111111111111111
981,90,204,2114,2,0.35239535570144653,0.9500000000000004,0,0,0.1111111111111111
981,90,204,2115,2,0.35239535570144653,0.9500000000000004,0,0,0.1111111111111111
981,90,1171,274,1,0.9384768605232239,0.9500000000000004,0,0,1.0
981,90,1171,83,1,0.9420197010040283,0.9500000000000004,0,0,1.0
981,90,1171,89,1,0.9353136420249939,0.9500000000000004,0,0,1.0
982,288,288,151,0,0.47184285521507263,0.9500000000000004,0,0,0.1111111111111111
982,288,288,204,0,0.824432909488678,0.9500000000000004,0,0,0.2
982,288,288,2094,0,0.5799758434295654,0.9500000000000004,0,0,0.3333333333333333
982,288,288,296,0,0.4945869445800781,0.9500000000000004,0,0,0.1111111111111111
982,288,288,297,0,0.36680731177330017,0.9500000000000004,0,0,0.14285714285714285
982,288,288,329,0,0.4039837718009949,0.9500000000000004,0,0,0.1111111111111111
982,288,288,330,0,0.46856391429901123,0.9500000000000004,0,1,0.1111111111111111
982,288,288,332,0,0.4022197425365448,0.9500000000000004,0,0,0.1111111111111111
982,288,288,333,0,0.49411922693252563,0.9500000000000004,0,0,0.25
982,288,288,380,0,0.5448921918869019,0.9500000000000004,0,0,0.2857142857142857
982,288,288,382,0,0.40418821573257446,0.9500000000000004,0,0,0.125
982,288,288,383,0,0.4095724821090698,0.9500000000000004,0,0,0.14285714285714285
982,288,288,384,0,0.6052724123001099,0.9500000000000004,0,0,0.2857142857142857
982,288,288,385,0,0.3884946405887604,0.9500000000000004,0,1,0.14285714285714285
982,288,288,82,0,0.9484683871269226,0.9500000000000004,0,0,0.5
982,288,288,86,0,0.38945990800857544,0.9500000000000004,0,0,0.125
982,288,288,89,0,0.5401967763900757,0.9500000000000004,0,1,0.14285714285714285
982,288,288,90,0,0.535831868648529,0.9500000000000004,0,1,0.2
982,288,288,94,0,0.46183890104293823,0.9500000000000004,0,0,0.2
983,82,82,144,0,0.6561396718025208,0.9500000000000004,0,0,0.14705882352941177
983,82,82,178,0,0.45381873846054077,0.9500000000000004,0,0,0.11764705882352941
983,82,82,2037,0,0.7638450860977173,0.9500000000000004,0,0,0.3333333333333333
983,82,82,204,0,0.9066639542579651,0.9500000000000004,0,1,0.2727272727272727
983,82,82,288,0,0.877312183380127,0.9500000000000004,0,0,0.1724137931034483
983,82,82,332,0,0.5751118063926697,0.9500000000000004,0,0,0.3181818181818182
983,82,82,83,0,0.7977413535118103,0.9500000000000004,0,0,0.29411764705882354
983,82,82,86,0,0.5428545475006104,0.9500000000000004,0,0,0.19047619047619047
983,82,82,89,0,0.8078922033309937,0.9500000000000004,0,0,0.11764705882352941
983,82,82,90,0,0.9150372743606567,0.9500000000000004,0,0,0.5294117647058824
983,82,82,94,0,0.6683248281478882,0.9500000000000004,0,0,0.375
987,204,204,1171,0,0.40622568130493164,0.9500000000000004,0,0,0.16666666666666666
987,204,204,1900,0,0.3976709544658661,0.9500000000000004,0,0,0.14285714285714285
987,204,204,85,0,0.40622568130493164,0.9500000000000004,0,0,0.16666666666666666
988,2025,2025,144,0,0.7616620659828186,0.9500000000000004,0,1,0.5
988,2025,2025,178,0,0.7302829623222351,0.9500000000000004,0,0,0.5
988,2025,2025,2020,0,0.7294231653213501,0.9500000000000004,0,1,0.5
988,2025,2025,2023,0,0.7294231653213501,0.9500000000000004,0,1,0.5
988,2025,2025,2037,0,0.9700033068656921,0.9500000000000004,1,1,1.0
988,2025,2025,204,0,0.9467034935951233,0.9500000000000004,0,1,1.0
988,2025,2025,80,0,0.7327505350112915,0.9500000000000004,0,0,0.5
988,2025,2037,1069,1,0.6596570611000061,0.9500000000000004,0,0,0.3333333333333333
988,2025,2037,144,1,0.90283203125,0.9500000000000004,0,1,0.6666666666666666
988,2025,2037,178,1,0.6780774593353271,0.9500000000000004,0,0,0.3333333333333333
988,2025,2037,2020,1,0.6392303109169006,0.9500000000000004,0,1,0.3333333333333333
988,2025,2037,2023,1,0.6392303109169006,0.9500000000000004,0,1,0.3333333333333333
988,2025,2037,204,1,0.963374674320221,0.9500000000000004,1,1,1.0
988,2025,2037,296,1,0.6328979134559631,0.9500000000000004,0,0,0.3333333333333333
988,2025,2037,80,1,0.6759709715843201,0.9500000000000004,0,0,0.3333333333333333
988,2025,2037,82,1,0.7890030741691589,0.9500000000000004,0,0,0.3333333333333333
988,2025,2037,83,1,0.7431362867355347,0.9500000000000004,0,0,0.3333333333333333
988,2025,2037,90,1,0.7762205600738525,0.9500000000000004,0,0,0.3333333333333333
988,2025,2037,99,1,0.6755643486976624,0.9500000000000004,0,0,0.3333333333333333
988,2025,204,1171,2,0.40930020809173584,0.9500000000000004,0,0,0.14285714285714285
988,2025,204,1900,2,0.39666643738746643,0.9500000000000004,0,0,0.125
988,2025,204,85,2,0.40930020809173584,0.9500000000000004,0,0,0.14285714285714285
989,1347,1347,1296,0,0.8040624856948853,0.9500000000000004,0,0,0.5
989,1347,1347,1301,0,0.8505962491035461,0.9500000000000004,0,0,0.5
989,1347,1347,1313,0,0.9317970275878906,0.9500000000000004,0,0,1.0
989,1347,1347,1350,0,0.7894697785377502,0.9500000000000004,0,0,0.5
989,1347,1347,1351,0,0.917567253112793,0.9500000000000004,0,0,1.0
989,1347,1347,1381,0,0.7499206066131592,0.9500000000000004,0,0,0.5
989,1347,1347,1659,0,0.76579350233078,0.9500000000000004,0,0,0.5
989,1347,1347,204,0,0.9243690967559814,0.9500000000000004,0,1,0.5
989,1347,1347,3,0,0.8548589944839478,0.9500000000000004,0,0,0.5
992,2037,2037,1069,0,0.6356152296066284,0.9500000000000004,0,0,0.25
992,2037,2037,144,0,0.9280702471733093,0.9500000000000004,0,1,0.75
992,2037,2037,178,0,0.5995017886161804,0.9500000000000004,0,0,0.25
992,2037,2037,2020,0,0.8336650729179382,0.9500000000000004,0,1,0.5
992,2037,2037,2023,0,0.8336650729179382,0.9500000000000004,0,1,0.5
992,2037,2037,2025,0,0.9573744535446167,0.9500000000000004,1,1,0.75
992,2037,2037,204,0,0.964094340801239,0.9500000000000004,1,0,1.0
992,2037,2037,296,0,0.6206246018409729,0.9500000000000004,0,0,0.25
992,2037,2037,80,0,0.6000825762748718,0.9500000000000004,0,0,0.25
992,2037,2037,82,0,0.7641770243644714,0.9500000000000004,0,0,0.25
992,2037,2037,83,0,0.7207016944885254,0.9500000000000004,0,0,0.25
992,2037,2037,90,0,0.7512778043746948,0.9500000000000004,0,0,0.25
992,2037,2037,99,0,0.6410748362541199,0.9500000000000004,0,0,0.25
992,2037,204,1171,1,0.4026915729045868,0.9500000000000004,0,0,0.1111111111111111
992,2037,204,1900,1,0.39576074481010437,0.9500000000000004,0,0,0.1
992,2037,204,85,1,0.4026915729045868,0.9500000000000004,0,0,0.1111111111111111
992,2037,2025,144,1,0.8772832751274109,0.9500000000000004,0,1,0.6666666666666666
992,2037,2025,178,1,0.6144258379936218,0.9500000000000004,0,0,0.3333333333333333
992,2037,2025,2020,1,0.8886180520057678,0.9500000000000004,0,1,0.6666666666666666
992,2037,2025,2023,1,0.8886180520057678,0.9500000000000004,0,1,0.6666666666666666
992,2037,2025,80,1,0.6220793128013611,0.9500000000000004,0,0,0.3333333333333333
996,2017,2017,1313,0,0.603005051612854,0.9500000000000004,0,0,0.3333333333333333
996,2017,2017,1412,0,0.627701997756958,0.9500000000000004,0,0,0.3333333333333333
996,2017,2017,1541,0,0.7079886198043823,0.9500000000000004,0,0,0.3333333333333333
996,2017,2017,1667,0,0.8711665272712708,0.9500000000000004,0,0,0.6666666666666666
996,2017,2017,1708,0,0.8886038661003113,0.9500000000000004,0,0,0.6666666666666666
996,2017,2017,1709,0,0.8581423163414001,0.9500000000000004,0,0,0.6666666666666666
996,2017,2017,1711,0,0.6153717041015625,0.9500000000000004,0,0,0.3333333333333333
996,2017,2017,1892,0,0.6834090352058411,0.9500000000000004,0,0,0.5
996,2017,2017,1893,0,0.5999909043312073,0.9500000000000004,0,0,0.3333333333333333
996,2017,2017,2026,0,0.5955852270126343,0.9500000000000004,0,0,0.3333333333333333
996,2017,2017,2028,0,0.833571195602417,0.9500000000000004,0,1,1.0
996,2017,2017,204,0,0.6838040947914124,0.9500000000000004,0,1,0.3333333333333333
997,330,330,163,0,0.6099690794944763,0.9500000000000004,0,0,0.4
997,330,330,204,0,0.7630428671836853,0.9500000000000004,0,0,0.14285714285714285
997,330,330,288,0,0.614220917224884,0.9500000000000004,0,0,0.2857142857142857
997,330,330,292,0,0.4141133427619934,0.9500000000000004,0,0,0.14285714285714285
997,330,330,327,0,0.42829692363739014,0.9500000000000004,0,0,0.16666666666666666
997,330,330,328,0,0.42829692363739014,0.9500000000000004,0,0,0.16666666666666666
997,330,330,329,0,0.44585591554641724,0.9500000000000004,0,0,0.14285714285714285
997,330,330,383,0,0.6259910464286804,0.9500000000000004,0,1,0.4
997,330,330,385,0,0.6963157057762146,0.9500000000000004,0,0,0.5
997,330,330,83,0,0.6893206238746643,0.9500000000000004,0,0,0.42857142857142855
997,330,330,89,0,0.9071382880210876,0.9500000000000004,0,0,0.8
997,330,330,90,0,0.877818763256073,0.9500000000000004,0,1,0.42857142857142855
