commit_idx,seed,source,target,dfs_depth,probability,threshold,accepted,actual_target,cochange_prior
64,0,0,1,0,0.04735485464334488,0.9000000000000004,0,0,0.034482758620689655
64,0,0,10,0,0.04710449278354645,0.9000000000000004,0,0,0.03571428571428571
64,0,0,100,0,0.04962795227766037,0.9000000000000004,0,0,0.09090909090909091
64,0,0,101,0,0.042621955275535583,0.9000000000000004,0,0,0.09090909090909091
64,0,0,102,0,0.04656936228275299,0.9000000000000004,0,0,0.1
64,0,0,11,0,0.04710449278354645,0.9000000000000004,0,0,0.03571428571428571
64,0,0,114,0,0.042047739028930664,0.9000000000000004,0,0,0.1111111111111111
64,0,0,115,0,0.042047739028930664,0.9000000000000004,0,0,0.1111111111111111
64,0,0,116,0,0.042047739028930664,0.9000000000000004,0,0,0.1111111111111111
64,0,0,117,0,0.09810824692249298,0.9000000000000004,0,0,0.4
64,0,0,12,0,0.05649898201227188,0.9000000000000004,0,0,0.03571428571428571
64,0,0,125,0,0.042697176337242126,0.9000000000000004,0,0,0.16666666666666666
64,0,0,126,0,0.042697176337242126,0.9000000000000004,0,0,0.16666666666666666
64,0,0,127,0,0.042697176337242126,0.9000000000000004,0,0,0.16666666666666666
64,0,0,128,0,0.046353135257959366,0.9000000000000004,0,0,0.2
64,0,0,129,0,0.05716145411133766,0.9000000000000004,0,0,0.3333333333333333
64,0,0,130,0,0.05716145411133766,0.9000000000000004,0,0,0.3333333333333333
64,0,0,131,0,0.05716145411133766,0.9000000000000004,0,0,0.3333333333333333
64,0,0,132,0,0.07347547262907028,0.9000000000000004,0,0,0.5
64,0,0,2,0,0.04735485464334488,0.9000000000000004,0,0,0.034482758620689655
64,0,0,21,0,0.05142013728618622,0.9000000000000004,0,0,0.037037037037037035
64,0,0,22,0,0.2440730184316635,0.9000000000000004,0,0,0.2222222222222222
64,0,0,23,0,0.04446887969970703,0.9000000000000004,0,0,0.06666666666666667
64,0,0,25,0,0.04446887969970703,0.9000000000000004,0,0,0.06666666666666667
64,0,0,3,0,0.04735485464334488,0.9000000000000004,0,0,0.034482758620689655
64,0,0,38,0,0.04682774841785431,0.9000000000000004,0,0,0.041666666666666664
64,0,0,4,0,0.3367879092693329,0.9000000000000004,0,0,0.3103448275862069
64,0,0,5,0,0.04735485464334488,0.9000000000000004,0,0,0.034482758620689655
64,0,0,50,0,0.06053451821208,0.9000000000000004,0,0,0.07407407407407407
64,0,0,52,0,0.060311153531074524,0.9000000000000004,0,0,0.07692307692307693
64,0,0,57,0,0.12708111107349396,0.9000000000000004,0,0,0.14814814814814814
64,0,0,58,0,0.06069834157824516,0.9000000000000004,0,0,0.07407407407407407
64,0,0,59,0,0.06593693047761917,0.9000000000000004,0,0,0.07407407407407407
64,0,0,6,0,0.05147767812013626,0.9000000000000004,0,0,0.034482758620689655
64,0,0,60,0,0.05144893005490303,0.9000000000000004,0,0,0.038461538461538464
64,0,0,61,0,0.06069834157824516,0.9000000000000004,0,0,0.07407407407407407
64,0,0,62,0,0.08919677138328552,0.9000000000000004,0,0,0.07692307692307693
64,0,0,63,0,0.05263117328286171,0.9000000000000004,0,0,0.07692307692307693
64,0,0,64,0,0.0472121499478817,0.9000000000000004,0,0,0.037037037037037035
64,0,0,65,0,0.8852755427360535,0.9000000000000004,0,0,0.6296296296296297
64,0,0,66,0,0.0472121499478817,0.9000000000000004,0,0,0.037037037037037035
64,0,0,67,0,0.04682774841785431,0.9000000000000004,0,0,0.041666666666666664
64,0,0,7,0,0.8900876641273499,0.9000000000000004,0,0,0.6551724137931034
64,0,0,73,0,0.043011121451854706,0.9000000000000004,0,0,0.08333333333333333
64,0,0,76,0,0.043011121451854706,0.9000000000000004,0,0,0.08333333333333333
64,0,0,77,0,0.42919352650642395,0.9000000000000004,0,0,0.35
64,0,0,81,0,0.04744588956236839,0.9000000000000004,0,0,0.047619047619047616
64,0,0,83,0,0.3245704770088196,0.9000000000000004,0,0,0.21739130434782608
64,0,0,84,0,0.05754760280251503,0.9000000000000004,0,0,0.0625
64,0,0,85,0,0.08050337433815002,0.9000000000000004,0,0,0.13636363636363635
64,0,0,86,0,0.04744588956236839,0.9000000000000004,0,0,0.047619047619047616
64,0,0,87,0,0.05312110483646393,0.9000000000000004,0,0,0.09523809523809523
64,0,0,88,0,0.06330625712871552,0.9000000000000004,0,0,0.09090909090909091
64,0,0,89,0,0.08142475038766861,0.9000000000000004,0,0,0.09090909090909091
64,0,0,9,0,0.21065108478069305,0.9000000000000004,0,0,0.10714285714285714
64,0,0,90,0,0.053002987056970596,0.9000000000000004,0,0,0.09090909090909091
64,0,0,95,0,0.048218853771686554,0.9000000000000004,0,0,0.07142857142857142
64,0,0,96,0,0.04930310323834419,0.9000000000000004,0,0,0.07692307692307693
64,0,0,97,0,0.04930310323834419,0.9000000000000004,0,0,0.07692307692307693
64,0,0,98,0,0.04930310323834419,0.9000000000000004,0,0,0.07692307692307693
64,0,0,99,0,0.04962795227766037,0.9000000000000004,0,0,0.09090909090909091
66,0,0,1,0,0.047846127301454544,0.9000000000000004,0,0,0.03333333333333333
66,0,0,10,0,0.04766807332634926,0.9000000000000004,0,0,0.034482758620689655
66,0,0,100,0,0.050312913954257965,0.9000000000000004,0,0,0.08333333333333333
66,0,0,101,0,0.04421553388237953,0.9000000000000004,0,0,0.08333333333333333
66,0,0,102,0,0.048395730555057526,0.9000000000000004,0,0,0.09090909090909091
66,0,0,11,0,0.04766807332634926,0.9000000000000004,0,0,0.034482758620689655
66,0,0,114,0,0.04364489018917084,0.9000000000000004,0,0,0.1
66,0,0,115,0,0.04364489018917084,0.9000000000000004,0,0,0.1
66,0,0,116,0,0.04364489018917084,0.9000000000000004,0,0,0.1
66,0,0,117,0,0.08000487834215164,0.9000000000000004,0,0,0.3333333333333333
66,0,0,12,0,0.056823600083589554,0.9000000000000004,0,0,0.034482758620689655
66,0,0,125,0,0.04395638033747673,0.9000000000000004,0,0,0.14285714285714285
66,0,0,126,0,0.04395638033747673,0.9000000000000004,0,0,0.14285714285714285
66,0,0,127,0,0.04395638033747673,0.9000000000000004,0,0,0.14285714285714285
66,0,0,128,0,0.046179477125406265,0.9000000000000004,0,0,0.16666666666666666
66,0,0,129,0,0.05100901052355766,0.9000000000000004,0,0,0.25
66,0,0,130,0,0.05100901052355766,0.9000000000000004,0,0,0.25
66,0,0,131,0,0.05100901052355766,0.9000000000000004,0,0,0.25
66,0,0,132,0,0.056570153683423996,0.9000000000000004,0,0,0.3333333333333333
66,0,0,137,0,0.25235486030578613,0.9000000000000004,0,0,1.0
66,0,0,2,0,0.047846127301454544,0.9000000000000004,0,0,0.03333333333333333
66,0,0,21,0,0.05201292037963867,0.9000000000000004,0,0,0.03571428571428571
66,0,0,22,0,0.2222491204738617,0.9000000000000004,0,0,0.21428571428571427
66,0,0,23,0,0.045786332339048386,0.9000000000000004,0,0,0.0625
66,0,0,25,0,0.045786332339048386,0.9000000000000004,0,0,0.0625
66,0,0,3,0,0.047846127301454544,0.9000000000000004,0,0,0.03333333333333333
66,0,0,38,0,0.047548238188028336,0.9000000000000004,0,0,0.04
66,0,0,4,0,0.30683186650276184,0.9000000000000004,0,0,0.3
66,0,0,5,0,0.047846127301454544,0.9000000000000004,0,0,0.03333333333333333
66,0,0,50,0,0.0606813058257103,0.9000000000000004,0,0,0.07142857142857142
66,0,0,52,0,0.06053376942873001,0.9000000000000004,0,0,0.07407407407407407
66,0,0,57,0,0.12046205997467041,0.9000000000000004,0,0,0.14285714285714285
66,0,0,58,0,0.060835350304841995,0.9000000000000004,0,0,0.07142857142857142
66,0,0,59,0,0.06589943170547485,0.9000000000000004,0,0,0.07142857142857142
66,0,0,6,0,0.05194313824176788,0.9000000000000004,0,0,0.03333333333333333
66,0,0,60,0,0.05205703526735306,0.9000000000000004,0,0,0.037037037037037035
66,0,0,61,0,0.060835350304841995,0.9000000000000004,0,0,0.07142857142857142
66,0,0,62,0,0.08503912389278412,0.9000000000000004,0,0,0.07407407407407407
66,0,0,63,0,0.05368272587656975,0.9000000000000004,0,0,0.07407407407407407
66,0,0,64,0,0.047847528010606766,0.9000000000000004,0,0,0.03571428571428571
66,0,0,65,0,0.8397890329360962,0.9000000000000004,0,0,0.6071428571428571
66,0,0,66,0,0.047847528010606766,0.9000000000000004,0,0,0.03571428571428571
66,0,0,67,0,0.047548238188028336,0.9000000000000004,0,0,0.04
66,0,0,7,0,0.8476048707962036,0.9000000000000004,0,0,0.6333333333333333
66,0,0,73,0,0.04458622261881828,0.9000000000000004,0,0,0.07692307692307693
66,0,0,76,0,0.04458622261881828,0.9000000000000004,0,0,0.07692307692307693
66,0,0,77,0,0.3808620274066925,0.9000000000000004,0,0,0.3333333333333333
66,0,0,81,0,0.04821087047457695,0.9000000000000004,0,0,0.045454545454545456
66,0,0,83,0,0.28532135486602783,0.9000000000000004,0,0,0.20833333333333334
66,0,0,84,0,0.058042947202920914,0.9000000000000004,0,0,0.058823529411764705
66,0,0,85,0,0.07991024851799011,0.9000000000000004,0,0,0.13043478260869565
66,0,0,86,0,0.04821087047457695,0.9000000000000004,0,0,0.045454545454545456
66,0,0,87,0,0.0541125126183033,0.9000000000000004,0,0,0.09090909090909091
66,0,0,88,0,0.06352302432060242,0.9000000000000004,0,0,0.08695652173913043
66,0,0,89,0,0.07817444950342178,0.9000000000000004,0,0,0.08695652173913043
66,0,0,9,0,0.17404937744140625,0.9000000000000004,0,0,0.10344827586206896
66,0,0,90,0,0.054010435938835144,0.9000000000000004,0,0,0.08695652173913043
66,0,0,95,0,0.04970335587859154,0.9000000000000004,0,0,0.06666666666666667
66,0,0,96,0,0.050298575311899185,0.9000000000000004,0,0,0.07142857142857142
66,0,0,97,0,0.050298575311899185,0.9000000000000004,0,0,0.07142857142857142
66,0,0,98,0,0.050298575311899185,0.9000000000000004,0,0,0.07142857142857142
66,0,0,99,0,0.050312913954257965,0.9000000000000004,0,0,0.08333333333333333
67,88,88,0,0,0.7742854952812195,0.9000000000000004,0,0,0.6666666666666666
67,88,88,22,0,0.23834408819675446,0.9000000000000004,0,0,0.3333333333333333
67,88,88,23,0,0.08498412370681763,0.9000000000000004,0,0,0.5
67,88,88,25,0,0.08498412370681763,0.9000000000000004,0,0,0.5
67,88,88,4,0,0.2814537286758423,0.9000000000000004,0,0,0.3333333333333333
67,88,88,57,0,0.14463521540164948,0.9000000000000004,0,0,0.3333333333333333
67,88,88,62,0,0.13749933242797852,0.9000000000000004,0,0,0.3333333333333333
67,88,88,63,0,0.0870160236954689,0.9000000000000004,0,0,0.3333333333333333
67,88,88,65,0,0.631405770778656,0.9000000000000004,0,0,0.6666666666666666
67,88,88,7,0,0.6440422534942627,0.9000000000000004,0,0,0.6666666666666666
67,88,88,77,0,0.2874988913536072,0.9000000000000004,0,0,0.5
67,88,88,83,0,0.238142728805542,0.9000000000000004,0,0,0.3333333333333333
67,88,88,85,0,0.16499768197536469,0.9000000000000004,0,0,0.6666666666666666
67,88,88,87,0,0.09617188572883606,0.9000000000000004,0,0,0.5
67,88,88,89,0,0.3412725627422333,0.9000000000000004,0,1,1.0
67,88,88,90,0,0.1161472499370575,0.9000000000000004,0,0,0.6666666666666666
68,138,138,139,0,0.6503654718399048,0.9000000000000004,0,1,1.0
68,138,138,140,0,0.6503654718399048,0.9000000000000004,0,1,1.0
68,138,138,141,0,0.6503654718399048,0.9000000000000004,0,1,1.0
68,138,138,142,0,0.6503654718399048,0.9000000000000004,0,1,1.0
69,158,158,0,0,0.8789015412330627,0.9000000000000004,0,1,1.0
69,158,158,156,0,0.7288689017295837,0.9000000000000004,0,0,1.0
69,158,158,157,0,0.7288689017295837,0.9000000000000004,0,1,1.0
70,0,0,1,0,0.054366543889045715,0.9000000000000004,0,0,0.03125
70,0,0,10,0,0.05424090847373009,0.9000000000000004,0,0,0.03225806451612903
70,0,0,100,0,0.059958454221487045,0.9000000000000004,0,0,0.07142857142857142
70,0,0,101,0,0.051826998591423035,0.9000000000000004,0,0,0.07142857142857142
70,0,0,102,0,0.0584426149725914,0.9000000000000004,0,0,0.07692307692307693
70,0,0,11,0,0.05424090847373009,0.9000000000000004,0,0,0.03225806451612903
70,0,0,114,0,0.05157151818275452,0.9000000000000004,0,0,0.08333333333333333
70,0,0,115,0,0.05157151818275452,0.9000000000000004,0,0,0.08333333333333333
70,0,0,116,0,0.05157151818275452,0.9000000000000004,0,0,0.08333333333333333
70,0,0,117,0,0.08104868978261948,0.9000000000000004,0,0,0.25
70,0,0,12,0,0.06542691588401794,0.9000000000000004,0,0,0.03225806451612903
70,0,0,125,0,0.052559904754161835,0.9000000000000004,0,0,0.1111111111111111
70,0,0,126,0,0.052559904754161835,0.9000000000000004,0,0,0.1111111111111111
70,0,0,127,0,0.052559904754161835,0.9000000000000004,0,0,0.1111111111111111
70,0,0,128,0,0.054143328219652176,0.9000000000000004,0,0,0.125
70,0,0,129,0,0.05616786703467369,0.9000000000000004,0,0,0.16666666666666666
70,0,0,130,0,0.05616786703467369,0.9000000000000004,0,0,0.16666666666666666
70,0,0,131,0,0.05616786703467369,0.9000000000000004,0,0,0.16666666666666666
70,0,0,132,0,0.05770636349916458,0.9000000000000004,0,0,0.2
70,0,0,137,0,0.11287748068571091,0.9000000000000004,0,0,0.3333333333333333
70,0,0,156,0,0.23159945011138916,0.9000000000000004,0,0,0.5
70,0,0,157,0,0.5874188542366028,0.9000000000000004,0,1,1.0
70,0,0,158,0,0.5874188542366028,0.9000000000000004,0,0,1.0
70,0,0,159,0,0.44799232482910156,0.9000000000000004,0,0,1.0
70,0,0,160,0,0.44799232482910156,0.9000000000000004,0,0,1.0
70,0,0,161,0,0.44799232482910156,0.9000000000000004,0,0,1.0
70,0,0,2,0,0.054366543889045715,0.9000000000000004,0,0,0.03125
70,0,0,21,0,0.05974763259291649,0.9000000000000004,0,0,0.03333333333333333
70,0,0,22,0,0.2189306914806366,0.9000000000000004,0,0,0.2
70,0,0,23,0,0.05327847599983215,0.9000000000000004,0,0,0.05555555555555555
70,0,0,25,0,0.05327847599983215,0.9000000000000004,0,0,0.05555555555555555
70,0,0,3,0,0.054366543889045715,0.9000000000000004,0,0,0.03125
70,0,0,38,0,0.0544532909989357,0.9000000000000004,0,0,0.037037037037037035
70,0,0,4,0,0.29823607206344604,0.9000000000000004,0,0,0.28125
70,0,0,5,0,0.054366543889045715,0.9000000000000004,0,0,0.03125
70,0,0,50,0,0.06997491419315338,0.9000000000000004,0,0,0.06666666666666667
70,0,0,52,0,0.06993339210748672,0.9000000000000004,0,0,0.06896551724137931
70,0,0,57,0,0.12649963796138763,0.9000000000000004,0,1,0.13333333333333333
70,0,0,58,0,0.070187047123909,0.9000000000000004,0,0,0.06666666666666667
70,0,0,59,0,0.0758177638053894,0.9000000000000004,0,0,0.06666666666666667
70,0,0,6,0,0.05933774262666702,0.9000000000000004,0,0,0.03125
70,0,0,60,0,0.05987122282385826,0.9000000000000004,0,0,0.034482758620689655
70,0,0,61,0,0.070187047123909,0.9000000000000004,0,0,0.06666666666666667
70,0,0,62,0,0.09644382447004318,0.9000000000000004,0,0,0.06896551724137931
70,0,0,63,0,0.06307324022054672,0.9000000000000004,0,0,0.06896551724137931
70,0,0,64,0,0.05465347692370415,0.9000000000000004,0,0,0.03333333333333333
70,0,0,65,0,0.9115831851959229,0.9000000000000004,1,1,0.6
70,0,0,66,0,0.05465347692370415,0.9000000000000004,0,0,0.03333333333333333
70,0,0,67,0,0.0544532909989357,0.9000000000000004,0,0,0.037037037037037035
70,0,0,7,0,0.9140130281448364,0.9000000000000004,1,1,0.625
70,0,0,73,0,0.05215195566415787,0.9000000000000004,0,0,0.06666666666666667
70,0,0,76,0,0.05215195566415787,0.9000000000000004,0,0,0.06666666666666667
70,0,0,77,0,0.35454875230789185,0.9000000000000004,0,0,0.30434782608695654
70,0,0,81,0,0.05553044006228447,0.9000000000000004,0,0,0.041666666666666664
70,0,0,83,0,0.25553756952285767,0.9000000000000004,0,0,0.19230769230769232
70,0,0,84,0,0.06824357062578201,0.9000000000000004,0,0,0.05263157894736842
70,0,0,85,0,0.09176391363143921,0.9000000000000004,0,0,0.12
70,0,0,86,0,0.05553044006228447,0.9000000000000004,0,0,0.041666666666666664
70,0,0,87,0,0.06350065022706985,0.9000000000000004,0,0,0.08333333333333333
70,0,0,88,0,0.19501656293869019,0.9000000000000004,0,0,0.08
70,0,0,89,0,0.21248972415924072,0.9000000000000004,0,0,0.08
70,0,0,9,0,0.1649797409772873,0.9000000000000004,0,0,0.0967741935483871
70,0,0,90,0,0.06340062618255615,0.9000000000000004,0,0,0.08
70,0,0,95,0,0.05842186138033867,0.9000000000000004,0,0,0.058823529411764705
70,0,0,96,0,0.05972590669989586,0.9000000000000004,0,0,0.0625
70,0,0,97,0,0.05972590669989586,0.9000000000000004,0,0,0.0625
70,0,0,98,0,0.05972590669989586,0.9000000000000004,0,0,0.0625
70,0,0,99,0,0.059958454221487045,0.9000000000000004,0,0,0.07142857142857142
70,0,7,1,1,0.05215233191847801,0.9000000000000004,0,0,0.02857142857142857
70,0,7,117,1,0.06881456822156906,0.9000000000000004,0,0,0.25
70,0,7,128,1,0.05707810819149017,0.9000000000000004,0,0,0.25
70,0,7,157,1,0.5320428013801575,0.9000000000000004,0,1,1.0
70,0,7,158,1,0.5320428013801575,0.9000000000000004,0,0,1.0
70,0,7,159,1,0.45755887031555176,0.9000000000000004,0,0,1.0
70,0,7,160,1,0.45755887031555176,0.9000000000000004,0,0,1.0
70,0,7,161,1,0.45755887031555176,0.9000000000000004,0,0,1.0
70,0,7,2,1,0.05215233191847801,0.9000000000000004,0,0,0.02857142857142857
70,0,7,21,1,0.05782143026590347,0.9000000000000004,0,0,0.029411764705882353
70,0,7,22,1,0.30711886286735535,0.9000000000000004,0,0,0.2647058823529412
70,0,7,23,1,0.05170734226703644,0.9000000000000004,0,0,0.0625
70,0,7,25,1,0.05170734226703644,0.9000000000000004,0,0,0.0625
70,0,7,3,1,0.05215233191847801,0.9000000000000004,0,0,0.02857142857142857
70,0,7,4,1,0.40498799085617065,0.9000000000000004,0,0,0.2857142857142857
70,0,7,5,1,0.05215233191847801,0.9000000000000004,0,0,0.02857142857142857
70,0,7,50,1,0.06315428018569946,0.9000000000000004,0,0,0.029411764705882353
70,0,7,57,1,0.1240893229842186,0.9000000000000004,0,1,0.08823529411764706
70,0,7,58,1,0.06333022564649582,0.9000000000000004,0,0,0.029411764705882353
70,0,7,59,1,0.06838120520114899,0.9000000000000004,0,0,0.029411764705882353
70,0,7,6,1,0.05734723061323166,0.9000000000000004,0,0,0.02857142857142857
70,0,7,61,1,0.06333022564649582,0.9000000000000004,0,0,0.029411764705882353
70,0,7,62,1,0.09615031629800797,0.9000000000000004,0,0,0.06060606060606061
70,0,7,63,1,0.05661289021372795,0.9000000000000004,0,0,0.030303030303030304
70,0,7,64,1,0.05251550301909447,0.9000000000000004,0,0,0.029411764705882353
70,0,7,66,1,0.05251550301909447,0.9000000000000004,0,0,0.029411764705882353
70,0,7,73,1,0.05111563950777054,0.9000000000000004,0,0,0.09090909090909091
70,0,7,75,1,0.05297944322228432,0.9000000000000004,0,0,0.16666666666666666
70,0,7,76,1,0.05111563950777054,0.9000000000000004,0,0,0.09090909090909091
70,0,7,77,1,0.3945484161376953,0.9000000000000004,0,0,0.4642857142857143
70,0,7,81,1,0.05349491536617279,0.9000000000000004,0,0,0.034482758620689655
70,0,7,82,1,0.052166879177093506,0.9000000000000004,0,0,0.05263157894736842
70,0,7,83,1,0.38004055619239807,0.9000000000000004,0,0,0.3225806451612903
70,0,7,84,1,0.06679469347000122,0.9000000000000004,0,0,0.047619047619047616
70,0,7,85,1,0.09088434278964996,0.9000000000000004,0,0,0.1
70,0,7,86,1,0.05349491536617279,0.9000000000000004,0,0,0.034482758620689655
70,0,7,87,1,0.0617707185447216,0.9000000000000004,0,0,0.06896551724137931
70,0,7,88,1,0.1950695514678955,0.9000000000000004,0,0,0.06666666666666667
70,0,7,89,1,0.2134869545698166,0.9000000000000004,0,0,0.06666666666666667
70,0,7,90,1,0.06170400232076645,0.9000000000000004,0,0,0.06666666666666667
70,0,7,91,1,0.059647731482982635,0.9000000000000004,0,0,0.09090909090909091
70,0,7,95,1,0.05755007266998291,0.9000000000000004,0,0,0.07692307692307693
70,0,65,117,1,0.06892671436071396,0.9000000000000004,0,0,0.25
70,0,65,128,1,0.057179708033800125,0.9000000000000004,0,0,0.25
70,0,65,157,1,0.5430278182029724,0.9000000000000004,0,1,1.0
70,0,65,158,1,0.5430278182029724,0.9000000000000004,0,0,1.0
70,0,65,159,1,0.46553781628608704,0.9000000000000004,0,0,1.0
70,0,65,160,1,0.46553781628608704,0.9000000000000004,0,0,1.0
70,0,65,161,1,0.46553781628608704,0.9000000000000004,0,0,1.0
70,0,65,21,1,0.058421846479177475,0.9000000000000004,0,0,0.03125
70,0,65,22,1,0.3142904043197632,0.9000000000000004,0,0,0.28125
70,0,65,23,1,0.05222349241375923,0.9000000000000004,0,0,0.06666666666666667
70,0,65,25,1,0.05222349241375923,0.9000000000000004,0,0,0.06666666666666667
70,0,65,4,1,0.376518577337265,0.9000000000000004,0,0,0.25
70,0,65,50,1,0.06379672884941101,0.9000000000000004,0,0,0.03125
70,0,65,57,1,0.12515132129192352,0.9000000000000004,0,1,0.09375
70,0,65,58,1,0.06397434324026108,0.9000000000000004,0,0,0.03125
70,0,65,59,1,0.06906307488679886,0.9000000000000004,0,0,0.03125
70,0,65,61,1,0.06397434324026108,0.9000000000000004,0,0,0.03125
70,0,65,62,1,0.09662605822086334,0.9000000000000004,0,0,0.06451612903225806
70,0,65,63,1,0.05710878595709801,0.9000000000000004,0,0,0.03225806451612903
70,0,65,64,1,0.05306695029139519,0.9000000000000004,0,0,0.03125
70,0,65,66,1,0.05306695029139519,0.9000000000000004,0,0,0.03125
70,0,65,73,1,0.051489003002643585,0.9000000000000004,0,0,0.09090909090909091
70,0,65,75,1,0.05315491184592247,0.9000000000000004,0,0,0.16666666666666666
70,0,65,76,1,0.051489003002643585,0.9000000000000004,0,0,0.09090909090909091
70,0,65,77,1,0.4028558135032654,0.9000000000000004,0,0,0.48148148148148145
70,0,65,81,1,0.05402074381709099,0.9000000000000004,0,0,0.03571428571428571
70,0,65,82,1,0.05267741158604622,0.9000000000000004,0,0,0.05555555555555555
70,0,65,83,1,0.36625853180885315,0.9000000000000004,0,0,0.3
70,0,65,84,1,0.06741181761026382,0.9000000000000004,0,0,0.05
70,0,65,85,1,0.09169342368841171,0.9000000000000004,0,0,0.10344827586206896
70,0,65,86,1,0.05402074381709099,0.9000000000000004,0,0,0.03571428571428571
70,0,65,87,1,0.0623525008559227,0.9000000000000004,0,0,0.07142857142857142
70,0,65,88,1,0.1984240710735321,0.9000000000000004,0,0,0.06896551724137931
70,0,65,89,1,0.21723051369190216,0.9000000000000004,0,0,0.06896551724137931
70,0,65,90,1,0.06227986887097359,0.9000000000000004,0,0,0.06896551724137931
70,0,65,91,1,0.059781063348054886,0.9000000000000004,0,0,0.09090909090909091
70,0,65,95,1,0.05816502124071121,0.9000000000000004,0,0,0.08333333333333333
71,0,0,1,0,0.04634659364819527,0.9000000000000004,0,0,0.030303030303030304
71,0,0,10,0,0.0462157316505909,0.9000000000000004,0,0,0.03125
71,0,0,100,0,0.05053211748600006,0.9000000000000004,0,0,0.06666666666666667
71,0,0,101,0,0.04382047429680824,0.9000000000000004,0,0,0.06666666666666667
71,0,0,102,0,0.047922149300575256,0.9000000000000004,0,0,0.07142857142857142
71,0,0,11,0,0.0462157316505909,0.9000000000000004,0,0,0.03125
71,0,0,114,0,0.043523743748664856,0.9000000000000004,0,0,0.07692307692307693
71,0,0,115,0,0.043523743748664856,0.9000000000000004,0,0,0.07692307692307693
71,0,0,116,0,0.043523743748664856,0.9000000000000004,0,0,0.07692307692307693
71,0,0,117,0,0.06333307176828384,0.9000000000000004,0,0,0.2222222222222222
71,0,0,12,0,0.056259896606206894,0.9000000000000004,0,0,0.03125
71,0,0,125,0,0.0431518629193306,0.9000000000000004,0,0,0.1
71,0,0,126,0,0.0431518629193306,0.9000000000000004,0,0,0.1
71,0,0,127,0,0.0431518629193306,0.9000000000000004,0,0,0.1
71,0,0,128,0,0.04401082172989845,0.9000000000000004,0,0,0.1111111111111111
71,0,0,129,0,0.045030366629362106,0.9000000000000004,0,0,0.14285714285714285
71,0,0,130,0,0.045030366629362106,0.9000000000000004,0,0,0.14285714285714285
71,0,0,131,0,0.045030366629362106,0.9000000000000004,0,0,0.14285714285714285
71,0,0,132,0,0.04569843411445618,0.9000000000000004,0,0,0.16666666666666666
71,0,0,137,0,0.08059264719486237,0.9000000000000004,0,0,0.25
71,0,0,156,0,0.14791613817214966,0.9000000000000004,0,0,0.3333333333333333
71,0,0,157,0,0.6408829689025879,0.9000000000000004,0,1,1.0
71,0,0,158,0,0.39974895119667053,0.9000000000000004,0,0,0.6666666666666666
71,0,0,159,0,0.2625575065612793,0.9000000000000004,0,0,0.5
71,0,0,160,0,0.2625575065612793,0.9000000000000004,0,0,0.5
71,0,0,161,0,0.2625575065612793,0.9000000000000004,0,0,0.5
71,0,0,162,0,0.3765239715576172,0.9000000000000004,0,0,1.0
71,0,0,163,0,0.3765239715576172,0.9000000000000004,0,1,1.0
71,0,0,164,0,0.3765239715576172,0.9000000000000004,0,1,1.0
71,0,0,2,0,0.04634659364819527,0.9000000000000004,0,0,0.030303030303030304
71,0,0,21,0,0.05111587792634964,0.9000000000000004,0,0,0.03225806451612903
71,0,0,22,0,0.18466156721115112,0.9000000000000004,0,0,0.1935483870967742
71,0,0,23,0,0.045122452080249786,0.9000000000000004,0,0,0.05263157894736842
71,0,0,25,0,0.045122452080249786,0.9000000000000004,0,0,0.05263157894736842
71,0,0,3,0,0.04634659364819527,0.9000000000000004,0,0,0.030303030303030304
71,0,0,38,0,0.046310532838106155,0.9000000000000004,0,0,0.03571428571428571
71,0,0,4,0,0.25260868668556213,0.9000000000000004,0,0,0.2727272727272727
71,0,0,5,0,0.04634659364819527,0.9000000000000004,0,0,0.030303030303030304
71,0,0,50,0,0.06006879359483719,0.9000000000000004,0,0,0.06451612903225806
71,0,0,52,0,0.05997992306947708,0.9000000000000004,0,0,0.06666666666666667
71,0,0,57,0,0.5865191221237183,0.9000000000000004,0,0,0.16129032258064516
71,0,0,58,0,0.060226477682590485,0.9000000000000004,0,0,0.06451612903225806
71,0,0,59,0,0.06516561657190323,0.9000000000000004,0,0,0.06451612903225806
71,0,0,6,0,0.050845347344875336,0.9000000000000004,0,0,0.030303030303030304
71,0,0,60,0,0.05122315138578415,0.9000000000000004,0,0,0.03333333333333333
71,0,0,61,0,0.060226477682590485,0.9000000000000004,0,0,0.06451612903225806
71,0,0,62,0,0.08152871578931808,0.9000000000000004,0,0,0.06666666666666667
71,0,0,63,0,0.053747549653053284,0.9000000000000004,0,0,0.06666666666666667
71,0,0,64,0,0.046513576060533524,0.9000000000000004,0,0,0.03225806451612903
71,0,0,65,0,0.8955921530723572,0.9000000000000004,0,1,0.6129032258064516
71,0,0,66,0,0.046513576060533524,0.9000000000000004,0,0,0.03225806451612903
71,0,0,67,0,0.046310532838106155,0.9000000000000004,0,0,0.03571428571428571
71,0,0,7,0,0.8982812762260437,0.9000000000000004,0,1,0.6363636363636364
71,0,0,73,0,0.0441121980547905,0.9000000000000004,0,0,0.0625
71,0,0,76,0,0.0441121980547905,0.9000000000000004,0,0,0.0625
71,0,0,77,0,0.2551010847091675,0.9000000000000004,0,0,0.2916666666666667
71,0,0,81,0,0.04714776203036308,0.9000000000000004,0,0,0.04
71,0,0,83,0,0.20881524682044983,0.9000000000000004,0,0,0.18518518518518517
71,0,0,84,0,0.05770544335246086,0.9000000000000004,0,0,0.05
71,0,0,85,0,0.07900504022836685,0.9000000000000004,0,0,0.11538461538461539
71,0,0,86,0,0.04714776203036308,0.9000000000000004,0,0,0.04
71,0,0,87,0,0.054079897701740265,0.9000000000000004,0,0,0.08
71,0,0,88,0,0.15167979896068573,0.9000000000000004,0,0,0.07692307692307693
71,0,0,89,0,0.16624408960342407,0.9000000000000004,0,0,0.07692307692307693
71,0,0,9,0,0.1299862116575241,0.9000000000000004,0,0,0.09375
71,0,0,90,0,0.05400257557630539,0.9000000000000004,0,0,0.07692307692307693
71,0,0,95,0,0.0496927835047245,0.9000000000000004,0,0,0.05555555555555555
71,0,0,96,0,0.05056725814938545,0.9000000000000004,0,0,0.058823529411764705
71,0,0,97,0,0.05056725814938545,0.9000000000000004,0,0,0.058823529411764705
71,0,0,98,0,0.05056725814938545,0.9000000000000004,0,0,0.058823529411764705
71,0,0,99,0,0.05053211748600006,0.9000000000000004,0,0,0.06666666666666667
72,7,7,0,0,0.8979606032371521,0.9000000000000004,0,0,0.5945945945945946
72,7,7,1,0,0.046113673597574234,0.9000000000000004,0,0,0.02702702702702703
72,7,7,117,0,0.052443474531173706,0.9000000000000004,0,0,0.16666666666666666
72,7,7,128,0,0.04523099958896637,0.9000000000000004,0,0,0.16666666666666666
72,7,7,157,0,0.6772027611732483,0.9000000000000004,0,0,1.0
72,7,7,158,0,0.2459964007139206,0.9000000000000004,0,0,0.3333333333333333
72,7,7,159,0,0.1968991905450821,0.9000000000000004,0,0,0.3333333333333333
72,7,7,160,0,0.1968991905450821,0.9000000000000004,0,0,0.3333333333333333
72,7,7,161,0,0.1968991905450821,0.9000000000000004,0,0,0.3333333333333333
72,7,7,162,0,0.2455451488494873,0.9000000000000004,0,0,0.5
72,7,7,163,0,0.5081440210342407,0.9000000000000004,0,0,1.0
72,7,7,164,0,0.5081440210342407,0.9000000000000004,0,0,1.0
72,7,7,165,0,0.38135746121406555,0.9000000000000004,0,0,1.0
72,7,7,166,0,0.38135746121406555,0.9000000000000004,0,0,1.0
72,7,7,167,0,0.38135746121406555,0.9000000000000004,0,0,1.0
72,7,7,2,0,0.046113673597574234,0.9000000000000004,0,0,0.02702702702702703
72,7,7,21,0,0.05051017925143242,0.9000000000000004,0,0,0.027777777777777776
72,7,7,22,0,0.2531336545944214,0.9000000000000004,0,0,0.25
72,7,7,23,0,0.04513704031705856,0.9000000000000004,0,0,0.05555555555555555
72,7,7,25,0,0.04513704031705856,0.9000000000000004,0,0,0.05555555555555555
72,7,7,3,0,0.046113673597574234,0.9000000000000004,0,0,0.02702702702702703
72,7,7,4,0,0.31021326780319214,0.9000000000000004,0,0,0.2702702702702703
72,7,7,5,0,0.046113673597574234,0.9000000000000004,0,0,0.02702702702702703
72,7,7,50,0,0.054935719817876816,0.9000000000000004,0,0,0.027777777777777776
72,7,7,57,0,0.4873272776603699,0.9000000000000004,0,0,0.1111111111111111
72,7,7,58,0,0.05506862327456474,0.9000000000000004,0,0,0.027777777777777776
72,7,7,59,0,0.059520892798900604,0.9000000000000004,0,0,0.027777777777777776
72,7,7,6,0,0.05024538189172745,0.9000000000000004,0,0,0.02702702702702703
72,7,7,61,0,0.05506862327456474,0.9000000000000004,0,0,0.027777777777777776
72,7,7,62,0,0.07651104778051376,0.9000000000000004,0,0,0.05714285714285714
72,7,7,63,0,0.04906432703137398,0.9000000000000004,0,0,0.02857142857142857
72,7,7,64,0,0.04627838730812073,0.9000000000000004,0,0,0.027777777777777776
72,7,7,65,0,0.9122558832168579,0.9000000000000004,1,1,0.9444444444444444
72,7,7,66,0,0.04627838730812073,0.9000000000000004,0,0,0.027777777777777776
72,7,7,73,0,0.04440857842564583,0.9000000000000004,0,0,0.07692307692307693
72,7,7,75,0,0.044101133942604065,0.9000000000000004,0,0,0.125
72,7,7,76,0,0.04440857842564583,0.9000000000000004,0,0,0.07692307692307693
72,7,7,77,0,0.3431331515312195,0.9000000000000004,0,0,0.43333333333333335
72,7,7,81,0,0.04687103256583214,0.9000000000000004,0,0,0.03225806451612903
72,7,7,82,0,0.04560159146785736,0.9000000000000004,0,0,0.047619047619047616
72,7,7,83,0,0.3041563034057617,0.9000000000000004,0,0,0.30303030303030304
72,7,7,84,0,0.056986480951309204,0.9000000000000004,0,0,0.043478260869565216
72,7,7,85,0,0.07936984300613403,0.9000000000000004,0,0,0.09375
72,7,7,86,0,0.04687103256583214,0.9000000000000004,0,0,0.03225806451612903
72,7,7,87,0,0.05335899814963341,0.9000000000000004,0,0,0.06451612903225806
72,7,7,88,0,0.14020486176013947,0.9000000000000004,0,0,0.0625
72,7,7,89,0,0.15433065593242645,0.9000000000000004,0,0,0.0625
72,7,7,90,0,0.05330445244908333,0.9000000000000004,0,0,0.0625
72,7,7,91,0,0.04817110672593117,0.9000000000000004,0,0,0.07692307692307693
72,7,7,95,0,0.04947153106331825,0.9000000000000004,0,0,0.06666666666666667
72,7,65,0,1,0.8984800577163696,0.9000000000000004,0,0,0.5882352941176471
72,7,65,117,1,0.0524568110704422,0.9000000000000004,0,0,0.16666666666666666
72,7,65,128,1,0.04528634622693062,0.9000000000000004,0,0,0.16666666666666666
72,7,65,157,1,0.6850990056991577,0.9000000000000004,0,0,1.0
72,7,65,158,1,0.2496808022260666,0.9000000000000004,0,0,0.3333333333333333
72,7,65,159,1,0.1995430886745453,0.9000000000000004,0,0,0.3333333333333333
72,7,65,160,1,0.1995430886745453,0.9000000000000004,0,0,0.3333333333333333
72,7,65,161,1,0.1995430886745453,0.9000000000000004,0,0,0.3333333333333333
72,7,65,162,1,0.24962802231311798,0.9000000000000004,0,0,0.5
72,7,65,163,1,0.5158390402793884,0.9000000000000004,0,0,1.0
72,7,65,164,1,0.5158390402793884,0.9000000000000004,0,0,1.0
72,7,65,165,1,0.3869554102420807,0.9000000000000004,0,0,1.0
72,7,65,166,1,0.3869554102420807,0.9000000000000004,0,0,1.0
72,7,65,167,1,0.3869554102420807,0.9000000000000004,0,0,1.0
72,7,65,21,1,0.05091013386845589,0.9000000000000004,0,0,0.029411764705882353
72,7,65,22,1,0.2591615617275238,0.9000000000000004,0,0,0.2647058823529412
72,7,65,23,1,0.04547775909304619,0.9000000000000004,0,0,0.058823529411764705
72,7,65,25,1,0.04547775909304619,0.9000000000000004,0,0,0.058823529411764705
72,7,65,4,1,0.29309970140457153,0.9000000000000004,0,0,0.23529411764705882
72,7,65,50,1,0.05538666993379593,0.9000000000000004,0,0,0.029411764705882353
72,7,65,57,1,0.4984894394874573,0.9000000000000004,0,0,0.11764705882352941
72,7,65,58,1,0.055520426481962204,0.9000000000000004,0,0,0.029411764705882353
72,7,65,59,1,0.060005515813827515,0.9000000000000004,0,0,0.029411764705882353
72,7,65,61,1,0.055520426481962204,0.9000000000000004,0,0,0.029411764705882353
72,7,65,62,1,0.07696773111820221,0.9000000000000004,0,0,0.06060606060606061
72,7,65,63,1,0.049380794167518616,0.9000000000000004,0,0,0.030303030303030304
72,7,65,64,1,0.04666350781917572,0.9000000000000004,0,0,0.029411764705882353
72,7,65,66,1,0.04666350781917572,0.9000000000000004,0,0,0.029411764705882353
72,7,65,73,1,0.04465421661734581,0.9000000000000004,0,0,0.07692307692307693
72,7,65,75,1,0.044235486537218094,0.9000000000000004,0,0,0.125
72,7,65,76,1,0.04465421661734581,0.9000000000000004,0,0,0.07692307692307693
72,7,65,77,1,0.34984683990478516,0.9000000000000004,0,0,0.4482758620689655
72,7,65,81,1,0.04723210260272026,0.9000000000000004,0,0,0.03333333333333333
72,7,65,82,1,0.04594428837299347,0.9000000000000004,0,0,0.05
72,7,65,83,1,0.29264065623283386,0.9000000000000004,0,0,0.28125
72,7,65,84,1,0.0573917031288147,0.9000000000000004,0,0,0.045454545454545456
72,7,65,85,1,0.0800531879067421,0.9000000000000004,0,0,0.0967741935483871
72,7,65,86,1,0.04723210260272026,0.9000000000000004,0,0,0.03333333333333333
72,7,65,87,1,0.05377117544412613,0.9000000000000004,0,0,0.06666666666666667
72,7,65,88,1,0.1423160582780838,0.9000000000000004,0,0,0.06451612903225806
72,7,65,89,1,0.15664666891098022,0.9000000000000004,0,0,0.06451612903225806
72,7,65,90,1,0.05371220409870148,0.9000000000000004,0,0,0.06451612903225806
72,7,65,91,1,0.04829968512058258,0.9000000000000004,0,0,0.07692307692307693
72,7,65,95,1,0.049841150641441345,0.9000000000000004,0,0,0.07142857142857142
73,129,129,0,0,0.7794312238693237,0.9000000000000004,0,0,1.0
73,129,129,130,0,0.3087032735347748,0.9000000000000004,0,1,1.0
73,129,129,131,0,0.3087032735347748,0.9000000000000004,0,0,1.0
73,129,129,9,0,0.4816330075263977,0.9000000000000004,0,0,1.0
74,116,116,0,0,0.7384355068206787,0.9000000000000004,0,0,1.0
74,116,116,114,0,0.2909794747829437,0.9000000000000004,0,1,1.0
74,116,116,115,0,0.2909794747829437,0.9000000000000004,0,1,1.0
74,116,116,9,0,0.4698871076107025,0.9000000000000004,0,0,1.0
75,0,0,1,0,0.053086306899785995,0.9000000000000004,0,0,0.029411764705882353
75,0,0,10,0,0.052981868386268616,0.9000000000000004,0,0,0.030303030303030304
75,0,0,100,0,0.05802953243255615,0.9000000000000004,0,0,0.0625
75,0,0,101,0,0.05112893879413605,0.9000000000000004,0,0,0.0625
75,0,0,102,0,0.05579516291618347,0.9000000000000004,0,0,0.06666666666666667
75,0,0,11,0,0.052981868386268616,0.9000000000000004,0,0,0.030303030303030304
75,0,0,114,0,0.17387516796588898,0.9000000000000004,0,0,0.07142857142857142
75,0,0,115,0,0.17387516796588898,0.9000000000000004,0,0,0.07142857142857142
75,0,0,116,0,0.17387516796588898,0.9000000000000004,0,0,0.07142857142857142
75,0,0,117,0,0.07286152988672256,0.9000000000000004,0,0,0.2
75,0,0,12,0,0.0637492686510086,0.9000000000000004,0,0,0.030303030303030304
75,0,0,125,0,0.05134958401322365,0.9000000000000004,0,0,0.09090909090909091
75,0,0,126,0,0.05134958401322365,0.9000000000000004,0,0,0.09090909090909091
75,0,0,127,0,0.05134958401322365,0.9000000000000004,0,0,0.09090909090909091
75,0,0,128,0,0.05249418318271637,0.9000000000000004,0,0,0.1
75,0,0,129,0,0.1555778980255127,0.9000000000000004,0,0,0.125
75,0,0,130,0,0.1555778980255127,0.9000000000000004,0,0,0.125
75,0,0,131,0,0.05342278257012367,0.9000000000000004,0,0,0.125
75,0,0,132,0,0.053869545459747314,0.9000000000000004,0,0,0.14285714285714285
75,0,0,137,0,0.0896434485912323,0.9000000000000004,0,0,0.2
75,0,0,156,0,0.12211506068706512,0.9000000000000004,0,0,0.25
75,0,0,157,0,0.643420398235321,0.9000000000000004,0,0,1.0
75,0,0,158,0,0.24852141737937927,0.9000000000000004,0,0,0.5
75,0,0,159,0,0.15195944905281067,0.9000000000000004,0,0,0.3333333333333333
75,0,0,160,0,0.15195944905281067,0.9000000000000004,0,0,0.3333333333333333
75,0,0,161,0,0.15195944905281067,0.9000000000000004,0,0,0.3333333333333333
75,0,0,162,0,0.1857197880744934,0.9000000000000004,0,0,0.5
75,0,0,163,0,0.42585086822509766,0.9000000000000004,0,0,1.0
75,0,0,164,0,0.42585086822509766,0.9000000000000004,0,0,1.0
75,0,0,165,0,0.30455365777015686,0.9000000000000004,0,0,1.0
75,0,0,166,0,0.30455365777015686,0.9000000000000004,0,0,1.0
75,0,0,167,0,0.30455365777015686,0.9000000000000004,0,0,1.0
75,0,0,2,0,0.053086306899785995,0.9000000000000004,0,0,0.029411764705882353
75,0,0,21,0,0.05832207202911377,0.9000000000000004,0,0,0.03125
75,0,0,22,0,0.2190697342157364,0.9000000000000004,0,0,0.1875
75,0,0,23,0,0.05235787481069565,0.9000000000000004,0,0,0.05
75,0,0,25,0,0.05235787481069565,0.9000000000000004,0,0,0.05
75,0,0,3,0,0.053086306899785995,0.9000000000000004,0,0,0.029411764705882353
75,0,0,38,0,0.05327717587351799,0.9000000000000004,0,0,0.034482758620689655
75,0,0,4,0,0.29329195618629456,0.9000000000000004,0,0,0.2647058823529412
75,0,0,5,0,0.053086306899785995,0.9000000000000004,0,0,0.029411764705882353
75,0,0,50,0,0.06889578700065613,0.9000000000000004,0,0,0.0625
75,0,0,52,0,0.06884986907243729,0.9000000000000004,0,0,0.06451612903225806
75,0,0,57,0,0.4350004494190216,0.9000000000000004,0,0,0.15625
75,0,0,58,0,0.0690680593252182,0.9000000000000004,0,0,0.0625
75,0,0,59,0,0.07454143464565277,0.9000000000000004,0,0,0.0625
75,0,0,6,0,0.057788096368312836,0.9000000000000004,0,0,0.029411764705882353
75,0,0,60,0,0.05846425145864487,0.9000000000000004,0,0,0.03225806451612903
75,0,0,61,0,0.0690680593252182,0.9000000000000004,0,0,0.0625
75,0,0,62,0,0.09047699719667435,0.9000000000000004,0,0,0.06451612903225806
75,0,0,63,0,0.06222757697105408,0.9000000000000004,0,0,0.06451612903225806
75,0,0,64,0,0.05344853550195694,0.9000000000000004,0,0,0.03125
75,0,0,65,0,0.8786482810974121,0.9000000000000004,0,0,0.625
75,0,0,66,0,0.05344853550195694,0.9000000000000004,0,0,0.03125
75,0,0,67,0,0.05327717587351799,0.9000000000000004,0,0,0.034482758620689655
75,0,0,7,0,0.8831011652946472,0.9000000000000004,0,0,0.6470588235294118
75,0,0,73,0,0.05139952525496483,0.9000000000000004,0,0,0.058823529411764705
75,0,0,76,0,0.05139952525496483,0.9000000000000004,0,0,0.058823529411764705
75,0,0,77,0,0.278070330619812,0.9000000000000004,0,0,0.28
75,0,0,81,0,0.054412148892879486,0.9000000000000004,0,0,0.038461538461538464
75,0,0,83,0,0.2226317822933197,0.9000000000000004,0,0,0.17857142857142858
75,0,0,84,0,0.06556393951177597,0.9000000000000004,0,0,0.047619047619047616
75,0,0,85,0,0.08984962850809097,0.9000000000000004,0,0,0.1111111111111111
75,0,0,86,0,0.054412148892879486,0.9000000000000004,0,0,0.038461538461538464
75,0,0,87,0,0.06262389570474625,0.9000000000000004,0,0,0.07692307692307693
75,0,0,88,0,0.13574226200580597,0.9000000000000004,0,0,0.07407407407407407
75,0,0,89,0,0.14951007068157196,0.9000000000000004,0,0,0.07407407407407407
75,0,0,9,0,0.14098945260047913,0.9000000000000004,0,0,0.09090909090909091
75,0,0,90,0,0.06253227591514587,0.9000000000000004,0,0,0.07407407407407407
75,0,0,95,0,0.05722801759839058,0.9000000000000004,0,0,0.05263157894736842
75,0,0,96,0,0.05808941647410393,0.9000000000000004,0,0,0.05555555555555555
75,0,0,97,0,0.05808941647410393,0.9000000000000004,0,0,0.05555555555555555
75,0,0,98,0,0.05808941647410393,0.9000000000000004,0,0,0.05555555555555555
75,0,0,99,0,0.05802953243255615,0.9000000000000004,0,0,0.0625
76,102,102,0,0,0.8438042998313904,0.9000000000000004,0,0,0.5
76,102,102,103,0,0.16650359332561493,0.9000000000000004,0,1,0.5
76,102,102,104,0,0.1437186449766159,0.9000000000000004,0,0,0.5
76,102,102,9,0,0.2510553300380707,0.9000000000000004,0,0,0.5
77,165,165,0,0,0.8342240452766418,0.9000000000000004,0,0,1.0
77,165,165,157,0,0.6604384779930115,0.9000000000000004,0,0,1.0
77,165,165,163,0,0.5811312198638916,0.9000000000000004,0,0,1.0
77,165,165,164,0,0.5811312198638916,0.9000000000000004,0,0,1.0
77,165,165,166,0,0.5124508738517761,0.9000000000000004,0,1,1.0
77,165,165,167,0,0.5124508738517761,0.9000000000000004,0,0,1.0
77,165,165,65,0,0.803377628326416,0.9000000000000004,0,0,1.0
77,165,165,7,0,0.805324375629425,0.9000000000000004,0,0,1.0
78,166,166,0,0,0.5578576922416687,0.9000000000000004,0,0,0.5
78,166,166,157,0,0.21970058977603912,0.9000000000000004,0,0,0.5
78,166,166,163,0,0.1632150113582611,0.9000000000000004,0,0,0.5
78,166,166,164,0,0.1632150113582611,0.9000000000000004,0,0,0.5
78,166,166,165,0,0.8414494395256042,0.9000000000000004,0,1,1.0
78,166,166,167,0,0.1342872530221939,0.9000000000000004,0,0,0.5
78,166,166,65,0,0.49630066752433777,0.9000000000000004,0,0,0.5
78,166,166,7,0,0.5033571124076843,0.9000000000000004,0,0,0.5
79,126,126,0,0,0.7226566076278687,0.9000000000000004,0,0,1.0
79,126,126,125,0,0.2983986735343933,0.9000000000000004,0,1,1.0
79,126,126,127,0,0.2983986735343933,0.9000000000000004,0,0,1.0
79,126,126,9,0,0.4544478952884674,0.9000000000000004,0,0,1.0
80,84,84,0,0,0.5137275457382202,0.9000000000000004,0,0,0.3333333333333333
80,84,84,22,0,0.46968209743499756,0.9000000000000004,0,0,0.6666666666666666
80,84,84,4,0,0.37209075689315796,0.9000000000000004,0,0,0.3333333333333333
80,84,84,65,0,0.4787348806858063,0.9000000000000004,0,1,0.3333333333333333
80,84,84,7,0,0.4880201816558838,0.9000000000000004,0,1,0.3333333333333333
80,84,84,77,0,0.2521023452281952,0.9000000000000004,0,0,0.3333333333333333
80,84,84,83,0,0.6198536157608032,0.9000000000000004,0,0,1.0
81,0,0,1,0,0.047301094979047775,0.9000000000000004,0,0,0.02857142857142857
81,0,0,10,0,0.04726076126098633,0.9000000000000004,0,0,0.029411764705882353
81,0,0,100,0,0.05264345183968544,0.9000000000000004,0,0,0.058823529411764705
81,0,0,101,0,0.04658271744847298,0.9000000000000004,0,0,0.058823529411764705
81,0,0,102,0,0.09819132834672928,0.9000000000000004,0,0,0.0625
81,0,0,11,0,0.04726076126098633,0.9000000000000004,0,0,0.029411764705882353
81,0,0,114,0,0.07873676717281342,0.9000000000000004,0,0,0.06666666666666667
81,0,0,115,0,0.07873676717281342,0.9000000000000004,0,0,0.06666666666666667
81,0,0,116,0,0.07873676717281342,0.9000000000000004,0,0,0.06666666666666667
81,0,0,117,0,0.06478118896484375,0.9000000000000004,0,0,0.18181818181818182
81,0,0,12,0,0.05645288527011871,0.9000000000000004,0,0,0.029411764705882353
81,0,0,125,0,0.10896965861320496,0.9000000000000004,0,0,0.08333333333333333
81,0,0,126,0,0.10896965861320496,0.9000000000000004,0,0,0.08333333333333333
81,0,0,127,0,0.04748300462961197,0.9000000000000004,0,0,0.08333333333333333
81,0,0,128,0,0.0484418161213398,0.9000000000000004,0,0,0.09090909090909091
81,0,0,129,0,0.07812777906656265,0.9000000000000004,0,0,0.1111111111111111
81,0,0,130,0,0.07812777906656265,0.9000000000000004,0,0,0.1111111111111111
81,0,0,131,0,0.04913032427430153,0.9000000000000004,0,0,0.1111111111111111
81,0,0,132,0,0.049431800842285156,0.9000000000000004,0,0,0.125
81,0,0,137,0,0.06830333173274994,0.9000000000000004,0,0,0.16666666666666666
81,0,0,156,0,0.07746557146310806,0.9000000000000004,0,0,0.2
81,0,0,157,0,0.3642549216747284,0.9000000000000004,0,0,0.8
81,0,0,158,0,0.1324954777956009,0.9000000000000004,0,0,0.4
81,0,0,159,0,0.0841212123632431,0.9000000000000004,0,0,0.25
81,0,0,160,0,0.0841212123632431,0.9000000000000004,0,0,0.25
81,0,0,161,0,0.0841212123632431,0.9000000000000004,0,0,0.25
81,0,0,162,0,0.09172535687685013,0.9000000000000004,0,0,0.3333333333333333
81,0,0,163,0,0.18090978264808655,0.9000000000000004,0,0,0.6666666666666666
81,0,0,164,0,0.18090975284576416,0.9000000000000004,0,0,0.6666666666666666
81,0,0,165,0,0.2115326076745987,0.9000000000000004,0,0,0.5
81,0,0,166,0,0.2115326076745987,0.9000000000000004,0,0,0.5
81,0,0,167,0,0.10960514843463898,0.9000000000000004,0,0,0.5
81,0,0,170,0,0.20437990128993988,0.9000000000000004,0,0,1.0
81,0,0,171,0,0.3589737117290497,0.9000000000000004,0,0,1.0
81,0,0,172,0,0.3589737117290497,0.9000000000000004,0,0,1.0
81,0,0,2,0,0.047301094979047775,0.9000000000000004,0,0,0.02857142857142857
81,0,0,21,0,0.051871396601200104,0.9000000000000004,0,0,0.030303030303030304
81,0,0,22,0,0.18107493221759796,0.9000000000000004,0,0,0.18181818181818182
81,0,0,23,0,0.04733045771718025,0.9000000000000004,0,0,0.047619047619047616
81,0,0,25,0,0.12424447387456894,0.9000000000000004,0,0,0.047619047619047616
81,0,0,3,0,0.047301094979047775,0.9000000000000004,0,0,0.02857142857142857
81,0,0,38,0,0.04765135049819946,0.9000000000000004,0,0,0.03333333333333333
81,0,0,4,0,0.24096988141536713,0.9000000000000004,0,1,0.2571428571428571
81,0,0,5,0,0.047301094979047775,0.9000000000000004,0,0,0.02857142857142857
81,0,0,50,0,0.06093849614262581,0.9000000000000004,0,0,0.06060606060606061
81,0,0,52,0,0.060952309519052505,0.9000000000000004,0,0,0.0625
81,0,0,57,0,0.24543973803520203,0.9000000000000004,0,0,0.15151515151515152
81,0,0,58,0,0.06109335273504257,0.9000000000000004,0,0,0.06060606060606061
81,0,0,59,0,0.06570758670568466,0.9000000000000004,0,0,0.06060606060606061
81,0,0,6,0,0.05128560960292816,0.9000000000000004,0,0,0.02857142857142857
81,0,0,60,0,0.05201985687017441,0.9000000000000004,0,0,0.03125
81,0,0,61,0,0.06109335273504257,0.9000000000000004,0,0,0.06060606060606061
81,0,0,62,0,0.07870738208293915,0.9000000000000004,0,0,0.0625
81,0,0,63,0,0.05589410662651062,0.9000000000000004,0,0,0.0625
81,0,0,64,0,0.047722265124320984,0.9000000000000004,0,0,0.030303030303030304
81,0,0,65,0,0.8561567664146423,0.9000000000000004,0,0,0.6060606060606061
81,0,0,66,0,0.047722265124320984,0.9000000000000004,0,0,0.030303030303030304
81,0,0,67,0,0.04765135049819946,0.9000000000000004,0,0,0.03333333333333333
81,0,0,7,0,0.8614369034767151,0.9000000000000004,0,0,0.6285714285714286
81,0,0,73,0,0.04674387350678444,0.9000000000000004,0,0,0.05555555555555555
81,0,0,76,0,0.04674387350678444,0.9000000000000004,0,0,0.05555555555555555
81,0,0,77,0,0.22283421456813812,0.9000000000000004,0,0,0.2692307692307692
81,0,0,81,0,0.04868268594145775,0.9000000000000004,0,0,0.037037037037037035
81,0,0,83,0,0.17901183664798737,0.9000000000000004,0,0,0.1724137931034483
81,0,0,84,0,0.15877243876457214,0.9000000000000004,0,0,0.045454545454545456
81,0,0,85,0,0.07887757569551468,0.9000000000000004,0,0,0.10714285714285714
81,0,0,86,0,0.04868268594145775,0.9000000000000004,0,0,0.037037037037037035
81,0,0,87,0,0.05620497092604637,0.9000000000000004,0,0,0.07407407407407407
81,0,0,88,0,0.18941569328308105,0.9000000000000004,0,0,0.07142857142857142
81,0,0,89,0,0.1067427322268486,0.9000000000000004,0,0,0.07142857142857142
81,0,0,9,0,0.117048479616642,0.9000000000000004,0,0,0.08823529411764706
81,0,0,90,0,0.0561334453523159,0.9000000000000004,0,0,0.07142857142857142
81,0,0,95,0,0.05166597664356232,0.9000000000000004,0,0,0.05
81,0,0,96,0,0.05253534018993378,0.9000000000000004,0,0,0.05263157894736842
81,0,0,97,0,0.05253534018993378,0.9000000000000004,0,0,0.05263157894736842
81,0,0,98,0,0.05253534018993378,0.9000000000000004,0,0,0.05263157894736842
81,0,0,99,0,0.05264345183968544,0.9000000000000004,0,0,0.058823529411764705
82,0,0,1,0,0.045911841094493866,0.9000000000000004,0,0,0.027777777777777776
82,0,0,10,0,0.045824430882930756,0.9000000000000004,0,0,0.02857142857142857
82,0,0,100,0,0.04860822111368179,0.9000000000000004,0,0,0.05555555555555555
82,0,0,101,0,0.04391295462846756,0.9000000000000004,0,0,0.05555555555555555
82,0,0,102,0,0.08200439065694809,0.9000000000000004,0,0,0.058823529411764705
82,0,0,11,0,0.045824430882930756,0.9000000000000004,0,0,0.02857142857142857
82,0,0,114,0,0.06875696033239365,0.9000000000000004,0,0,0.0625
82,0,0,115,0,0.06875696033239365,0.9000000000000004,0,0,0.0625
82,0,0,116,0,0.06875696033239365,0.9000000000000004,0,0,0.0625
82,0,0,117,0,0.055134229362010956,0.9000000000000004,0,0,0.16666666666666666
82,0,0,12,0,0.05402439460158348,0.9000000000000004,0,0,0.02857142857142857
82,0,0,125,0,0.08343484252691269,0.9000000000000004,0,0,0.07692307692307693
82,0,0,126,0,0.08343484252691269,0.9000000000000004,0,0,0.07692307692307693
82,0,0,127,0,0.04278842359781265,0.9000000000000004,0,0,0.07692307692307693
82,0,0,128,0,0.04322173818945885,0.9000000000000004,0,0,0.08333333333333333
82,0,0,129,0,0.06429853290319443,0.9000000000000004,0,0,0.1
82,0,0,130,0,0.06429853290319443,0.9000000000000004,0,0,0.1
82,0,0,131,0,0.04335535690188408,0.9000000000000004,0,0,0.1
82,0,0,132,0,0.043328218162059784,0.9000000000000004,0,0,0.1111111111111111
82,0,0,137,0,0.054805055260658264,0.9000000000000004,0,0,0.14285714285714285
82,0,0,156,0,0.059363529086112976,0.9000000000000004,0,0,0.16666666666666666
82,0,0,157,0,0.25036484003067017,0.9000000000000004,0,0,0.6666666666666666
82,0,0,158,0,0.09350000321865082,0.9000000000000004,0,0,0.3333333333333333
82,0,0,159,0,0.06139037013053894,0.9000000000000004,0,0,0.2
82,0,0,160,0,0.06139037013053894,0.9000000000000004,0,0,0.2
82,0,0,161,0,0.06139037013053894,0.9000000000000004,0,0,0.2
82,0,0,162,0,0.0639960765838623,0.9000000000000004,0,0,0.25
82,0,0,163,0,0.11520030349493027,0.9000000000000004,0,0,0.5
82,0,0,164,0,0.11520030349493027,0.9000000000000004,0,0,0.5
82,0,0,165,0,0.12868863344192505,0.9000000000000004,0,0,0.3333333333333333
82,0,0,166,0,0.12868863344192505,0.9000000000000004,0,0,0.3333333333333333
82,0,0,167,0,0.06963270902633667,0.9000000000000004,0,0,0.3333333333333333
82,0,0,170,0,0.09303006529808044,0.9000000000000004,0,0,0.5
82,0,0,171,0,0.16077010333538055,0.9000000000000004,0,0,0.5
82,0,0,172,0,0.16077010333538055,0.9000000000000004,0,0,0.5
82,0,0,2,0,0.045911841094493866,0.9000000000000004,0,0,0.027777777777777776
82,0,0,21,0,0.04975222051143646,0.9000000000000004,0,0,0.029411764705882353
82,0,0,22,0,0.1528802067041397,0.9000000000000004,0,0,0.17647058823529413
82,0,0,23,0,0.04505503177642822,0.9000000000000004,0,0,0.045454545454545456
82,0,0,25,0,0.09728270024061203,0.9000000000000004,0,0,0.045454545454545456
82,0,0,3,0,0.045911841094493866,0.9000000000000004,0,0,0.027777777777777776
82,0,0,38,0,0.04596006125211716,0.9000000000000004,0,0,0.03225806451612903
82,0,0,4,0,0.702241837978363,0.9000000000000004,0,0,0.2777777777777778
82,0,0,5,0,0.045911841094493866,0.9000000000000004,0,0,0.027777777777777776
82,0,0,50,0,0.05742669105529785,0.9000000000000004,0,0,0.058823529411764705
82,0,0,52,0,0.05733424425125122,0.9000000000000004,0,0,0.06060606060606061
82,0,0,57,0,0.18787367641925812,0.9000000000000004,0,0,0.14705882352941177
82,0,0,58,0,0.05755610018968582,0.9000000000000004,0,0,0.058823529411764705
82,0,0,59,0,0.061855562031269073,0.9000000000000004,0,0,0.058823529411764705
82,0,0,6,0,0.04946380481123924,0.9000000000000004,0,0,0.027777777777777776
82,0,0,60,0,0.04984651133418083,0.9000000000000004,0,0,0.030303030303030304
82,0,0,61,0,0.05755610018968582,0.9000000000000004,0,0,0.058823529411764705
82,0,0,62,0,0.07240290194749832,0.9000000000000004,0,0,0.06060606060606061
82,0,0,63,0,0.05202379450201988,0.9000000000000004,0,0,0.06060606060606061
82,0,0,64,0,0.0461222268640995,0.9000000000000004,0,0,0.029411764705882353
82,0,0,65,0,0.8174627423286438,0.9000000000000004,0,0,0.5882352941176471
82,0,0,66,0,0.0461222268640995,0.9000000000000004,0,0,0.029411764705882353
82,0,0,67,0,0.04596006125211716,0.9000000000000004,0,0,0.03225806451612903
82,0,0,7,0,0.8242860436439514,0.9000000000000004,0,0,0.6111111111111112
82,0,0,73,0,0.04419281706213951,0.9000000000000004,0,0,0.05263157894736842
82,0,0,76,0,0.04419281706213951,0.9000000000000004,0,0,0.05263157894736842
82,0,0,77,0,0.1846049576997757,0.9000000000000004,0,0,0.25925925925925924
82,0,0,81,0,0.0467231422662735,0.9000000000000004,0,0,0.03571428571428571
82,0,0,83,0,0.14747507870197296,0.9000000000000004,0,0,0.16666666666666666
82,0,0,84,0,0.12171173095703125,0.9000000000000004,0,0,0.043478260869565216
82,0,0,85,0,0.07263580709695816,0.9000000000000004,0,0,0.10344827586206896
82,0,0,86,0,0.0467231422662735,0.9000000000000004,0,0,0.03571428571428571
82,0,0,87,0,0.05224611982703209,0.9000000000000004,0,0,0.07142857142857142
82,0,0,88,0,0.1426970511674881,0.9000000000000004,0,0,0.06896551724137931
82,0,0,89,0,0.09464137256145477,0.9000000000000004,0,0,0.06896551724137931
82,0,0,9,0,0.09791103005409241,0.9000000000000004,0,0,0.08571428571428572
82,0,0,90,0,0.05219519883394241,0.9000000000000004,0,0,0.06896551724137931
82,0,0,95,0,0.04847759008407593,0.9000000000000004,0,0,0.047619047619047616
82,0,0,96,0,0.04896318539977074,0.9000000000000004,0,0,0.05
82,0,0,97,0,0.04896318539977074,0.9000000000000004,0,0,0.05
82,0,0,98,0,0.04896318539977074,0.9000000000000004,0,0,0.05
82,0,0,99,0,0.04860822111368179,0.9000000000000004,0,0,0.05555555555555555
83,89,89,0,0,0.7404944896697998,0.9000000000000004,0,0,0.4
83,89,89,103,0,0.1875307708978653,0.9000000000000004,0,0,0.3333333333333333
83,89,89,22,0,0.18824733793735504,0.9000000000000004,0,0,0.2
83,89,89,23,0,0.08647043257951736,0.9000000000000004,0,0,0.25
83,89,89,25,0,0.18354256451129913,0.9000000000000004,0,0,0.25
83,89,89,4,0,0.5057435035705566,0.9000000000000004,0,0,0.2
83,89,89,57,0,0.19054844975471497,0.9000000000000004,0,0,0.2
83,89,89,62,0,0.16104300320148468,0.9000000000000004,0,0,0.4
83,89,89,63,0,0.0931013822555542,0.9000000000000004,0,0,0.2
83,89,89,65,0,0.6209951043128967,0.9000000000000004,0,0,0.4
83,89,89,7,0,0.6322352290153503,0.9000000000000004,0,0,0.4
83,89,89,77,0,0.19285592436790466,0.9000000000000004,0,0,0.25
83,89,89,83,0,0.18262669444084167,0.9000000000000004,0,0,0.2
83,89,89,85,0,0.13236108422279358,0.9000000000000004,0,0,0.4
83,89,89,87,0,0.09520459920167923,0.9000000000000004,0,0,0.25
83,89,89,88,0,0.6806930303573608,0.9000000000000004,0,0,0.8
83,89,89,90,0,0.10646561533212662,0.9000000000000004,0,0,0.4
84,160,160,0,0,0.849963903427124,0.9000000000000004,0,0,1.0
84,160,160,157,0,0.5624215006828308,0.9000000000000004,0,0,1.0
84,160,160,158,0,0.48921266198158264,0.9000000000000004,0,0,1.0
84,160,160,159,0,0.4364117980003357,0.9000000000000004,0,0,1.0
84,160,160,161,0,0.4364117980003357,0.9000000000000004,0,0,1.0
84,160,160,65,0,0.7992685437202454,0.9000000000000004,0,0,1.0
84,160,160,7,0,0.8013955354690552,0.9000000000000004,0,0,1.0
85,171,171,0,0,0.8221672177314758,0.9000000000000004,0,0,0.5
85,171,171,170,0,0.2621878683567047,0.9000000000000004,0,0,0.5
85,171,171,172,0,0.6964237689971924,0.9000000000000004,0,0,1.0
85,171,171,25,0,0.4800749123096466,0.9000000000000004,0,0,0.5
85,171,171,65,0,0.8562039136886597,0.9000000000000004,0,0,0.5
85,171,171,7,0,0.8598470687866211,0.9000000000000004,0,0,0.5
85,171,171,84,0,0.6133415102958679,0.9000000000000004,0,0,0.5
85,171,171,88,0,0.654974102973938,0.9000000000000004,0,0,0.5
86,7,7,0,0,0.8753733038902283,0.9000000000000004,0,0,0.5641025641025641
86,7,7,1,0,0.057203054428100586,0.9000000000000004,0,0,0.02564102564102564
86,7,7,117,0,0.06851332634687424,0.9000000000000004,0,0,0.125
86,7,7,128,0,0.059213120490312576,0.9000000000000004,0,0,0.125
86,7,7,153,0,0.11743944138288498,0.9000000000000004,0,0,0.5
86,7,7,157,0,0.2916201949119568,0.9000000000000004,0,0,0.6
86,7,7,158,0,0.10954013466835022,0.9000000000000004,0,0,0.2
86,7,7,159,0,0.08808844536542892,0.9000000000000004,0,0,0.2
86,7,7,160,0,0.37987905740737915,0.9000000000000004,0,0,0.2
86,7,7,161,0,0.08808844536542892,0.9000000000000004,0,0,0.2
86,7,7,162,0,0.09204874187707901,0.9000000000000004,0,0,0.25
86,7,7,163,0,0.16237348318099976,0.9000000000000004,0,0,0.5
86,7,7,164,0,0.16237348318099976,0.9000000000000004,0,0,0.5
86,7,7,165,0,0.16890211403369904,0.9000000000000004,0,0,0.3333333333333333
86,7,7,166,0,0.16890211403369904,0.9000000000000004,0,0,0.3333333333333333
86,7,7,167,0,0.09987863153219223,0.9000000000000004,0,0,0.3333333333333333
86,7,7,171,0,0.6625828742980957,0.9000000000000004,0,0,1.0
86,7,7,172,0,0.32093387842178345,0.9000000000000004,0,0,1.0
86,7,7,2,0,0.057203054428100586,0.9000000000000004,0,0,0.02564102564102564
86,7,7,21,0,0.06440696120262146,0.9000000000000004,0,0,0.02631578947368421
86,7,7,22,0,0.28790611028671265,0.9000000000000004,0,0,0.23684210526315788
86,7,7,23,0,0.05732028931379318,0.9000000000000004,0,0,0.05
86,7,7,25,0,0.16963882744312286,0.9000000000000004,0,0,0.1
86,7,7,3,0,0.057203054428100586,0.9000000000000004,0,0,0.02564102564102564
86,7,7,4,0,0.566208004951477,0.9000000000000004,0,0,0.2564102564102564
86,7,7,5,0,0.057203054428100586,0.9000000000000004,0,0,0.02564102564102564
86,7,7,50,0,0.07134057581424713,0.9000000000000004,0,0,0.02631578947368421
86,7,7,57,0,0.25438421964645386,0.9000000000000004,0,0,0.10526315789473684
86,7,7,58,0,0.0714837983250618,0.9000000000000004,0,0,0.02631578947368421
86,7,7,59,0,0.07803403586149216,0.9000000000000004,0,0,0.02631578947368421
86,7,7,6,0,0.06394225358963013,0.9000000000000004,0,0,0.02564102564102564
86,7,7,61,0,0.0714837983250618,0.9000000000000004,0,0,0.02631578947368421
86,7,7,62,0,0.09982263296842575,0.9000000000000004,0,0,0.05405405405405406
86,7,7,63,0,0.06408815085887909,0.9000000000000004,0,0,0.02702702702702703
86,7,7,64,0,0.05749533325433731,0.9000000000000004,0,0,0.02631578947368421
86,7,7,65,0,0.8890985250473022,0.9000000000000004,0,1,0.9473684210526315
86,7,7,66,0,0.05749533325433731,0.9000000000000004,0,0,0.02631578947368421
86,7,7,73,0,0.05702686309814453,0.9000000000000004,0,0,0.06666666666666667
86,7,7,75,0,0.058026544749736786,0.9000000000000004,0,0,0.1
86,7,7,76,0,0.05702686309814453,0.9000000000000004,0,0,0.06666666666666667
86,7,7,77,0,0.34083470702171326,0.9000000000000004,0,0,0.40625
86,7,7,81,0,0.05830628424882889,0.9000000000000004,0,0,0.030303030303030304
86,7,7,82,0,0.05755129083991051,0.9000000000000004,0,0,0.043478260869565216
86,7,7,83,0,0.2975256145000458,0.9000000000000004,0,0,0.2857142857142857
86,7,7,84,0,0.22523893415927887,0.9000000000000004,0,0,0.08
86,7,7,85,0,0.10433398187160492,0.9000000000000004,0,0,0.08823529411764706
86,7,7,86,0,0.05830628424882889,0.9000000000000004,0,0,0.030303030303030304
86,7,7,87,0,0.07041140645742416,0.9000000000000004,0,0,0.06060606060606061
86,7,7,88,0,0.2731206715106964,0.9000000000000004,0,0,0.08823529411764706
86,7,7,89,0,0.30444079637527466,0.9000000000000004,0,0,0.058823529411764705
86,7,7,90,0,0.07037021964788437,0.9000000000000004,0,0,0.058823529411764705
86,7,7,91,0,0.06526458263397217,0.9000000000000004,0,0,0.06666666666666667
86,7,7,95,0,0.06461764127016068,0.9000000000000004,0,0,0.058823529411764705
87,9,9,0,0,0.7857176065444946,0.9000000000000004,0,0,0.375
87,9,9,102,0,0.17145322263240814,0.9000000000000004,0,0,0.2
87,9,9,103,0,0.17145322263240814,0.9000000000000004,0,0,0.2
87,9,9,104,0,0.10496105253696442,0.9000000000000004,0,0,0.2
87,9,9,114,0,0.1553480327129364,0.9000000000000004,0,0,0.25
87,9,9,115,0,0.1553480327129364,0.9000000000000004,0,0,0.25
87,9,9,116,0,0.1553480327129364,0.9000000000000004,0,0,0.25
87,9,9,125,0,0.20317818224430084,0.9000000000000004,0,0,0.5
87,9,9,126,0,0.20317818224430084,0.9000000000000004,0,0,0.5
87,9,9,127,0,0.12111050635576248,0.9000000000000004,0,0,0.5
87,9,9,129,0,0.2613290548324585,0.9000000000000004,0,0,1.0
87,9,9,130,0,0.2613290548324585,0.9000000000000004,0,0,1.0
87,9,9,131,0,0.17046114802360535,0.9000000000000004,0,0,1.0
87,9,9,37,0,0.10244141519069672,0.9000000000000004,0,0,0.16666666666666666
87,9,9,4,0,0.5538362860679626,0.9000000000000004,0,0,0.25
87,9,9,6,0,0.10545656085014343,0.9000000000000004,0,0,0.125
87,9,9,8,0,0.10005934536457062,0.9000000000000004,0,0,0.125
87,9,9,96,0,0.12212947010993958,0.9000000000000004,0,0,0.2
87,9,9,97,0,0.12212947010993958,0.9000000000000004,0,0,0.2
87,9,9,98,0,0.12212945520877838,0.9000000000000004,0,0,0.2
88,63,63,0,0,0.7906653881072998,0.9000000000000004,0,0,1.0
88,63,63,22,0,0.48419061303138733,0.9000000000000004,0,0,1.0
88,63,63,23,0,0.17720307409763336,0.9000000000000004,0,0,1.0
88,63,63,25,0,0.3501392900943756,0.9000000000000004,0,0,1.0
88,63,63,4,0,0.7178138494491577,0.9000000000000004,0,0,1.0
88,63,63,50,0,0.14555537700653076,0.9000000000000004,0,0,0.5
88,63,63,52,0,0.14626938104629517,0.9000000000000004,0,0,0.5
88,63,63,57,0,0.28123536705970764,0.9000000000000004,0,0,0.5
88,63,63,58,0,0.14602410793304443,0.9000000000000004,0,0,0.5
88,63,63,59,0,0.15321002900600433,0.9000000000000004,0,0,0.5
88,63,63,60,0,0.13843508064746857,0.9000000000000004,0,0,0.5
88,63,63,61,0,0.14602410793304443,0.9000000000000004,0,0,0.5
88,63,63,62,0,0.3348798155784607,0.9000000000000004,0,0,1.0
88,63,63,65,0,0.7521623969078064,0.9000000000000004,0,0,0.5
88,63,63,7,0,0.7582462430000305,0.9000000000000004,0,0,0.5
88,63,63,77,0,0.4092484712600708,0.9000000000000004,0,0,1.0
88,63,63,83,0,0.39428451657295227,0.9000000000000004,0,0,1.0
88,63,63,85,0,0.2592495083808899,0.9000000000000004,0,0,1.0
88,63,63,87,0,0.20279347896575928,0.9000000000000004,0,0,1.0
88,63,63,88,0,0.4490881860256195,0.9000000000000004,0,0,1.0
88,63,63,89,0,0.5878037214279175,0.9000000000000004,0,0,1.0
88,63,63,90,0,0.20273542404174805,0.9000000000000004,0,0,1.0
89,166,166,0,0,0.7006218433380127,0.9000000000000004,0,0,0.3333333333333333
89,166,166,157,0,0.19404077529907227,0.9000000000000004,0,0,0.3333333333333333
89,166,166,163,0,0.15318189561367035,0.9000000000000004,0,0,0.3333333333333333
89,166,166,164,0,0.15318189561367035,0.9000000000000004,0,0,0.3333333333333333
89,166,166,165,0,0.7359613180160522,0.9000000000000004,0,0,1.0
89,166,166,167,0,0.13182096183300018,0.9000000000000004,0,0,0.3333333333333333
89,166,166,65,0,0.786817193031311,0.9000000000000004,0,0,0.3333333333333333
89,166,166,7,0,0.7897804975509644,0.9000000000000004,0,0,0.3333333333333333
90,160,160,0,0,0.7659865021705627,0.9000000000000004,0,0,0.5
90,160,160,157,0,0.40167784690856934,0.9000000000000004,0,0,0.5
90,160,160,158,0,0.3478982448577881,0.9000000000000004,0,0,0.5
90,160,160,159,0,0.321804940700531,0.9000000000000004,0,0,0.5
90,160,160,161,0,0.321804940700531,0.9000000000000004,0,0,0.5
90,160,160,195,0,0.6967834830284119,0.9000000000000004,0,1,1.0
90,160,160,65,0,0.8029924631118774,0.9000000000000004,0,0,0.5
90,160,160,7,0,0.8051843047142029,0.9000000000000004,0,0,0.5
91,103,103,102,0,0.504683792591095,0.9000000000000004,0,0,0.6666666666666666
91,103,103,104,0,0.13200712203979492,0.9000000000000004,0,0,0.3333333333333333
91,103,103,62,0,0.21485094726085663,0.9000000000000004,0,0,0.3333333333333333
91,103,103,89,0,0.48041340708732605,0.9000000000000004,0,0,0.3333333333333333
91,103,103,9,0,0.4491271376609802,0.9000000000000004,0,0,0.3333333333333333
92,157,157,0,0,0.8757006525993347,0.9000000000000004,0,0,1.0
92,157,157,156,0,0.13382624089717865,0.9000000000000004,0,0,0.25
92,157,157,158,0,0.2172289341688156,0.9000000000000004,0,0,0.5
92,157,157,159,0,0.1448545753955841,0.9000000000000004,0,0,0.3333333333333333
92,157,157,160,0,0.41503459215164185,0.9000000000000004,0,0,0.3333333333333333
92,157,157,161,0,0.1448545753955841,0.9000000000000004,0,0,0.3333333333333333
92,157,157,162,0,0.1644158810377121,0.9000000000000004,0,0,0.5
92,157,157,163,0,0.33674684166908264,0.9000000000000004,0,0,1.0
92,157,157,164,0,0.33674684166908264,0.9000000000000004,0,0,1.0
92,157,157,165,0,0.36380043625831604,0.9000000000000004,0,0,1.0
92,157,157,166,0,0.5802479982376099,0.9000000000000004,0,0,1.0
92,157,157,167,0,0.23910833895206451,0.9000000000000004,0,0,1.0
92,157,157,57,0,0.28086477518081665,0.9000000000000004,0,0,0.25
92,157,157,65,0,0.8641218543052673,0.9000000000000004,0,0,0.75
92,157,157,7,0,0.8676905035972595,0.9000000000000004,0,0,0.75
93,65,65,0,0,0.8314240574836731,0.9000000000000004,0,0,0.5405405405405406
93,65,65,117,0,0.07743193954229355,0.9000000000000004,0,0,0.1111111111111111
93,65,65,128,0,0.06699678301811218,0.9000000000000004,0,0,0.1111111111111111
93,65,65,134,0,0.33598563075065613,0.9000000000000004,0,0,1.0
93,65,65,153,0,0.11123350262641907,0.9000000000000004,0,0,0.3333333333333333
93,65,65,157,0,0.6058580875396729,0.9000000000000004,0,0,0.5
93,65,65,158,0,0.11830035597085953,0.9000000000000004,0,0,0.16666666666666666
93,65,65,159,0,0.09621124714612961,0.9000000000000004,0,0,0.16666666666666666
93,65,65,160,0,0.25208625197410583,0.9000000000000004,0,0,0.16666666666666666
93,65,65,161,0,0.09621124714612961,0.9000000000000004,0,0,0.16666666666666666
93,65,65,162,0,0.09877816587686539,0.9000000000000004,0,0,0.2
93,65,65,163,0,0.15930324792861938,0.9000000000000004,0,0,0.4
93,65,65,164,0,0.15930324792861938,0.9000000000000004,0,0,0.4
93,65,65,165,0,0.161445751786232,0.9000000000000004,0,0,0.25
93,65,65,166,0,0.2788022458553314,0.9000000000000004,0,0,0.25
93,65,65,167,0,0.10330048948526382,0.9000000000000004,0,0,0.25
93,65,65,171,0,0.30221715569496155,0.9000000000000004,0,0,0.5
93,65,65,172,0,0.20523834228515625,0.9000000000000004,0,0,0.5
93,65,65,21,0,0.07134931534528732,0.9000000000000004,0,0,0.02702702702702703
93,65,65,22,0,0.2952243387699127,0.9000000000000004,0,0,0.24324324324324326
93,65,65,23,0,0.06374650448560715,0.9000000000000004,0,0,0.05
93,65,65,25,0,0.1609257459640503,0.9000000000000004,0,0,0.1
93,65,65,4,0,0.5009680390357971,0.9000000000000004,0,0,0.21621621621621623
93,65,65,50,0,0.0792601928114891,0.9000000000000004,0,0,0.02702702702702703
93,65,65,57,0,0.25845733284950256,0.9000000000000004,0,0,0.10810810810810811
93,65,65,58,0,0.07944811880588531,0.9000000000000004,0,0,0.02702702702702703
93,65,65,59,0,0.08669751137495041,0.9000000000000004,0,0,0.02702702702702703
93,65,65,61,0,0.07944811880588531,0.9000000000000004,0,0,0.02702702702702703
93,65,65,62,0,0.11140438169240952,0.9000000000000004,0,0,0.05555555555555555
93,65,65,63,0,0.1751031130552292,0.9000000000000004,0,0,0.027777777777777776
93,65,65,64,0,0.06337129324674606,0.9000000000000004,0,0,0.02702702702702703
93,65,65,66,0,0.06337129324674606,0.9000000000000004,0,0,0.02702702702702703
93,65,65,7,0,0.9063732028007507,0.9000000000000004,1,1,1.0
93,65,65,73,0,0.0633620172739029,0.9000000000000004,0,0,0.0625
93,65,65,75,0,0.06537514179944992,0.9000000000000004,0,0,0.09090909090909091
93,65,65,76,0,0.0633620172739029,0.9000000000000004,0,0,0.0625
93,65,65,77,0,0.3410458564758301,0.9000000000000004,0,0,0.40625
93,65,65,81,0,0.06483428180217743,0.9000000000000004,0,0,0.030303030303030304
93,65,65,82,0,0.06400634348392487,0.9000000000000004,0,0,0.043478260869565216
93,65,65,83,0,0.2921481728553772,0.9000000000000004,0,0,0.2571428571428571
93,65,65,84,0,0.21016263961791992,0.9000000000000004,0,0,0.08
93,65,65,85,0,0.11527708172798157,0.9000000000000004,0,0,0.08823529411764706
93,65,65,86,0,0.06483428180217743,0.9000000000000004,0,0,0.030303030303030304
93,65,65,87,0,0.07827138900756836,0.9000000000000004,0,0,0.06060606060606061
93,65,65,88,0,0.2512228786945343,0.9000000000000004,0,0,0.08823529411764706
93,65,65,89,0,0.2276773750782013,0.9000000000000004,0,0,0.058823529411764705
93,65,65,90,0,0.07821770012378693,0.9000000000000004,0,0,0.058823529411764705
93,65,65,91,0,0.07375117391347885,0.9000000000000004,0,0,0.0625
93,65,65,95,0,0.07232852280139923,0.9000000000000004,0,0,0.058823529411764705
93,65,7,0,1,0.8335626721382141,0.9000000000000004,0,0,0.55
93,65,7,1,1,0.062410496175289154,0.9000000000000004,0,0,0.025
93,65,7,117,1,0.07701633870601654,0.9000000000000004,0,0,0.1111111111111111
93,65,7,128,1,0.06670386344194412,0.9000000000000004,0,0,0.1111111111111111
93,65,7,134,1,0.3312534689903259,0.9000000000000004,0,0,1.0
93,65,7,153,1,0.1103675439953804,0.9000000000000004,0,0,0.3333333333333333
93,65,7,157,1,0.5988810062408447,0.9000000000000004,0,0,0.5
93,65,7,158,1,0.11747866123914719,0.9000000000000004,0,0,0.16666666666666666
93,65,7,159,1,0.09557359665632248,0.9000000000000004,0,0,0.16666666666666666
93,65,7,160,1,0.2488016039133072,0.9000000000000004,0,0,0.16666666666666666
93,65,7,161,1,0.09557359665632248,0.9000000000000004,0,0,0.16666666666666666
93,65,7,162,1,0.09806806594133377,0.9000000000000004,0,0,0.2
93,65,7,163,1,0.1581219881772995,0.9000000000000004,0,0,0.4
93,65,7,164,1,0.1581219881772995,0.9000000000000004,0,0,0.4
93,65,7,165,1,0.15999925136566162,0.9000000000000004,0,0,0.25
93,65,7,166,1,0.2750100791454315,0.9000000000000004,0,0,0.25
93,65,7,167,1,0.10254118591547012,0.9000000000000004,0,0,0.25
93,65,7,171,1,0.29814672470092773,0.9000000000000004,0,0,0.5
93,65,7,172,1,0.20294751226902008,0.9000000000000004,0,0,0.5
93,65,7,2,1,0.062410496175289154,0.9000000000000004,0,0,0.025
93,65,7,21,1,0.07094612717628479,0.9000000000000004,0,0,0.02564102564102564
93,65,7,22,1,0.2908414602279663,0.9000000000000004,0,0,0.23076923076923078
93,65,7,23,1,0.06336727738380432,0.9000000000000004,0,0,0.047619047619047616
93,65,7,25,1,0.15897667407989502,0.9000000000000004,0,0,0.09523809523809523
93,65,7,3,1,0.062410496175289154,0.9000000000000004,0,0,0.025
93,65,7,4,1,0.5125530362129211,0.9000000000000004,0,0,0.25
93,65,7,5,1,0.062410496175289154,0.9000000000000004,0,0,0.025
93,65,7,50,1,0.07876080274581909,0.9000000000000004,0,0,0.02564102564102564
93,65,7,57,1,0.2554881274700165,0.9000000000000004,0,0,0.10256410256410256
93,65,7,58,1,0.07893198728561401,0.9000000000000004,0,0,0.02564102564102564
93,65,7,59,1,0.08612532913684845,0.9000000000000004,0,0,0.02564102564102564
93,65,7,6,1,0.07011216878890991,0.9000000000000004,0,0,0.025
93,65,7,61,1,0.07893198728561401,0.9000000000000004,0,0,0.02564102564102564
93,65,7,62,1,0.11075148731470108,0.9000000000000004,0,0,0.05263157894736842
93,65,7,63,1,0.17298495769500732,0.9000000000000004,0,0,0.02631578947368421
93,65,7,64,1,0.06301534920930862,0.9000000000000004,0,0,0.02564102564102564
93,65,7,66,1,0.06301534920930862,0.9000000000000004,0,0,0.02564102564102564
93,65,7,73,1,0.0631534606218338,0.9000000000000004,0,0,0.0625
93,65,7,75,1,0.06512152403593063,0.9000000000000004,0,0,0.09090909090909091
93,65,7,76,1,0.0631534606218338,0.9000000000000004,0,0,0.0625
93,65,7,77,1,0.3359085023403168,0.9000000000000004,0,0,0.3939393939393939
93,65,7,81,1,0.06443751603364944,0.9000000000000004,0,0,0.029411764705882353
93,65,7,82,1,0.06361665576696396,0.9000000000000004,0,0,0.041666666666666664
93,65,7,83,1,0.2991945445537567,0.9000000000000004,0,0,0.2777777777777778
93,65,7,84,1,0.2075696736574173,0.9000000000000004,0,0,0.07692307692307693
93,65,7,85,1,0.11443683505058289,0.9000000000000004,0,0,0.08571428571428572
93,65,7,86,1,0.06443751603364944,0.9000000000000004,0,0,0.029411764705882353
93,65,7,87,1,0.07791472226381302,0.9000000000000004,0,0,0.058823529411764705
93,65,7,88,1,0.24816904962062836,0.9000000000000004,0,0,0.08571428571428572
93,65,7,89,1,0.22501946985721588,0.9000000000000004,0,0,0.05714285714285714
93,65,7,90,1,0.07786469906568527,0.9000000000000004,0,0,0.05714285714285714
93,65,7,91,1,0.07335958629846573,0.9000000000000004,0,0,0.0625
93,65,7,95,1,0.07182829082012177,0.9000000000000004,0,0,0.05555555555555555
94,181,181,65,0,0.8586103916168213,0.9000000000000004,0,1,1.0
94,181,181,7,0,0.859161913394928,0.9000000000000004,0,1,1.0
95,7,7,0,0,0.7632102370262146,0.9000000000000004,0,0,0.5238095238095238
95,7,7,1,0,0.0511176735162735,0.9000000000000004,0,0,0.023809523809523808
95,7,7,117,0,0.0569438673555851,0.9000000000000004,0,0,0.09090909090909091
95,7,7,128,0,0.05107025429606438,0.9000000000000004,0,0,0.09090909090909091
95,7,7,134,0,0.12486377358436584,0.9000000000000004,0,0,0.3333333333333333
95,7,7,146,0,0.37460848689079285,0.9000000000000004,0,0,1.0
95,7,7,153,0,0.06992420554161072,0.9000000000000004,0,0,0.2
95,7,7,157,0,0.29118773341178894,0.9000000000000004,0,0,0.375
95,7,7,158,0,0.0753607228398323,0.9000000000000004,0,0,0.125
95,7,7,159,0,0.06674932688474655,0.9000000000000004,0,0,0.125
95,7,7,160,0,0.13654948770999908,0.9000000000000004,0,0,0.125
95,7,7,161,0,0.06674932688474655,0.9000000000000004,0,0,0.125
95,7,7,162,0,0.0673147514462471,0.9000000000000004,0,0,0.14285714285714285
95,7,7,163,0,0.09672239422798157,0.9000000000000004,0,0,0.2857142857142857
95,7,7,164,0,0.09672239422798157,0.9000000000000004,0,0,0.2857142857142857
95,7,7,165,0,0.0980008989572525,0.9000000000000004,0,0,0.16666666666666666
95,7,7,166,0,0.15131109952926636,0.9000000000000004,0,0,0.16666666666666666
95,7,7,167,0,0.06835866719484329,0.9000000000000004,0,0,0.16666666666666666
95,7,7,171,0,0.1488666534423828,0.9000000000000004,0,0,0.25
95,7,7,172,0,0.10591337829828262,0.9000000000000004,0,0,0.25
95,7,7,173,0,0.37460848689079285,0.9000000000000004,0,0,1.0
95,7,7,176,0,0.37460848689079285,0.9000000000000004,0,0,1.0
95,7,7,177,0,0.37460848689079285,0.9000000000000004,0,0,1.0
95,7,7,179,0,0.37460848689079285,0.9000000000000004,0,0,1.0
95,7,7,180,0,0.37460848689079285,0.9000000000000004,0,1,1.0
95,7,7,181,0,0.4909311830997467,0.9000000000000004,0,0,1.0
95,7,7,2,0,0.0511176735162735,0.9000000000000004,0,0,0.023809523809523808
95,7,7,21,0,0.05624998360872269,0.9000000000000004,0,0,0.024390243902439025
95,7,7,22,0,0.2205195128917694,0.9000000000000004,0,0,0.21951219512195122
95,7,7,23,0,0.05097184702754021,0.9000000000000004,0,0,0.043478260869565216
95,7,7,25,0,0.09938070178031921,0.9000000000000004,0,0,0.08695652173913043
95,7,7,3,0,0.0511176735162735,0.9000000000000004,0,0,0.023809523809523808
95,7,7,4,0,0.3948901891708374,0.9000000000000004,0,0,0.23809523809523808
95,7,7,5,0,0.0511176735162735,0.9000000000000004,0,0,0.023809523809523808
95,7,7,50,0,0.06128077208995819,0.9000000000000004,0,0,0.024390243902439025
95,7,7,57,0,0.1708327829837799,0.9000000000000004,0,0,0.0975609756097561
95,7,7,58,0,0.061398837715387344,0.9000000000000004,0,0,0.024390243902439025
95,7,7,59,0,0.06630478799343109,0.9000000000000004,0,0,0.024390243902439025
95,7,7,6,0,0.05591907352209091,0.9000000000000004,0,0,0.023809523809523808
95,7,7,61,0,0.061398837715387344,0.9000000000000004,0,0,0.024390243902439025
95,7,7,62,0,0.08079855144023895,0.9000000000000004,0,0,0.05
95,7,7,63,0,0.11133182048797607,0.9000000000000004,0,0,0.025
95,7,7,64,0,0.05141428858041763,0.9000000000000004,0,0,0.024390243902439025
95,7,7,65,0,0.9156630635261536,0.9000000000000004,1,1,0.9512195121951219
95,7,7,66,0,0.05141428858041763,0.9000000000000004,0,0,0.024390243902439025
95,7,7,73,0,0.05043007433414459,0.9000000000000004,0,0,0.05555555555555555
95,7,7,75,0,0.05055605247616768,0.9000000000000004,0,0,0.07692307692307693
95,7,7,76,0,0.05043007433414459,0.9000000000000004,0,0,0.05555555555555555
95,7,7,77,0,0.2553422152996063,0.9000000000000004,0,0,0.37142857142857144
95,7,7,81,0,0.05213748663663864,0.9000000000000004,0,0,0.027777777777777776
95,7,7,82,0,0.05130075663328171,0.9000000000000004,0,0,0.038461538461538464
95,7,7,83,0,0.22438201308250427,0.9000000000000004,0,0,0.2631578947368421
95,7,7,84,0,0.12791529297828674,0.9000000000000004,0,0,0.07142857142857142
95,7,7,85,0,0.08667463809251785,0.9000000000000004,0,0,0.08108108108108109
95,7,7,86,0,0.05213748663663864,0.9000000000000004,0,0,0.027777777777777776
95,7,7,87,0,0.060170456767082214,0.9000000000000004,0,0,0.05555555555555555
95,7,7,88,0,0.15468670427799225,0.9000000000000004,0,0,0.08108108108108109
95,7,7,89,0,0.1479334831237793,0.9000000000000004,0,0,0.05405405405405406
95,7,7,90,0,0.06013159826397896,0.9000000000000004,0,0,0.05405405405405406
95,7,7,91,0,0.055436596274375916,0.9000000000000004,0,0,0.05555555555555555
95,7,7,95,0,0.055805500596761703,0.9000000000000004,0,0,0.05
95,7,65,0,1,0.757820725440979,0.9000000000000004,0,0,0.5128205128205128
95,7,65,117,1,0.05723179504275322,0.9000000000000004,0,0,0.09090909090909091
95,7,65,128,1,0.05135340988636017,0.9000000000000004,0,0,0.09090909090909091
95,7,65,134,1,0.12602706253528595,0.9000000000000004,0,0,0.3333333333333333
95,7,65,146,1,0.3803068697452545,0.9000000000000004,0,0,1.0
95,7,65,153,1,0.07043993473052979,0.9000000000000004,0,0,0.2
95,7,65,157,1,0.29397013783454895,0.9000000000000004,0,0,0.375
95,7,65,158,1,0.07593612372875214,0.9000000000000004,0,0,0.125
95,7,65,159,1,0.06724120676517487,0.9000000000000004,0,0,0.125
95,7,65,160,1,0.13801002502441406,0.9000000000000004,0,0,0.125
95,7,65,161,1,0.06724120676517487,0.9000000000000004,0,0,0.125
95,7,65,162,1,0.0678040161728859,0.9000000000000004,0,0,0.14285714285714285
95,7,65,163,1,0.09746656566858292,0.9000000000000004,0,0,0.2857142857142857
95,7,65,164,1,0.09746656566858292,0.9000000000000004,0,0,0.2857142857142857
95,7,65,165,1,0.09889579564332962,0.9000000000000004,0,0,0.16666666666666666
95,7,65,166,1,0.1529461294412613,0.9000000000000004,0,0,0.16666666666666666
95,7,65,167,1,0.06885053962469101,0.9000000000000004,0,0,0.16666666666666666
95,7,65,171,1,0.15028148889541626,0.9000000000000004,0,0,0.25
95,7,65,172,1,0.10671727359294891,0.9000000000000004,0,0,0.25
95,7,65,173,1,0.3803068697452545,0.9000000000000004,0,0,1.0
95,7,65,176,1,0.3803068697452545,0.9000000000000004,0,0,1.0
95,7,65,177,1,0.3803068697452545,0.9000000000000004,0,0,1.0
95,7,65,179,1,0.3803068697452545,0.9000000000000004,0,0,1.0
95,7,65,180,1,0.3803068697452545,0.9000000000000004,0,1,1.0
95,7,65,181,1,0.4972114861011505,0.9000000000000004,0,0,1.0
95,7,65,21,1,0.05659564957022667,0.9000000000000004,0,0,0.02564102564102564
95,7,65,22,1,0.22388334572315216,0.9000000000000004,0,0,0.23076923076923078
95,7,65,23,1,0.051311641931533813,0.9000000000000004,0,0,0.045454545454545456
95,7,65,25,1,0.10036666691303253,0.9000000000000004,0,0,0.09090909090909091
95,7,65,4,1,0.380400687456131,0.9000000000000004,0,0,0.20512820512820512
95,7,65,50,1,0.06174512580037117,0.9000000000000004,0,0,0.02564102564102564
95,7,65,57,1,0.17312288284301758,0.9000000000000004,0,0,0.10256410256410256
95,7,65,58,1,0.06187907233834267,0.9000000000000004,0,0,0.02564102564102564
95,7,65,59,1,0.06688420474529266,0.9000000000000004,0,0,0.02564102564102564
95,7,65,61,1,0.06187907233834267,0.9000000000000004,0,0,0.02564102564102564
95,7,65,62,1,0.08150754868984222,0.9000000000000004,0,0,0.05263157894736842
95,7,65,63,1,0.1127825453877449,0.9000000000000004,0,0,0.02631578947368421
95,7,65,64,1,0.05174171179533005,0.9000000000000004,0,0,0.02564102564102564
95,7,65,66,1,0.05174171179533005,0.9000000000000004,0,0,0.02564102564102564
95,7,65,73,1,0.05072541534900665,0.9000000000000004,0,0,0.05555555555555555
95,7,65,75,1,0.0508163720369339,0.9000000000000004,0,0,0.07692307692307693
95,7,65,76,1,0.05072541534900665,0.9000000000000004,0,0,0.05555555555555555
95,7,65,77,1,0.2594453990459442,0.9000000000000004,0,0,0.38235294117647056
95,7,65,81,1,0.052471011877059937,0.9000000000000004,0,0,0.02857142857142857
95,7,65,82,1,0.051641836762428284,0.9000000000000004,0,0,0.04
95,7,65,83,1,0.21834293007850647,0.9000000000000004,0,0,0.24324324324324326
95,7,65,84,1,0.12928026914596558,0.9000000000000004,0,0,0.07407407407407407
95,7,65,85,1,0.0874297097325325,0.9000000000000004,0,0,0.08333333333333333
95,7,65,86,1,0.052471011877059937,0.9000000000000004,0,0,0.02857142857142857
95,7,65,87,1,0.06061183288693428,0.9000000000000004,0,0,0.05714285714285714
95,7,65,88,1,0.15641336143016815,0.9000000000000004,0,0,0.08333333333333333
95,7,65,89,1,0.149909108877182,0.9000000000000004,0,0,0.05555555555555555
95,7,65,90,1,0.060570184141397476,0.9000000000000004,0,0,0.05555555555555555
95,7,65,91,1,0.05570926144719124,0.9000000000000004,0,0,0.05555555555555555
95,7,65,95,1,0.0561785064637661,0.9000000000000004,0,0,0.05263157894736842
96,171,171,0,0,0.6426063776016235,0.9000000000000004,0,0,0.3333333333333333
96,171,171,170,0,0.23009930551052094,0.9000000000000004,0,0,0.3333333333333333
96,171,171,172,0,0.4507053792476654,0.9000000000000004,0,0,0.6666666666666666
96,171,171,190,0,0.48222896456718445,0.9000000000000004,0,1,1.0
96,171,171,25,0,0.3272436857223511,0.9000000000000004,0,0,0.3333333333333333
96,171,171,65,0,0.87936931848526,0.9000000000000004,0,0,0.3333333333333333
96,171,171,7,0,0.8816816806793213,0.9000000000000004,0,0,0.3333333333333333
96,171,171,84,0,0.3886576294898987,0.9000000000000004,0,0,0.3333333333333333
96,171,171,88,0,0.4217880964279175,0.9000000000000004,0,0,0.3333333333333333
97,89,89,0,0,0.5133653879165649,0.9000000000000004,0,0,0.3333333333333333
97,89,89,103,0,0.23193545639514923,0.9000000000000004,0,0,0.25
97,89,89,183,0,0.3198079764842987,0.9000000000000004,0,1,1.0
97,89,89,22,0,0.17506814002990723,0.9000000000000004,0,0,0.16666666666666666
97,89,89,23,0,0.08869144320487976,0.9000000000000004,0,0,0.2
97,89,89,25,0,0.14211943745613098,0.9000000000000004,0,0,0.2
97,89,89,4,0,0.31774577498435974,0.9000000000000004,0,0,0.16666666666666666
97,89,89,57,0,0.16884185373783112,0.9000000000000004,0,0,0.16666666666666666
97,89,89,62,0,0.15082533657550812,0.9000000000000004,0,0,0.3333333333333333
97,89,89,63,0,0.18515634536743164,0.9000000000000004,0,0,0.16666666666666666
97,89,89,65,0,0.6772063374519348,0.9000000000000004,0,0,0.3333333333333333
97,89,89,7,0,0.686205267906189,0.9000000000000004,0,0,0.3333333333333333
97,89,89,77,0,0.17582471668720245,0.9000000000000004,0,0,0.2
97,89,89,83,0,0.16884778439998627,0.9000000000000004,0,0,0.16666666666666666
97,89,89,85,0,0.12988248467445374,0.9000000000000004,0,0,0.3333333333333333
97,89,89,87,0,0.09737357497215271,0.9000000000000004,0,0,0.2
97,89,89,88,0,0.45263928174972534,0.9000000000000004,0,0,0.6666666666666666
97,89,89,90,0,0.10733164846897125,0.9000000000000004,0,0,0.3333333333333333
98,160,160,0,0,0.4446045756340027,0.9000000000000004,0,0,0.3333333333333333
98,160,160,157,0,0.27185577154159546,0.9000000000000004,0,0,0.3333333333333333
98,160,160,158,0,0.12303704768419266,0.9000000000000004,0,0,0.3333333333333333
98,160,160,159,0,0.1100349873304367,0.9000000000000004,0,0,0.3333333333333333
98,160,160,161,0,0.1100349873304367,0.9000000000000004,0,0,0.3333333333333333
98,160,160,195,0,0.6927957534790039,0.9000000000000004,0,0,1.0
98,160,160,65,0,0.6344571709632874,0.9000000000000004,0,1,0.3333333333333333
98,160,160,7,0,0.6395316123962402,0.9000000000000004,0,1,0.3333333333333333
99,100,100,0,0,0.4341983497142792,0.9000000000000004,0,0,0.5
99,100,100,101,0,0.12604767084121704,0.9000000000000004,0,0,0.5
99,100,100,57,0,0.23750591278076172,0.9000000000000004,0,0,0.5
99,100,100,99,0,0.4116686284542084,0.9000000000000004,0,0,1.0
100,7,7,0,0,0.7263418436050415,0.9000000000000004,0,0,0.5
100,7,7,1,0,0.055094797164201736,0.9000000000000004,0,0,0.022727272727272728
100,7,7,117,0,0.062440190464258194,0.9000000000000004,0,0,0.07692307692307693
100,7,7,128,0,0.05593457072973251,0.9000000000000004,0,0,0.07692307692307693
100,7,7,134,0,0.11266861110925674,0.9000000000000004,0,0,0.2
100,7,7,146,0,0.17494477331638336,0.9000000000000004,0,0,0.3333333333333333
100,7,7,153,0,0.07489986717700958,0.9000000000000004,0,1,0.14285714285714285
100,7,7,157,0,0.23976856470108032,0.9000000000000004,0,0,0.3
100,7,7,158,0,0.08244560658931732,0.9000000000000004,0,0,0.1
100,7,7,159,0,0.07275742292404175,0.9000000000000004,0,0,0.1
100,7,7,160,0,0.3669397234916687,0.9000000000000004,0,0,0.2
100,7,7,161,0,0.07275742292404175,0.9000000000000004,0,0,0.1
100,7,7,162,0,0.07313375174999237,0.9000000000000004,0,0,0.1111111111111111
100,7,7,163,0,0.10166186839342117,0.9000000000000004,0,0,0.2222222222222222
100,7,7,164,0,0.10166186839342117,0.9000000000000004,0,0,0.2222222222222222
100,7,7,165,0,0.10351357609033585,0.9000000000000004,0,0,0.125
100,7,7,166,0,0.14496292173862457,0.9000000000000004,0,0,0.125
100,7,7,167,0,0.07388976216316223,0.9000000000000004,0,0,0.125
100,7,7,171,0,0.23149381577968597,0.9000000000000004,0,0,0.16666666666666666
100,7,7,172,0,0.10673602670431137,0.9000000000000004,0,0,0.16666666666666666
100,7,7,173,0,0.17494477331638336,0.9000000000000004,0,0,0.3333333333333333
100,7,7,176,0,0.17494477331638336,0.9000000000000004,0,0,0.3333333333333333
100,7,7,177,0,0.17494477331638336,0.9000000000000004,0,0,0.3333333333333333
100,7,7,179,0,0.17494477331638336,0.9000000000000004,0,0,0.3333333333333333
100,7,7,180,0,0.32432201504707336,0.9000000000000004,0,0,0.6666666666666666
100,7,7,181,0,0.26673412322998047,0.9000000000000004,0,0,0.5
100,7,7,2,0,0.055094797164201736,0.9000000000000004,0,0,0.022727272727272728
100,7,7,21,0,0.060668736696243286,0.9000000000000004,0,0,0.023255813953488372
100,7,7,22,0,0.23085585236549377,0.9000000000000004,0,0,0.20930232558139536
100,7,7,23,0,0.05519101768732071,0.9000000000000004,0,0,0.04
100,7,7,25,0,0.107027068734169,0.9000000000000004,0,0,0.08
100,7,7,3,0,0.055094797164201736,0.9000000000000004,0,0,0.022727272727272728
100,7,7,4,0,0.3941446840763092,0.9000000000000004,0,0,0.22727272727272727
100,7,7,5,0,0.055094797164201736,0.9000000000000004,0,0,0.022727272727272728
100,7,7,50,0,0.06614124029874802,0.9000000000000004,0,0,0.023255813953488372
100,7,7,57,0,0.175428569316864,0.9000000000000004,0,1,0.09302325581395349
100,7,7,58,0,0.06627094000577927,0.9000000000000004,0,0,0.023255813953488372
100,7,7,59,0,0.07157158106565475,0.9000000000000004,0,0,0.023255813953488372
100,7,7,6,0,0.06023207679390907,0.9000000000000004,0,0,0.022727272727272728
100,7,7,61,0,0.06627094000577927,0.9000000000000004,0,0,0.023255813953488372
100,7,7,62,0,0.08793845027685165,0.9000000000000004,0,0,0.047619047619047616
100,7,7,63,0,0.10991641879081726,0.9000000000000004,0,0,0.023809523809523808
100,7,7,64,0,0.05547120049595833,0.9000000000000004,0,0,0.023255813953488372
100,7,7,65,0,0.9141741991043091,0.9000000000000004,1,1,0.9534883720930233
100,7,7,66,0,0.05547120049595833,0.9000000000000004,0,0,0.023255813953488372
100,7,7,73,0,0.0547090582549572,0.9000000000000004,0,0,0.05
100,7,7,75,0,0.05525248870253563,0.9000000000000004,0,0,0.06666666666666667
100,7,7,76,0,0.0547090582549572,0.9000000000000004,0,0,0.05
100,7,7,77,0,0.2646929621696472,0.9000000000000004,0,0,0.35135135135135137
100,7,7,81,0,0.05631648376584053,0.9000000000000004,0,0,0.02631578947368421
100,7,7,82,0,0.0554874911904335,0.9000000000000004,0,0,0.03571428571428571
100,7,7,83,0,0.23489458858966827,0.9000000000000004,0,0,0.25
100,7,7,84,0,0.13629278540611267,0.9000000000000004,0,0,0.06666666666666667
100,7,7,85,0,0.0935010313987732,0.9000000000000004,0,0,0.07692307692307693
100,7,7,86,0,0.05631648376584053,0.9000000000000004,0,0,0.02631578947368421
100,7,7,87,0,0.06547530740499496,0.9000000000000004,0,0,0.05263157894736842
100,7,7,88,0,0.1633630245923996,0.9000000000000004,0,0,0.07692307692307693
100,7,7,89,0,0.23949876427650452,0.9000000000000004,0,0,0.05128205128205128
100,7,7,90,0,0.06543955951929092,0.9000000000000004,0,0,0.05128205128205128
100,7,7,91,0,0.060772936791181564,0.9000000000000004,0,0,0.05
100,7,7,95,0,0.06055525317788124,0.9000000000000004,0,0,0.045454545454545456
100,7,65,0,1,0.7182055115699768,0.9000000000000004,0,0,0.4878048780487805
100,7,65,117,1,0.06268879771232605,0.9000000000000004,0,0,0.07692307692307693
100,7,65,128,1,0.05614400655031204,0.9000000000000004,0,0,0.07692307692307693
100,7,65,134,1,0.1135159283876419,0.9000000000000004,0,0,0.2
100,7,65,146,1,0.17654244601726532,0.9000000000000004,0,0,0.3333333333333333
100,7,65,153,1,0.07536106556653976,0.9000000000000004,0,1,0.14285714285714285
100,7,65,157,1,0.24185048043727875,0.9000000000000004,0,0,0.3
100,7,65,158,1,0.08298175781965256,0.9000000000000004,0,0,0.1
100,7,65,159,1,0.07321759313344955,0.9000000000000004,0,0,0.1
100,7,65,160,1,0.37302225828170776,0.9000000000000004,0,0,0.2
100,7,65,161,1,0.07321759313344955,0.9000000000000004,0,0,0.1
100,7,65,162,1,0.07359477877616882,0.9000000000000004,0,0,0.1111111111111111
100,7,65,163,1,0.10226424783468246,0.9000000000000004,0,0,0.2222222222222222
100,7,65,164,1,0.10226424783468246,0.9000000000000004,0,0,0.2222222222222222
100,7,65,165,1,0.10435064136981964,0.9000000000000004,0,0,0.125
100,7,65,166,1,0.1463215947151184,0.9000000000000004,0,0,0.125
100,7,65,167,1,0.0743497684597969,0.9000000000000004,0,0,0.125
100,7,65,171,1,0.23415744304656982,0.9000000000000004,0,0,0.16666666666666666
100,7,65,172,1,0.107436902821064,0.9000000000000004,0,0,0.16666666666666666
100,7,65,173,1,0.17654244601726532,0.9000000000000004,0,0,0.3333333333333333
100,7,65,176,1,0.17654244601726532,0.9000000000000004,0,0,0.3333333333333333
100,7,65,177,1,0.17654244601726532,0.9000000000000004,0,0,0.3333333333333333
100,7,65,179,1,0.17654244601726532,0.9000000000000004,0,0,0.3333333333333333
100,7,65,180,1,0.32785308361053467,0.9000000000000004,0,0,0.6666666666666666
100,7,65,181,1,0.26941320300102234,0.9000000000000004,0,0,0.5
100,7,65,21,1,0.060976121574640274,0.9000000000000004,0,0,0.024390243902439025
100,7,65,22,1,0.23438890278339386,0.9000000000000004,0,0,0.21951219512195122
100,7,65,23,1,0.055441565811634064,0.9000000000000004,0,0,0.041666666666666664
100,7,65,25,1,0.10796754062175751,0.9000000000000004,0,0,0.08333333333333333
100,7,65,4,1,0.3796270489692688,0.9000000000000004,0,0,0.1951219512195122
100,7,65,50,1,0.0665907934308052,0.9000000000000004,0,0,0.024390243902439025
100,7,65,57,1,0.17779316008090973,0.9000000000000004,0,1,0.0975609756097561
100,7,65,58,1,0.06672188639640808,0.9000000000000004,0,0,0.024390243902439025
100,7,65,59,1,0.07206317782402039,0.9000000000000004,0,0,0.024390243902439025
100,7,65,61,1,0.06672188639640808,0.9000000000000004,0,0,0.024390243902439025
100,7,65,62,1,0.08857502043247223,0.9000000000000004,0,0,0.05
100,7,65,63,1,0.11110500991344452,0.9000000000000004,0,0,0.025
100,7,65,64,1,0.05573652312159538,0.9000000000000004,0,0,0.024390243902439025
100,7,65,66,1,0.05573652312159538,0.9000000000000004,0,0,0.024390243902439025
100,7,65,73,1,0.05492043495178223,0.9000000000000004,0,0,0.05
100,7,65,75,1,0.055429790169000626,0.9000000000000004,0,0,0.06666666666666667
100,7,65,76,1,0.05492043495178223,0.9000000000000004,0,0,0.05
100,7,65,77,1,0.2684019207954407,0.9000000000000004,0,0,0.3611111111111111
100,7,65,81,1,0.056601978838443756,0.9000000000000004,0,0,0.02702702702702703
100,7,65,82,1,0.05573972314596176,0.9000000000000004,0,0,0.037037037037037035
100,7,65,83,1,0.22866937518119812,0.9000000000000004,0,0,0.23076923076923078
100,7,65,84,1,0.13760361075401306,0.9000000000000004,0,0,0.06896551724137931
100,7,65,85,1,0.09424608200788498,0.9000000000000004,0,0,0.07894736842105263
100,7,65,86,1,0.056601978838443756,0.9000000000000004,0,0,0.02702702702702703
100,7,65,87,1,0.0659010037779808,0.9000000000000004,0,0,0.05405405405405406
100,7,65,88,1,0.16502711176872253,0.9000000000000004,0,0,0.07894736842105263
100,7,65,89,1,0.24243173003196716,0.9000000000000004,0,0,0.05263157894736842
100,7,65,90,1,0.06586001068353653,0.9000000000000004,0,0,0.05263157894736842
100,7,65,91,1,0.0609782412648201,0.9000000000000004,0,0,0.05
100,7,65,95,1,0.06085125356912613,0.9000000000000004,0,0,0.047619047619047616
101,9,9,0,0,0.6780157685279846,0.9000000000000004,0,0,0.3333333333333333
101,9,9,102,0,0.17487294971942902,0.9000000000000004,0,0,0.16666666666666666
101,9,9,103,0,0.22212491929531097,0.9000000000000004,0,0,0.16666666666666666
101,9,9,104,0,0.11601567268371582,0.9000000000000004,0,0,0.16666666666666666
101,9,9,114,0,0.16117051243782043,0.9000000000000004,0,0,0.2
101,9,9,115,0,0.16117051243782043,0.9000000000000004,0,0,0.2
101,9,9,116,0,0.16117051243782043,0.9000000000000004,0,0,0.2
101,9,9,125,0,0.18034885823726654,0.9000000000000004,0,0,0.3333333333333333
101,9,9,126,0,0.18034885823726654,0.9000000000000004,0,0,0.3333333333333333
101,9,9,127,0,0.12578466534614563,0.9000000000000004,0,0,0.3333333333333333
101,9,9,129,0,0.1849028468132019,0.9000000000000004,0,0,0.5
101,9,9,130,0,0.1849028468132019,0.9000000000000004,0,0,0.5
101,9,9,131,0,0.13845737278461456,0.9000000000000004,0,0,0.5
101,9,9,141,0,0.5111485719680786,0.9000000000000004,0,0,1.0
101,9,9,37,0,0.11446039378643036,0.9000000000000004,0,0,0.14285714285714285
101,9,9,4,0,0.4503936171531677,0.9000000000000004,0,0,0.2222222222222222
101,9,9,6,0,0.11802989989519119,0.9000000000000004,0,0,0.1111111111111111
101,9,9,8,0,0.11218933016061783,0.9000000000000004,0,0,0.1111111111111111
101,9,9,96,0,0.1329558789730072,0.9000000000000004,0,0,0.16666666666666666
101,9,9,97,0,0.1329558789730072,0.9000000000000004,0,0,0.16666666666666666
101,9,9,98,0,0.1329558789730072,0.9000000000000004,0,0,0.16666666666666666
102,193,193,157,0,0.6478734612464905,0.9000000000000004,0,1,1.0
102,193,193,213,0,0.5111398100852966,0.9000000000000004,0,0,1.0
103,215,215,100,0,0.7162137031555176,0.9000000000000004,0,0,1.0
103,215,215,194,0,0.6217629313468933,0.9000000000000004,0,1,1.0
104,89,89,0,0,0.40181252360343933,0.9000000000000004,0,0,0.2857142857142857
104,89,89,103,0,0.16224122047424316,0.9000000000000004,0,0,0.2
104,89,89,183,0,0.45323991775512695,0.9000000000000004,0,1,1.0
104,89,89,22,0,0.15018433332443237,0.9000000000000004,0,0,0.14285714285714285
104,89,89,23,0,0.08001372218132019,0.9000000000000004,0,0,0.16666666666666666
104,89,89,25,0,0.12026380002498627,0.9000000000000004,0,0,0.16666666666666666
104,89,89,4,0,0.24825303256511688,0.9000000000000004,0,0,0.14285714285714285
104,89,89,57,0,0.23718002438545227,0.9000000000000004,0,0,0.14285714285714285
104,89,89,62,0,0.12848976254463196,0.9000000000000004,0,0,0.2857142857142857
104,89,89,63,0,0.14480139315128326,0.9000000000000004,0,0,0.14285714285714285
104,89,89,65,0,0.5449963212013245,0.9000000000000004,0,0,0.2857142857142857
104,89,89,7,0,0.5566596984863281,0.9000000000000004,0,0,0.2857142857142857
104,89,89,77,0,0.15004469454288483,0.9000000000000004,0,0,0.16666666666666666
104,89,89,83,0,0.14590443670749664,0.9000000000000004,0,0,0.14285714285714285
104,89,89,85,0,0.11410468816757202,0.9000000000000004,0,0,0.2857142857142857
104,89,89,87,0,0.08717289566993713,0.9000000000000004,0,0,0.16666666666666666
104,89,89,88,0,0.3292849659919739,0.9000000000000004,0,0,0.5714285714285714
104,89,89,90,0,0.09508252888917923,0.9000000000000004,0,0,0.2857142857142857
105,65,65,0,0,0.5481038093566895,0.9000000000000004,0,0,0.47619047619047616
105,65,65,117,0,0.06596330553293228,0.9000000000000004,0,0,0.07142857142857142
105,65,65,128,0,0.05852240324020386,0.9000000000000004,0,0,0.07142857142857142
105,65,65,134,0,0.0927497074007988,0.9000000000000004,0,0,0.16666666666666666
105,65,65,146,0,0.10933419317007065,0.9000000000000004,0,0,0.25
105,65,65,153,0,0.17116385698318481,0.9000000000000004,0,0,0.25
105,65,65,157,0,0.2576681077480316,0.9000000000000004,0,0,0.2727272727272727
105,65,65,158,0,0.08353164047002792,0.9000000000000004,0,0,0.09090909090909091
105,65,65,159,0,0.0737801045179367,0.9000000000000004,0,0,0.09090909090909091
105,65,65,160,0,0.19662362337112427,0.9000000000000004,0,0,0.18181818181818182
105,65,65,161,0,0.0737801045179367,0.9000000000000004,0,0,0.09090909090909091
105,65,65,162,0,0.07408396899700165,0.9000000000000004,0,0,0.1
105,65,65,163,0,0.0962451919913292,0.9000000000000004,0,0,0.2
105,65,65,164,0,0.10069804638624191,0.9000000000000004,0,0,0.2
105,65,65,165,0,0.10112390667200089,0.9000000000000004,0,0,0.1111111111111111
105,65,65,166,0,0.12574385106563568,0.9000000000000004,0,0,0.1111111111111111
105,65,65,167,0,0.07464035600423813,0.9000000000000004,0,0,0.1111111111111111
105,65,65,171,0,0.15362823009490967,0.9000000000000004,0,0,0.14285714285714285
105,65,65,172,0,0.09956350177526474,0.9000000000000004,0,0,0.14285714285714285
105,65,65,173,0,0.10933419317007065,0.9000000000000004,0,0,0.25
105,65,65,176,0,0.10933419317007065,0.9000000000000004,0,1,0.25
105,65,65,177,0,0.10933419317007065,0.9000000000000004,0,1,0.25
105,65,65,179,0,0.10933419317007065,0.9000000000000004,0,0,0.25
105,65,65,180,0,0.18516284227371216,0.9000000000000004,0,0,0.5
105,65,65,181,0,0.1670905500650406,0.9000000000000004,0,0,0.4
105,65,65,21,0,0.062375541776418686,0.9000000000000004,0,0,0.023809523809523808
105,65,65,22,0,0.228126659989357,0.9000000000000004,0,0,0.21428571428571427
105,65,65,23,0,0.05676114559173584,0.9000000000000004,0,0,0.04
105,65,65,25,0,0.10208136588335037,0.9000000000000004,0,0,0.08
105,65,65,4,0,0.3451829254627228,0.9000000000000004,0,0,0.19047619047619047
105,65,65,50,0,0.06816033273935318,0.9000000000000004,0,0,0.023809523809523808
105,65,65,57,0,0.38305819034576416,0.9000000000000004,0,0,0.11904761904761904
105,65,65,58,0,0.06828421354293823,0.9000000000000004,0,0,0.023809523809523808
105,65,65,59,0,0.07370901852846146,0.9000000000000004,0,0,0.023809523809523808
105,65,65,61,0,0.06828421354293823,0.9000000000000004,0,0,0.023809523809523808
105,65,65,62,0,0.09199204295873642,0.9000000000000004,0,0,0.04878048780487805
105,65,65,63,0,0.09855929017066956,0.9000000000000004,0,0,0.024390243902439025
105,65,65,64,0,0.05641764774918556,0.9000000000000004,0,0,0.023809523809523808
105,65,65,66,0,0.05641764774918556,0.9000000000000004,0,0,0.023809523809523808
105,65,65,7,0,0.8814364671707153,0.9000000000000004,0,1,1.0
105,65,65,73,0,0.05644028261303902,0.9000000000000004,0,0,0.047619047619047616
105,65,65,75,0,0.05758797377347946,0.9000000000000004,0,0,0.0625
105,65,65,76,0,0.05644028261303902,0.9000000000000004,0,0,0.047619047619047616
105,65,65,77,0,0.25921639800071716,0.9000000000000004,0,0,0.35135135135135137
105,65,65,81,0,0.057704705744981766,0.9000000000000004,0,0,0.02631578947368421
105,65,65,82,0,0.05699798837304115,0.9000000000000004,0,0,0.03571428571428571
105,65,65,83,0,0.22336429357528687,0.9000000000000004,0,0,0.225
105,65,65,84,0,0.1290738582611084,0.9000000000000004,0,0,0.06666666666666667
105,65,65,85,0,0.09625187516212463,0.9000000000000004,0,0,0.07692307692307693
105,65,65,86,0,0.057704705744981766,0.9000000000000004,0,0,0.02631578947368421
105,65,65,87,0,0.06814650446176529,0.9000000000000004,0,0,0.05263157894736842
105,65,65,88,0,0.15354527533054352,0.9000000000000004,0,0,0.07692307692307693
105,65,65,89,0,0.24308978021144867,0.9000000000000004,0,0,0.05128205128205128
105,65,65,90,0,0.06810835003852844,0.9000000000000004,0,0,0.05128205128205128
105,65,65,91,0,0.06382118165493011,0.9000000000000004,0,0,0.047619047619047616
105,65,65,95,0,0.06286513060331345,0.9000000000000004,0,0,0.045454545454545456
106,178,178,176,0,0.6663784384727478,0.9000000000000004,0,1,1.0
106,178,178,177,0,0.6663784384727478,0.9000000000000004,0,1,1.0
106,178,178,198,0,0.6047852039337158,0.9000000000000004,0,0,1.0
106,178,178,65,0,0.833409309387207,0.9000000000000004,0,1,1.0
106,178,178,7,0,0.8342943787574768,0.9000000000000004,0,1,1.0
107,0,0,1,0,0.06038390100002289,0.9000000000000004,0,0,0.02702702702702703
107,0,0,10,0,0.06057314574718475,0.9000000000000004,0,0,0.027777777777777776
107,0,0,100,0,0.12329981476068497,0.9000000000000004,0,0,0.05263157894736842
107,0,0,101,0,0.06357333809137344,0.9000000000000004,0,0,0.05263157894736842
107,0,0,102,0,0.10001222789287567,0.9000000000000004,0,0,0.05555555555555555
107,0,0,11,0,0.06057314574718475,0.9000000000000004,0,0,0.027777777777777776
107,0,0,114,0,0.09014531224966049,0.9000000000000004,0,0,0.058823529411764705
107,0,0,115,0,0.09014531224966049,0.9000000000000004,0,0,0.058823529411764705
107,0,0,116,0,0.09014531224966049,0.9000000000000004,0,0,0.058823529411764705
107,0,0,117,0,0.22705113887786865,0.9000000000000004,0,0,0.15384615384615385
107,0,0,12,0,0.07254128903150558,0.9000000000000004,0,0,0.027777777777777776
107,0,0,125,0,0.09508462250232697,0.9000000000000004,0,0,0.07142857142857142
107,0,0,126,0,0.09508462250232697,0.9000000000000004,0,0,0.07142857142857142
107,0,0,127,0,0.06727246940135956,0.9000000000000004,0,0,0.07142857142857142
107,0,0,128,0,0.06884437054395676,0.9000000000000004,0,0,0.07692307692307693
107,0,0,129,0,0.09287278354167938,0.9000000000000004,0,0,0.09090909090909091
107,0,0,130,0,0.09287278354167938,0.9000000000000004,0,0,0.09090909090909091
107,0,0,131,0,0.06975794583559036,0.9000000000000004,0,0,0.09090909090909091
107,0,0,132,0,0.07000953704118729,0.9000000000000004,0,0,0.1
107,0,0,137,0,0.08642789721488953,0.9000000000000004,0,0,0.125
107,0,0,156,0,0.09076353907585144,0.9000000000000004,0,0,0.14285714285714285
107,0,0,157,0,0.39598023891448975,0.9000000000000004,0,0,0.5714285714285714
107,0,0,158,0,0.12671414017677307,0.9000000000000004,0,0,0.2857142857142857
107,0,0,159,0,0.09288900345563889,0.9000000000000004,0,0,0.16666666666666666
107,0,0,160,0,0.16343694925308228,0.9000000000000004,0,0,0.16666666666666666
107,0,0,161,0,0.09288900345563889,0.9000000000000004,0,0,0.16666666666666666
107,0,0,162,0,0.09486264735460281,0.9000000000000004,0,0,0.2
107,0,0,163,0,0.13725203275680542,0.9000000000000004,0,0,0.4
107,0,0,164,0,0.13725203275680542,0.9000000000000004,0,0,0.4
107,0,0,165,0,0.12947458028793335,0.9000000000000004,0,0,0.25
107,0,0,166,0,0.1545129418373108,0.9000000000000004,0,0,0.25
107,0,0,167,0,0.09798450022935867,0.9000000000000004,0,0,0.25
107,0,0,170,0,0.10587911307811737,0.9000000000000004,0,0,0.3333333333333333
107,0,0,171,0,0.178015798330307,0.9000000000000004,0,0,0.3333333333333333
107,0,0,172,0,0.126608744263649,0.9000000000000004,0,0,0.3333333333333333
107,0,0,199,0,0.18164458870887756,0.9000000000000004,0,0,1.0
107,0,0,2,0,0.06038390100002289,0.9000000000000004,0,0,0.02702702702702703
107,0,0,21,0,0.06737370043992996,0.9000000000000004,0,0,0.02857142857142857
107,0,0,22,0,0.1762358546257019,0.9000000000000004,0,0,0.17142857142857143
107,0,0,23,0,0.06355588138103485,0.9000000000000004,0,0,0.043478260869565216
107,0,0,25,0,0.09407056868076324,0.9000000000000004,0,0,0.043478260869565216
107,0,0,3,0,0.06038390100002289,0.9000000000000004,0,0,0.02702702702702703
107,0,0,38,0,0.0619376115500927,0.9000000000000004,0,0,0.03125
107,0,0,4,0,0.4332571029663086,0.9000000000000004,0,0,0.2702702702702703
107,0,0,5,0,0.06038390100002289,0.9000000000000004,0,0,0.02702702702702703
107,0,0,50,0,0.07707282900810242,0.9000000000000004,0,0,0.05714285714285714
107,0,0,52,0,0.0773371085524559,0.9000000000000004,0,0,0.058823529411764705
107,0,0,57,0,0.2827630937099457,0.9000000000000004,0,1,0.14285714285714285
107,0,0,58,0,0.07725463807582855,0.9000000000000004,0,0,0.05714285714285714
107,0,0,59,0,0.08226002752780914,0.9000000000000004,0,0,0.05714285714285714
107,0,0,6,0,0.06586992740631104,0.9000000000000004,0,0,0.02702702702702703
107,0,0,60,0,0.06766462326049805,0.9000000000000004,0,0,0.029411764705882353
107,0,0,61,0,0.07725463807582855,0.9000000000000004,0,0,0.05714285714285714
107,0,0,62,0,0.09724240750074387,0.9000000000000004,0,0,0.058823529411764705
107,0,0,63,0,0.11631270498037338,0.9000000000000004,0,0,0.058823529411764705
107,0,0,64,0,0.0616697259247303,0.9000000000000004,0,0,0.02857142857142857
107,0,0,65,0,0.829024612903595,0.9000000000000004,0,1,0.5714285714285714
107,0,0,66,0,0.0616697259247303,0.9000000000000004,0,0,0.02857142857142857
107,0,0,67,0,0.0619376115500927,0.9000000000000004,0,0,0.03125
107,0,0,7,0,0.833935558795929,0.9000000000000004,0,1,0.5945945945945946
107,0,0,73,0,0.06355653703212738,0.9000000000000004,0,0,0.05
107,0,0,76,0,0.06355653703212738,0.9000000000000004,0,0,0.05
107,0,0,77,0,0.21015189588069916,0.9000000000000004,0,0,0.25
107,0,0,81,0,0.06390833109617233,0.9000000000000004,0,0,0.034482758620689655
107,0,0,83,0,0.17197617888450623,0.9000000000000004,0,0,0.16129032258064516
107,0,0,84,0,0.11145243793725967,0.9000000000000004,0,0,0.041666666666666664
107,0,0,85,0,0.09676835685968399,0.9000000000000004,0,0,0.1
107,0,0,86,0,0.06390833109617233,0.9000000000000004,0,0,0.034482758620689655
107,0,0,87,0,0.19660992920398712,0.9000000000000004,0,0,0.06896551724137931
107,0,0,88,0,0.12676402926445007,0.9000000000000004,0,0,0.06666666666666667
107,0,0,89,0,0.20680679380893707,0.9000000000000004,0,0,0.06666666666666667
107,0,0,9,0,0.24860107898712158,0.9000000000000004,0,0,0.08333333333333333
107,0,0,90,0,0.07382648438215256,0.9000000000000004,0,0,0.06666666666666667
107,0,0,95,0,0.06987930089235306,0.9000000000000004,0,0,0.045454545454545456
107,0,0,96,0,0.07093621790409088,0.9000000000000004,0,0,0.047619047619047616
107,0,0,97,0,0.07093621790409088,0.9000000000000004,0,0,0.047619047619047616
107,0,0,98,0,0.07093621790409088,0.9000000000000004,0,0,0.047619047619047616
107,0,0,99,0,0.0714791938662529,0.9000000000000004,0,0,0.05263157894736842
108,176,176,117,0,0.3564159870147705,0.9000000000000004,0,1,0.3333333333333333
108,176,176,146,0,0.13561877608299255,0.9000000000000004,0,0,0.3333333333333333
108,176,176,147,0,0.3980577290058136,0.9000000000000004,0,0,1.0
108,176,176,153,0,0.3568718433380127,0.9000000000000004,0,0,0.3333333333333333
108,176,176,173,0,0.13561877608299255,0.9000000000000004,0,0,0.3333333333333333
108,176,176,175,0,0.3980577290058136,0.9000000000000004,0,0,1.0
108,176,176,177,0,0.6782236099243164,0.9000000000000004,0,0,1.0
108,176,176,178,0,0.5595209002494812,0.9000000000000004,0,1,1.0
108,176,176,179,0,0.13561877608299255,0.9000000000000004,0,0,0.3333333333333333
108,176,176,180,0,0.15652307868003845,0.9000000000000004,0,0,0.3333333333333333
108,176,176,181,0,0.15495528280735016,0.9000000000000004,0,1,0.3333333333333333
108,176,176,198,0,0.2264150232076645,0.9000000000000004,0,0,0.5
108,176,176,65,0,0.9081804752349854,0.9000000000000004,1,1,1.0
108,176,176,7,0,0.9097504615783691,0.9000000000000004,1,1,1.0
108,176,176,87,0,0.35627543926239014,0.9000000000000004,0,0,0.3333333333333333
108,176,7,0,1,0.7818245887756348,0.9000000000000004,0,1,0.4791666666666667
108,176,7,1,1,0.05371309071779251,0.9000000000000004,0,0,0.020833333333333332
108,176,7,117,1,0.1796882450580597,0.9000000000000004,0,1,0.11764705882352941
108,176,7,128,1,0.054551899433135986,0.9000000000000004,0,0,0.058823529411764705
108,176,7,134,1,0.06956695765256882,0.9000000000000004,0,0,0.1111111111111111
108,176,7,146,1,0.07239042967557907,0.9000000000000004,0,0,0.14285714285714285
108,176,7,147,1,0.15414367616176605,0.9000000000000004,0,0,0.5
108,176,7,153,1,0.23113594949245453,0.9000000000000004,0,0,0.2727272727272727
108,176,7,157,1,0.16470830142498016,0.9000000000000004,0,0,0.21428571428571427
108,176,7,158,1,0.07056377083063126,0.9000000000000004,0,0,0.07142857142857142
108,176,7,159,1,0.06385358422994614,0.9000000000000004,0,0,0.07142857142857142
108,176,7,160,1,0.12212511152029037,0.9000000000000004,0,0,0.14285714285714285
108,176,7,161,1,0.06385358422994614,0.9000000000000004,0,0,0.07142857142857142
108,176,7,162,1,0.06387724727392197,0.9000000000000004,0,0,0.07692307692307693
108,176,7,163,1,0.078485406935215,0.9000000000000004,0,0,0.15384615384615385
108,176,7,164,1,0.078485406935215,0.9000000000000004,0,0,0.15384615384615385
108,176,7,165,1,0.08066470175981522,0.9000000000000004,0,0,0.08333333333333333
108,176,7,166,1,0.09386707097291946,0.9000000000000004,0,0,0.08333333333333333
108,176,7,167,1,0.0640207976102829,0.9000000000000004,0,0,0.08333333333333333
108,176,7,171,1,0.10167782753705978,0.9000000000000004,0,0,0.1
108,176,7,172,1,0.07479871064424515,0.9000000000000004,0,0,0.1
108,176,7,173,1,0.07239042967557907,0.9000000000000004,0,0,0.14285714285714285
108,176,7,175,1,0.15414367616176605,0.9000000000000004,0,0,0.5
108,176,7,177,1,0.2713063359260559,0.9000000000000004,0,0,0.42857142857142855
108,176,7,178,1,0.24928654730319977,0.9000000000000004,0,1,0.6666666666666666
108,176,7,179,1,0.07239042967557907,0.9000000000000004,0,0,0.14285714285714285
108,176,7,180,1,0.10538740456104279,0.9000000000000004,0,0,0.2857142857142857
108,176,7,181,1,0.09621363133192062,0.9000000000000004,0,1,0.25
108,176,7,198,1,0.11765094101428986,0.9000000000000004,0,0,0.3333333333333333
108,176,7,2,1,0.05371309071779251,0.9000000000000004,0,0,0.020833333333333332
108,176,7,21,1,0.05849575623869896,0.9000000000000004,0,0,0.02127659574468085
108,176,7,22,1,0.181637704372406,0.9000000000000004,0,0,0.19148936170212766
108,176,7,23,1,0.05397798866033554,0.9000000000000004,0,0,0.034482758620689655
108,176,7,25,1,0.0784720927476883,0.9000000000000004,0,0,0.06896551724137931
108,176,7,3,1,0.05371309071779251,0.9000000000000004,0,0,0.020833333333333332
108,176,7,4,1,0.2808752655982971,0.9000000000000004,0,0,0.20833333333333334
108,176,7,5,1,0.05371309071779251,0.9000000000000004,0,0,0.020833333333333332
108,176,7,50,1,0.06289097666740417,0.9000000000000004,0,0,0.02127659574468085
108,176,7,57,1,0.5001628994941711,0.9000000000000004,0,0,0.1276595744680851
108,176,7,58,1,0.06299915909767151,0.9000000000000004,0,0,0.02127659574468085
108,176,7,59,1,0.06713560968637466,0.9000000000000004,0,0,0.02127659574468085
108,176,7,6,1,0.058031369000673294,0.9000000000000004,0,0,0.020833333333333332
108,176,7,61,1,0.06299915909767151,0.9000000000000004,0,0,0.02127659574468085
108,176,7,62,1,0.07969307154417038,0.9000000000000004,0,0,0.043478260869565216
108,176,7,63,1,0.08331412822008133,0.9000000000000004,0,0,0.021739130434782608
108,176,7,64,1,0.054126814007759094,0.9000000000000004,0,0,0.02127659574468085
108,176,7,66,1,0.054126814007759094,0.9000000000000004,0,0,0.02127659574468085
108,176,7,73,1,0.05354619771242142,0.9000000000000004,0,0,0.041666666666666664
108,176,7,75,1,0.054037291556596756,0.9000000000000004,0,0,0.05263157894736842
108,176,7,76,1,0.05354619771242142,0.9000000000000004,0,0,0.041666666666666664
108,176,7,77,1,0.2063276767730713,0.9000000000000004,0,0,0.3170731707317073
108,176,7,81,1,0.0549689382314682,0.9000000000000004,0,0,0.023809523809523808
108,176,7,82,1,0.054239701479673386,0.9000000000000004,0,0,0.03125
108,176,7,83,1,0.18414631485939026,0.9000000000000004,0,0,0.22727272727272727
108,176,7,84,1,0.09563832730054855,0.9000000000000004,0,0,0.058823529411764705
108,176,7,85,1,0.08403051644563675,0.9000000000000004,0,0,0.06976744186046512
108,176,7,86,1,0.0549689382314682,0.9000000000000004,0,0,0.023809523809523808
108,176,7,87,1,0.18803037703037262,0.9000000000000004,0,0,0.07142857142857142
108,176,7,88,1,0.11247284710407257,0.9000000000000004,0,0,0.06976744186046512
108,176,7,89,1,0.153543159365654,0.9000000000000004,0,0,0.046511627906976744
108,176,7,90,1,0.0624755434691906,0.9000000000000004,0,0,0.046511627906976744
108,176,7,91,1,0.05862778052687645,0.9000000000000004,0,0,0.041666666666666664
108,176,7,95,1,0.058422673493623734,0.9000000000000004,0,0,0.038461538461538464
108,176,65,0,1,0.7773194909095764,0.9000000000000004,0,1,0.4666666666666667
108,176,65,117,1,0.18051019310951233,0.9000000000000004,0,1,0.11764705882352941
108,176,65,128,1,0.05455206334590912,0.9000000000000004,0,0,0.058823529411764705
108,176,65,134,1,0.06965101510286331,0.9000000000000004,0,0,0.1111111111111111
108,176,65,146,1,0.07226435095071793,0.9000000000000004,0,0,0.14285714285714285
108,176,65,147,1,0.1544950306415558,0.9000000000000004,0,0,0.5
108,176,65,153,1,0.23244044184684753,0.9000000000000004,0,0,0.2727272727272727
108,176,65,157,1,0.16580365598201752,0.9000000000000004,0,0,0.21428571428571427
108,176,65,158,1,0.07077112793922424,0.9000000000000004,0,0,0.07142857142857142
108,176,65,159,1,0.06402138620615005,0.9000000000000004,0,0,0.07142857142857142
108,176,65,160,1,0.12213418632745743,0.9000000000000004,0,0,0.14285714285714285
108,176,65,161,1,0.06402138620615005,0.9000000000000004,0,0,0.07142857142857142
108,176,65,162,1,0.06404117494821548,0.9000000000000004,0,0,0.07692307692307693
108,176,65,163,1,0.07870857417583466,0.9000000000000004,0,0,0.15384615384615385
108,176,65,164,1,0.07870857417583466,0.9000000000000004,0,0,0.15384615384615385
108,176,65,165,1,0.08091440796852112,0.9000000000000004,0,0,0.08333333333333333
108,176,65,166,1,0.09422990679740906,0.9000000000000004,0,0,0.08333333333333333
108,176,65,167,1,0.06418134272098541,0.9000000000000004,0,0,0.08333333333333333
108,176,65,171,1,0.10207883268594742,0.9000000000000004,0,0,0.1
108,176,65,172,1,0.07496170699596405,0.9000000000000004,0,0,0.1
108,176,65,173,1,0.07226435095071793,0.9000000000000004,0,0,0.14285714285714285
108,176,65,175,1,0.1544950306415558,0.9000000000000004,0,0,0.5
108,176,65,177,1,0.27302291989326477,0.9000000000000004,0,0,0.42857142857142855
108,176,65,178,1,0.2510434091091156,0.9000000000000004,0,1,0.6666666666666666
108,176,65,179,1,0.07226435095071793,0.9000000000000004,0,0,0.14285714285714285
108,176,65,180,1,0.10524693131446838,0.9000000000000004,0,0,0.2857142857142857
108,176,65,181,1,0.09621228277683258,0.9000000000000004,0,1,0.25
108,176,65,198,1,0.11765379458665848,0.9000000000000004,0,0,0.3333333333333333
108,176,65,21,1,0.05858773738145828,0.9000000000000004,0,0,0.022222222222222223
108,176,65,22,1,0.18379518389701843,0.9000000000000004,0,0,0.2
108,176,65,23,1,0.05404290929436684,0.9000000000000004,0,0,0.03571428571428571
108,176,65,25,1,0.07867788523435593,0.9000000000000004,0,0,0.07142857142857142
108,176,65,4,1,0.26692402362823486,0.9000000000000004,0,0,0.17777777777777778
108,176,65,50,1,0.06301688402891159,0.9000000000000004,0,0,0.022222222222222223
108,176,65,57,1,0.5052968859672546,0.9000000000000004,0,0,0.13333333333333333
108,176,65,58,1,0.06312533468008041,0.9000000000000004,0,0,0.022222222222222223
108,176,65,59,1,0.06727861613035202,0.9000000000000004,0,0,0.022222222222222223
108,176,65,61,1,0.06312533468008041,0.9000000000000004,0,0,0.022222222222222223
108,176,65,62,1,0.07994337379932404,0.9000000000000004,0,0,0.045454545454545456
108,176,65,63,1,0.08376473933458328,0.9000000000000004,0,0,0.022727272727272728
108,176,65,64,1,0.054206978529691696,0.9000000000000004,0,0,0.022222222222222223
108,176,65,66,1,0.054206978529691696,0.9000000000000004,0,0,0.022222222222222223
108,176,65,73,1,0.05358413979411125,0.9000000000000004,0,0,0.041666666666666664
108,176,65,75,1,0.05404866114258766,0.9000000000000004,0,0,0.05263157894736842
108,176,65,76,1,0.05358413979411125,0.9000000000000004,0,0,0.041666666666666664
108,176,65,77,1,0.20886553823947906,0.9000000000000004,0,0,0.325
108,176,65,81,1,0.05503829941153526,0.9000000000000004,0,0,0.024390243902439025
108,176,65,82,1,0.054305218160152435,0.9000000000000004,0,0,0.03225806451612903
108,176,65,83,1,0.17904435098171234,0.9000000000000004,0,0,0.20930232558139536
108,176,65,84,1,0.09605904668569565,0.9000000000000004,0,0,0.06060606060606061
108,176,65,85,1,0.08435864001512527,0.9000000000000004,0,0,0.07142857142857142
108,176,65,86,1,0.05503829941153526,0.9000000000000004,0,0,0.024390243902439025
108,176,65,87,1,0.18921801447868347,0.9000000000000004,0,0,0.07317073170731707
108,176,65,88,1,0.11310652643442154,0.9000000000000004,0,0,0.07142857142857142
108,176,65,89,1,0.15473641455173492,0.9000000000000004,0,0,0.047619047619047616
108,176,65,90,1,0.06260880827903748,0.9000000000000004,0,0,0.047619047619047616
108,176,65,91,1,0.058641593903303146,0.9000000000000004,0,0,0.041666666666666664
108,176,65,95,1,0.058499548584222794,0.9000000000000004,0,0,0.04
109,0,0,1,0,0.0520813912153244,0.9000000000000004,0,0,0.02564102564102564
109,0,0,10,0,0.05204688012599945,0.9000000000000004,0,0,0.02631578947368421
109,0,0,100,0,0.08223433047533035,0.9000000000000004,0,0,0.047619047619047616
109,0,0,101,0,0.05130106955766678,0.9000000000000004,0,0,0.047619047619047616
109,0,0,102,0,0.07223210483789444,0.9000000000000004,0,0,0.05
109,0,0,11,0,0.05204688012599945,0.9000000000000004,0,0,0.02631578947368421
109,0,0,114,0,0.06589804589748383,0.9000000000000004,0,0,0.05263157894736842
109,0,0,115,0,0.06589804589748383,0.9000000000000004,0,0,0.05263157894736842
109,0,0,116,0,0.06589804589748383,0.9000000000000004,0,0,0.05263157894736842
109,0,0,117,0,0.24564357101917267,0.9000000000000004,0,0,0.2
109,0,0,12,0,0.06183784082531929,0.9000000000000004,0,0,0.02631578947368421
109,0,0,125,0,0.06608081609010696,0.9000000000000004,0,0,0.0625
109,0,0,126,0,0.06608081609010696,0.9000000000000004,0,0,0.0625
109,0,0,127,0,0.05131339654326439,0.9000000000000004,0,0,0.0625
109,0,0,128,0,0.0517294704914093,0.9000000000000004,0,0,0.06666666666666667
109,0,0,129,0,0.06422081589698792,0.9000000000000004,0,0,0.07692307692307693
109,0,0,130,0,0.06422081589698792,0.9000000000000004,0,0,0.07692307692307693
109,0,0,131,0,0.05187796428799629,0.9000000000000004,0,0,0.07692307692307693
109,0,0,132,0,0.05186460539698601,0.9000000000000004,0,0,0.08333333333333333
109,0,0,137,0,0.05769057944417,0.9000000000000004,0,0,0.1
109,0,0,152,0,0.2203025221824646,0.9000000000000004,0,0,1.0
109,0,0,156,0,0.05886330083012581,0.9000000000000004,0,0,0.1111111111111111
109,0,0,157,0,0.19626908004283905,0.9000000000000004,0,0,0.4444444444444444
109,0,0,158,0,0.07394014298915863,0.9000000000000004,0,0,0.2222222222222222
109,0,0,159,0,0.058907441794872284,0.9000000000000004,0,0,0.125
109,0,0,160,0,0.0912214070558548,0.9000000000000004,0,0,0.125
109,0,0,161,0,0.058907441794872284,0.9000000000000004,0,0,0.125
109,0,0,162,0,0.059225499629974365,0.9000000000000004,0,0,0.14285714285714285
109,0,0,163,0,0.0798812285065651,0.9000000000000004,0,0,0.2857142857142857
109,0,0,164,0,0.0798812285065651,0.9000000000000004,0,0,0.2857142857142857
109,0,0,165,0,0.07616380602121353,0.9000000000000004,0,0,0.16666666666666666
109,0,0,166,0,0.08758655190467834,0.9000000000000004,0,0,0.16666666666666666
109,0,0,167,0,0.05985505133867264,0.9000000000000004,0,0,0.16666666666666666
109,0,0,170,0,0.060985904186964035,0.9000000000000004,0,0,0.2
109,0,0,171,0,0.09339673072099686,0.9000000000000004,0,0,0.2
109,0,0,172,0,0.07033094018697739,0.9000000000000004,0,0,0.2
109,0,0,176,0,0.2558096945285797,0.9000000000000004,0,0,0.5
109,0,0,178,0,0.22466473281383514,0.9000000000000004,0,0,0.5
109,0,0,181,0,0.22469083964824677,0.9000000000000004,0,0,0.5
109,0,0,182,0,0.2203025221824646,0.9000000000000004,0,0,1.0
109,0,0,199,0,0.06897924840450287,0.9000000000000004,0,0,0.3333333333333333
109,0,0,2,0,0.0520813912153244,0.9000000000000004,0,0,0.02564102564102564
109,0,0,21,0,0.05691400542855263,0.9000000000000004,0,0,0.02702702702702703
109,0,0,22,0,0.15586496889591217,0.9000000000000004,0,0,0.16216216216216217
109,0,0,23,0,0.051912885159254074,0.9000000000000004,0,0,0.04
109,0,0,25,0,0.06928256899118423,0.9000000000000004,0,0,0.04
109,0,0,3,0,0.0520813912153244,0.9000000000000004,0,0,0.02564102564102564
109,0,0,38,0,0.148753821849823,0.9000000000000004,0,0,0.058823529411764705
109,0,0,4,0,0.350320041179657,0.9000000000000004,0,0,0.2564102564102564
109,0,0,5,0,0.0520813912153244,0.9000000000000004,0,0,0.02564102564102564
109,0,0,50,0,0.06601853668689728,0.9000000000000004,0,0,0.05405405405405406
109,0,0,52,0,0.06598721444606781,0.9000000000000004,0,0,0.05555555555555555
109,0,0,57,0,0.3882579505443573,0.9000000000000004,0,0,0.16216216216216217
109,0,0,58,0,0.06612847745418549,0.9000000000000004,0,0,0.05405405405405406
109,0,0,59,0,0.07104793936014175,0.9000000000000004,0,0,0.05405405405405406
109,0,0,6,0,0.05664307251572609,0.9000000000000004,0,0,0.02564102564102564
109,0,0,60,0,0.05700701102614403,0.9000000000000004,0,0,0.027777777777777776
109,0,0,61,0,0.06612847745418549,0.9000000000000004,0,0,0.05405405405405406
109,0,0,62,0,0.07978474348783493,0.9000000000000004,0,0,0.05555555555555555
109,0,0,63,0,0.08403099328279495,0.9000000000000004,0,0,0.05555555555555555
109,0,0,64,0,0.052383340895175934,0.9000000000000004,0,0,0.02702702702702703
109,0,0,65,0,0.8652990460395813,0.9000000000000004,0,0,0.5945945945945946
109,0,0,66,0,0.052383340895175934,0.9000000000000004,0,0,0.02702702702702703
109,0,0,67,0,0.05231573432683945,0.9000000000000004,0,0,0.029411764705882353
109,0,0,7,0,0.8704267144203186,0.9000000000000004,0,0,0.6153846153846154
109,0,0,73,0,0.05143791064620018,0.9000000000000004,0,0,0.045454545454545456
109,0,0,76,0,0.05143791064620018,0.9000000000000004,0,0,0.045454545454545456
109,0,0,77,0,0.16380444169044495,0.9000000000000004,0,0,0.23333333333333334
109,0,0,81,0,0.052947916090488434,0.9000000000000004,0,0,0.03225806451612903
109,0,0,83,0,0.1449177861213684,0.9000000000000004,0,0,0.15151515151515152
109,0,0,84,0,0.08239085227251053,0.9000000000000004,0,0,0.038461538461538464
109,0,0,85,0,0.08226274698972702,0.9000000000000004,0,0,0.09375
109,0,0,86,0,0.052947916090488434,0.9000000000000004,0,0,0.03225806451612903
109,0,0,87,0,0.1077415943145752,0.9000000000000004,0,0,0.06451612903225806
109,0,0,88,0,0.09519398212432861,0.9000000000000004,0,0,0.0625
109,0,0,89,0,0.13824866712093353,0.9000000000000004,0,0,0.0625
109,0,0,9,0,0.41891396045684814,0.9000000000000004,0,0,0.10526315789473684
109,0,0,90,0,0.060631293803453445,0.9000000000000004,0,0,0.0625
109,0,0,95,0,0.056404419243335724,0.9000000000000004,0,0,0.041666666666666664
109,0,0,96,0,0.056868236511945724,0.9000000000000004,0,0,0.043478260869565216
109,0,0,97,0,0.056868236511945724,0.9000000000000004,0,0,0.043478260869565216
109,0,0,98,0,0.056868236511945724,0.9000000000000004,0,0,0.043478260869565216
109,0,0,99,0,0.05678242817521095,0.9000000000000004,0,0,0.047619047619047616
110,9,9,0,0,0.82480388879776,0.9000000000000004,0,0,0.36363636363636365
110,9,9,102,0,0.14126990735530853,0.9000000000000004,0,0,0.125
110,9,9,103,0,0.15487529337406158,0.9000000000000004,0,0,0.125
110,9,9,104,0,0.10812226682901382,0.9000000000000004,0,0,0.125
110,9,9,114,0,0.1328960806131363,0.9000000000000004,0,0,0.14285714285714285
110,9,9,115,0,0.1328960806131363,0.9000000000000004,0,0,0.14285714285714285
110,9,9,116,0,0.1328960806131363,0.9000000000000004,0,0,0.14285714285714285
110,9,9,117,0,0.30856236815452576,0.9000000000000004,0,0,0.25
110,9,9,125,0,0.1362433135509491,0.9000000000000004,0,0,0.2
110,9,9,126,0,0.1362433135509491,0.9000000000000004,0,0,0.2
110,9,9,127,0,0.11093918979167938,0.9000000000000004,0,0,0.2
110,9,9,129,0,0.13532628118991852,0.9000000000000004,0,0,0.25
110,9,9,130,0,0.13532628118991852,0.9000000000000004,0,0,0.25
110,9,9,131,0,0.11415673792362213,0.9000000000000004,0,0,0.25
110,9,9,141,0,0.1678379476070404,0.9000000000000004,0,0,0.3333333333333333
110,9,9,144,0,0.15327204763889313,0.9000000000000004,0,0,0.5
110,9,9,152,0,0.34327173233032227,0.9000000000000004,0,0,1.0
110,9,9,176,0,0.3826320767402649,0.9000000000000004,0,0,0.5
110,9,9,178,0,0.49039363861083984,0.9000000000000004,0,1,1.0
110,9,9,181,0,0.3379046320915222,0.9000000000000004,0,0,0.5
110,9,9,182,0,0.34327173233032227,0.9000000000000004,0,0,1.0
110,9,9,218,0,0.15327204763889313,0.9000000000000004,0,0,0.5
110,9,9,219,0,0.15327204763889313,0.9000000000000004,0,0,0.5
110,9,9,220,0,0.15327204763889313,0.9000000000000004,0,0,0.5
110,9,9,221,0,0.15327204763889313,0.9000000000000004,0,0,0.5
110,9,9,222,0,0.15327204763889313,0.9000000000000004,0,0,0.5
110,9,9,223,0,0.15327204763889313,0.9000000000000004,0,0,0.5
110,9,9,224,0,0.15327204763889313,0.9000000000000004,0,0,0.5
110,9,9,37,0,0.10874960571527481,0.9000000000000004,0,0,0.1111111111111111
110,9,9,38,0,0.21813617646694183,0.9000000000000004,0,0,0.125
110,9,9,4,0,0.27260905504226685,0.9000000000000004,0,0,0.18181818181818182
110,9,9,6,0,0.11181378364562988,0.9000000000000004,0,0,0.09090909090909091
110,9,9,65,0,0.6934676170349121,0.9000000000000004,0,1,0.125
110,9,9,7,0,0.694221556186676,0.9000000000000004,0,1,0.09090909090909091
110,9,9,8,0,0.10726518929004669,0.9000000000000004,0,0,0.09090909090909091
110,9,9,96,0,0.11547032743692398,0.9000000000000004,0,0,0.125
110,9,9,97,0,0.11547032743692398,0.9000000000000004,0,0,0.125
110,9,9,98,0,0.11547032743692398,0.9000000000000004,0,0,0.125
111,128,128,0,0,0.712386429309845,0.9000000000000004,0,0,1.0
111,128,128,117,0,0.5243819355964661,0.9000000000000004,0,0,1.0
111,128,128,65,0,0.7527118921279907,0.9000000000000004,0,0,1.0
111,128,128,7,0,0.7548109292984009,0.9000000000000004,0,0,1.0
111,128,128,83,0,0.42645514011383057,0.9000000000000004,0,0,1.0
112,117,117,0,0,0.8514660000801086,0.9000000000000004,0,0,0.75
112,117,117,128,0,0.30077534914016724,0.9000000000000004,0,0,0.25
112,117,117,132,0,0.1120656430721283,0.9000000000000004,0,0,0.3333333333333333
112,117,117,147,0,0.3688479959964752,0.9000000000000004,0,0,0.5
112,117,117,152,0,0.35305219888687134,0.9000000000000004,0,0,1.0
112,117,117,153,0,0.2782500982284546,0.9000000000000004,0,0,0.5
112,117,117,175,0,0.19234660267829895,0.9000000000000004,0,1,0.5
112,117,117,176,0,0.6301681399345398,0.9000000000000004,0,1,1.0
112,117,117,177,0,0.2784597873687744,0.9000000000000004,0,0,0.5
112,117,117,178,0,0.7290307879447937,0.9000000000000004,0,1,1.0
112,117,117,181,0,0.344887912273407,0.9000000000000004,0,0,0.5
112,117,117,182,0,0.35305219888687134,0.9000000000000004,0,0,1.0
112,117,117,38,0,0.23557914793491364,0.9000000000000004,0,0,0.25
112,117,117,65,0,0.8940828442573547,0.9000000000000004,0,1,0.75
112,117,117,7,0,0.8958644866943359,0.9000000000000004,0,1,0.75
112,117,117,83,0,0.19103942811489105,0.9000000000000004,0,0,0.25
112,117,117,87,0,0.2194858342409134,0.9000000000000004,0,0,0.25
112,117,117,9,0,0.6577049493789673,0.9000000000000004,0,0,0.25
113,7,7,0,0,0.807701826095581,0.9000000000000004,0,1,0.47058823529411764
113,7,7,1,0,0.06273731589317322,0.9000000000000004,0,0,0.0196078431372549
113,7,7,117,0,0.43072637915611267,0.9000000000000004,0,0,0.2
113,7,7,128,0,0.1297685205936432,0.9000000000000004,0,0,0.05
113,7,7,134,0,0.07758606970310211,0.9000000000000004,0,0,0.08333333333333333
113,7,7,146,0,0.07853501290082932,0.9000000000000004,0,0,0.1
113,7,7,147,0,0.22480937838554382,0.9000000000000004,0,0,0.4
113,7,7,152,0,0.1212800070643425,0.9000000000000004,0,0,0.3333333333333333
113,7,7,153,0,0.1491795927286148,0.9000000000000004,0,0,0.21428571428571427
113,7,7,157,0,0.15726163983345032,0.9000000000000004,0,0,0.17647058823529413
113,7,7,158,0,0.08099248260259628,0.9000000000000004,0,0,0.058823529411764705
113,7,7,159,0,0.07415225356817245,0.9000000000000004,0,0,0.058823529411764705
113,7,7,160,0,0.11806606501340866,0.9000000000000004,0,0,0.11764705882352941
113,7,7,161,0,0.07415225356817245,0.9000000000000004,0,0,0.058823529411764705
113,7,7,162,0,0.07411754876375198,0.9000000000000004,0,0,0.0625
113,7,7,163,0,0.08845755457878113,0.9000000000000004,0,0,0.125
113,7,7,164,0,0.08845755457878113,0.9000000000000004,0,0,0.125
113,7,7,165,0,0.09036734700202942,0.9000000000000004,0,0,0.06666666666666667
113,7,7,166,0,0.10166318714618683,0.9000000000000004,0,0,0.06666666666666667
113,7,7,167,0,0.07417188584804535,0.9000000000000004,0,0,0.06666666666666667
113,7,7,171,0,0.10576129704713821,0.9000000000000004,0,0,0.07692307692307693
113,7,7,172,0,0.08376819640398026,0.9000000000000004,0,0,0.07692307692307693
113,7,7,173,0,0.07853501290082932,0.9000000000000004,0,0,0.1
113,7,7,175,0,0.2852807939052582,0.9000000000000004,0,0,0.4
113,7,7,176,0,0.5302457213401794,0.9000000000000004,0,0,0.5
113,7,7,177,0,0.15865574777126312,0.9000000000000004,0,1,0.3
113,7,7,178,0,0.643944263458252,0.9000000000000004,0,0,0.8333333333333334
113,7,7,179,0,0.07853501290082932,0.9000000000000004,0,0,0.1
113,7,7,180,0,0.18240685760974884,0.9000000000000004,0,1,0.2
113,7,7,181,0,0.1882355809211731,0.9000000000000004,0,0,0.2727272727272727
113,7,7,182,0,0.1212800070643425,0.9000000000000004,0,0,0.3333333333333333
113,7,7,198,0,0.09090720117092133,0.9000000000000004,0,0,0.16666666666666666
113,7,7,2,0,0.06273731589317322,0.9000000000000004,0,0,0.0196078431372549
113,7,7,21,0,0.06802047044038773,0.9000000000000004,0,0,0.02
113,7,7,22,0,0.1948721557855606,0.9000000000000004,0,0,0.18
113,7,7,23,0,0.06356582045555115,0.9000000000000004,0,0,0.03125
113,7,7,25,0,0.0884348675608635,0.9000000000000004,0,0,0.0625
113,7,7,3,0,0.06273731589317322,0.9000000000000004,0,0,0.0196078431372549
113,7,7,38,0,0.11662714183330536,0.9000000000000004,0,0,0.020833333333333332
113,7,7,4,0,0.28325003385543823,0.9000000000000004,0,0,0.19607843137254902
113,7,7,5,0,0.06273731589317322,0.9000000000000004,0,0,0.0196078431372549
113,7,7,50,0,0.07270994037389755,0.9000000000000004,0,0,0.02
113,7,7,57,0,0.31977561116218567,0.9000000000000004,0,0,0.12
113,7,7,58,0,0.07283569872379303,0.9000000000000004,0,0,0.02
113,7,7,59,0,0.07711274176836014,0.9000000000000004,0,0,0.02
113,7,7,6,0,0.0672842264175415,0.9000000000000004,0,0,0.0196078431372549
113,7,7,61,0,0.07283569872379303,0.9000000000000004,0,0,0.02
113,7,7,62,0,0.0906367301940918,0.9000000000000004,0,0,0.04081632653061224
113,7,7,63,0,0.09252073615789413,0.9000000000000004,0,0,0.02040816326530612
113,7,7,64,0,0.06337357312440872,0.9000000000000004,0,0,0.02
113,7,7,65,0,0.9027541279792786,0.9000000000000004,1,1,0.96
113,7,7,66,0,0.06337357312440872,0.9000000000000004,0,0,0.02
113,7,7,73,0,0.06314878910779953,0.9000000000000004,0,0,0.037037037037037035
113,7,7,75,0,0.06406483054161072,0.9000000000000004,0,0,0.045454545454545456
113,7,7,76,0,0.06314878910779953,0.9000000000000004,0,0,0.037037037037037035
113,7,7,77,0,0.21929419040679932,0.9000000000000004,0,0,0.29545454545454547
113,7,7,81,0,0.06454601138830185,0.9000000000000004,0,0,0.022222222222222223
113,7,7,82,0,0.0638219490647316,0.9000000000000004,0,0,0.02857142857142857
113,7,7,83,0,0.19699567556381226,0.9000000000000004,0,0,0.2127659574468085
113,7,7,84,0,0.10503178834915161,0.9000000000000004,0,0,0.05405405405405406
113,7,7,85,0,0.09445290267467499,0.9000000000000004,0,0,0.06521739130434782
113,7,7,86,0,0.06454601138830185,0.9000000000000004,0,0,0.022222222222222223
113,7,7,87,0,0.13462181389331818,0.9000000000000004,0,0,0.06666666666666667
113,7,7,88,0,0.12160848826169968,0.9000000000000004,0,0,0.06521739130434782
113,7,7,89,0,0.14668390154838562,0.9000000000000004,0,0,0.043478260869565216
113,7,7,9,0,0.40029478073120117,0.9000000000000004,0,0,0.04
113,7,7,90,0,0.07260836660861969,0.9000000000000004,0,0,0.043478260869565216
113,7,7,91,0,0.06911160796880722,0.9000000000000004,0,0,0.037037037037037035
113,7,7,95,0,0.06837695091962814,0.9000000000000004,0,0,0.034482758620689655
113,7,65,0,1,0.8035507798194885,0.9000000000000004,0,1,0.4583333333333333
113,7,65,117,1,0.43347954750061035,0.9000000000000004,0,0,0.2
113,7,65,128,1,0.13022270798683167,0.9000000000000004,0,0,0.05
113,7,65,134,1,0.07752744108438492,0.9000000000000004,0,0,0.08333333333333333
113,7,65,146,1,0.0783604085445404,0.9000000000000004,0,0,0.1
113,7,65,147,1,0.2253698855638504,0.9000000000000004,0,0,0.4
113,7,65,152,1,0.12101202458143234,0.9000000000000004,0,0,0.3333333333333333
113,7,65,153,1,0.14908087253570557,0.9000000000000004,0,0,0.21428571428571427
113,7,65,157,1,0.1579156368970871,0.9000000000000004,0,0,0.17647058823529413
113,7,65,158,1,0.08110427111387253,0.9000000000000004,0,0,0.058823529411764705
113,7,65,159,1,0.07424218952655792,0.9000000000000004,0,0,0.058823529411764705
113,7,65,160,1,0.1179388090968132,0.9000000000000004,0,0,0.11764705882352941
113,7,65,161,1,0.07424218952655792,0.9000000000000004,0,0,0.058823529411764705
113,7,65,162,1,0.07420369982719421,0.9000000000000004,0,0,0.0625
113,7,65,163,1,0.08853381872177124,0.9000000000000004,0,0,0.125
113,7,65,164,1,0.08853381872177124,0.9000000000000004,0,0,0.125
113,7,65,165,1,0.09052427858114243,0.9000000000000004,0,0,0.06666666666666667
113,7,65,166,1,0.10184086114168167,0.9000000000000004,0,0,0.06666666666666667
113,7,65,167,1,0.07425439357757568,0.9000000000000004,0,0,0.06666666666666667
113,7,65,171,1,0.10588240623474121,0.9000000000000004,0,0,0.07692307692307693
113,7,65,172,1,0.0838475227355957,0.9000000000000004,0,0,0.07692307692307693
113,7,65,173,1,0.0783604085445404,0.9000000000000004,0,0,0.1
113,7,65,175,1,0.28669944405555725,0.9000000000000004,0,0,0.4
113,7,65,176,1,0.5334071516990662,0.9000000000000004,0,0,0.5
113,7,65,177,1,0.15862712264060974,0.9000000000000004,0,1,0.3
113,7,65,178,1,0.6466700434684753,0.9000000000000004,0,0,0.8333333333333334
113,7,65,179,1,0.0783604085445404,0.9000000000000004,0,0,0.1
113,7,65,180,1,0.1829514056444168,0.9000000000000004,0,1,0.2
113,7,65,181,1,0.18839944899082184,0.9000000000000004,0,0,0.2727272727272727
113,7,65,182,1,0.12101202458143234,0.9000000000000004,0,0,0.3333333333333333
113,7,65,198,1,0.0905572772026062,0.9000000000000004,0,0,0.16666666666666666
113,7,65,21,1,0.06812749058008194,0.9000000000000004,0,0,0.020833333333333332
113,7,65,22,1,0.19666656851768494,0.9000000000000004,0,0,0.1875
113,7,65,23,1,0.06362690031528473,0.9000000000000004,0,0,0.03225806451612903
113,7,65,25,1,0.08853736519813538,0.9000000000000004,0,0,0.06451612903225806
113,7,65,38,1,0.11623968183994293,0.9000000000000004,0,0,0.02127659574468085
113,7,65,4,1,0.2689392864704132,0.9000000000000004,0,0,0.16666666666666666
113,7,65,50,1,0.07282808423042297,0.9000000000000004,0,0,0.020833333333333332
113,7,65,57,1,0.32243606448173523,0.9000000000000004,0,0,0.125
113,7,65,58,1,0.07295383512973785,0.9000000000000004,0,0,0.020833333333333332
113,7,65,59,1,0.07724176347255707,0.9000000000000004,0,0,0.020833333333333332
113,7,65,61,1,0.07295383512973785,0.9000000000000004,0,0,0.020833333333333332
113,7,65,62,1,0.09081418067216873,0.9000000000000004,0,0,0.0425531914893617
113,7,65,63,1,0.09275878220796585,0.9000000000000004,0,0,0.02127659574468085
113,7,65,64,1,0.06345725059509277,0.9000000000000004,0,0,0.020833333333333332
113,7,65,66,1,0.06345725059509277,0.9000000000000004,0,0,0.020833333333333332
113,7,65,73,1,0.06318352371454239,0.9000000000000004,0,0,0.037037037037037035
113,7,65,75,1,0.06406809389591217,0.9000000000000004,0,0,0.045454545454545456
113,7,65,76,1,0.06318352371454239,0.9000000000000004,0,0,0.037037037037037035
113,7,65,77,1,0.22141124308109283,0.9000000000000004,0,0,0.3023255813953488
113,7,65,81,1,0.06461524963378906,0.9000000000000004,0,0,0.022727272727272728
113,7,65,82,1,0.06388500332832336,0.9000000000000004,0,0,0.029411764705882353
113,7,65,83,1,0.1914367377758026,0.9000000000000004,0,0,0.1956521739130435
113,7,65,84,1,0.10530639439821243,0.9000000000000004,0,0,0.05555555555555555
113,7,65,85,1,0.09470710903406143,0.9000000000000004,0,0,0.06666666666666667
113,7,65,86,1,0.06461524963378906,0.9000000000000004,0,0,0.022727272727272728
113,7,65,87,1,0.1345563381910324,0.9000000000000004,0,0,0.06818181818181818
113,7,65,88,1,0.1218794584274292,0.9000000000000004,0,0,0.06666666666666667
113,7,65,89,1,0.14744922518730164,0.9000000000000004,0,0,0.044444444444444446
113,7,65,9,1,0.40313681960105896,0.9000000000000004,0,0,0.041666666666666664
113,7,65,90,1,0.07271770387887955,0.9000000000000004,0,0,0.044444444444444446
113,7,65,91,1,0.06912679225206375,0.9000000000000004,0,0,0.037037037037037035
113,7,65,95,1,0.06845884770154953,0.9000000000000004,0,0,0.03571428571428571
114,0,0,1,0,0.051200028508901596,0.9000000000000004,0,0,0.024390243902439025
114,0,0,10,0,0.051195789128541946,0.9000000000000004,0,0,0.025
114,0,0,100,0,0.0742669329047203,0.9000000000000004,0,0,0.043478260869565216
114,0,0,101,0,0.05088343471288681,0.9000000000000004,0,0,0.043478260869565216
114,0,0,102,0,0.06812767684459686,0.9000000000000004,0,0,0.045454545454545456
114,0,0,11,0,0.051195789128541946,0.9000000000000004,0,0,0.025
114,0,0,114,0,0.06296387314796448,0.9000000000000004,0,0,0.047619047619047616
114,0,0,115,0,0.06296387314796448,0.9000000000000004,0,0,0.047619047619047616
114,0,0,116,0,0.06296387314796448,0.9000000000000004,0,0,0.047619047619047616
114,0,0,117,0,0.1666523814201355,0.9000000000000004,0,0,0.17647058823529413
114,0,0,12,0,0.05983010679483414,0.9000000000000004,0,0,0.025
114,0,0,125,0,0.06292805075645447,0.9000000000000004,0,0,0.05555555555555555
114,0,0,126,0,0.06292805075645447,0.9000000000000004,0,0,0.05555555555555555
114,0,0,127,0,0.05114854499697685,0.9000000000000004,0,0,0.05555555555555555
114,0,0,128,0,0.08244506269693375,0.9000000000000004,0,0,0.058823529411764705
114,0,0,129,0,0.06171419471502304,0.9000000000000004,0,0,0.06666666666666667
114,0,0,130,0,0.06171419471502304,0.9000000000000004,0,0,0.06666666666666667
114,0,0,131,0,0.05172620341181755,0.9000000000000004,0,0,0.06666666666666667
114,0,0,132,0,0.05169806256890297,0.9000000000000004,0,0,0.07142857142857142
114,0,0,137,0,0.05644121766090393,0.9000000000000004,0,0,0.08333333333333333
114,0,0,152,0,0.07425794750452042,0.9000000000000004,0,0,0.3333333333333333
114,0,0,156,0,0.05709625408053398,0.9000000000000004,0,0,0.09090909090909091
114,0,0,157,0,0.13895252346992493,0.9000000000000004,0,0,0.36363636363636365
114,0,0,158,0,0.0687885582447052,0.9000000000000004,0,0,0.18181818181818182
114,0,0,159,0,0.05705656856298447,0.9000000000000004,0,0,0.1
114,0,0,160,0,0.08019084483385086,0.9000000000000004,0,0,0.1
114,0,0,161,0,0.05705656856298447,0.9000000000000004,0,0,0.1
114,0,0,162,0,0.057172853499650955,0.9000000000000004,0,0,0.1111111111111111
114,0,0,163,0,0.07277708500623703,0.9000000000000004,0,0,0.2222222222222222
114,0,0,164,0,0.07277708500623703,0.9000000000000004,0,0,0.2222222222222222
114,0,0,165,0,0.06968279927968979,0.9000000000000004,0,0,0.125
114,0,0,166,0,0.07796163111925125,0.9000000000000004,0,0,0.125
114,0,0,167,0,0.05738398805260658,0.9000000000000004,0,0,0.125
114,0,0,170,0,0.05768881365656853,0.9000000000000004,0,0,0.14285714285714285
114,0,0,171,0,0.08017890155315399,0.9000000000000004,0,0,0.14285714285714285
114,0,0,172,0,0.06424758583307266,0.9000000000000004,0,0,0.14285714285714285
114,0,0,176,0,0.1452631652355194,0.9000000000000004,0,0,0.25
114,0,0,177,0,0.17877142131328583,0.9000000000000004,0,0,0.25
114,0,0,178,0,0.14492207765579224,0.9000000000000004,0,0,0.25
114,0,0,180,0,0.1788025051355362,0.9000000000000004,0,0,0.25
114,0,0,181,0,0.09614184498786926,0.9000000000000004,0,0,0.25
114,0,0,182,0,0.07425794750452042,0.9000000000000004,0,0,0.3333333333333333
114,0,0,199,0,0.060165900737047195,0.9000000000000004,0,0,0.2
114,0,0,2,0,0.051200028508901596,0.9000000000000004,0,0,0.024390243902439025
114,0,0,21,0,0.05567900463938713,0.9000000000000004,0,0,0.02564102564102564
114,0,0,22,0,0.13909749686717987,0.9000000000000004,0,0,0.15384615384615385
114,0,0,225,0,0.0898083969950676,0.9000000000000004,0,0,0.5
114,0,0,226,0,0.0898083969950676,0.9000000000000004,0,0,0.5
114,0,0,227,0,0.0898083969950676,0.9000000000000004,0,0,0.5
114,0,0,23,0,0.05141354724764824,0.9000000000000004,0,0,0.037037037037037035
114,0,0,25,0,0.06536202877759933,0.9000000000000004,0,0,0.037037037037037035
114,0,0,3,0,0.051200028508901596,0.9000000000000004,0,0,0.024390243902439025
114,0,0,38,0,0.08100331574678421,0.9000000000000004,0,0,0.05555555555555555
114,0,0,4,0,0.2903541922569275,0.9000000000000004,0,0,0.24390243902439024
114,0,0,5,0,0.051200028508901596,0.9000000000000004,0,0,0.024390243902439025
114,0,0,50,0,0.06355659663677216,0.9000000000000004,0,0,0.05128205128205128
114,0,0,52,0,0.06354381889104843,0.9000000000000004,0,0,0.05263157894736842
114,0,0,57,0,0.22261247038841248,0.9000000000000004,0,0,0.15384615384615385
114,0,0,58,0,0.0636562779545784,0.9000000000000004,0,0,0.05128205128205128
114,0,0,59,0,0.06794676184654236,0.9000000000000004,0,0,0.05128205128205128
114,0,0,6,0,0.0553039014339447,0.9000000000000004,0,0,0.024390243902439025
114,0,0,60,0,0.0557711236178875,0.9000000000000004,0,0,0.02631578947368421
114,0,0,61,0,0.0636562779545784,0.9000000000000004,0,0,0.05128205128205128
114,0,0,62,0,0.07582546025514603,0.9000000000000004,0,0,0.05263157894736842
114,0,0,63,0,0.07747519761323929,0.9000000000000004,0,0,0.05263157894736842
114,0,0,64,0,0.051602426916360855,0.9000000000000004,0,0,0.02564102564102564
114,0,0,65,0,0.8351506590843201,0.9000000000000004,0,1,0.5897435897435898
114,0,0,66,0,0.051602426916360855,0.9000000000000004,0,0,0.02564102564102564
114,0,0,67,0,0.051579564809799194,0.9000000000000004,0,0,0.027777777777777776
114,0,0,7,0,0.8411202430725098,0.9000000000000004,0,1,0.6097560975609756
114,0,0,73,0,0.05100260302424431,0.9000000000000004,0,0,0.041666666666666664
114,0,0,76,0,0.05100260302424431,0.9000000000000004,0,0,0.041666666666666664
114,0,0,77,0,0.14505980908870697,0.9000000000000004,0,0,0.21875
114,0,0,81,0,0.05232742428779602,0.9000000000000004,0,0,0.030303030303030304
114,0,0,83,0,0.13007597625255585,0.9000000000000004,0,0,0.14285714285714285
114,0,0,84,0,0.07643585652112961,0.9000000000000004,0,0,0.03571428571428571
114,0,0,85,0,0.07781760394573212,0.9000000000000004,0,0,0.08823529411764706
114,0,0,86,0,0.05232742428779602,0.9000000000000004,0,0,0.030303030303030304
114,0,0,87,0,0.0870664194226265,0.9000000000000004,0,0,0.06060606060606061
114,0,0,88,0,0.0869239792227745,0.9000000000000004,0,0,0.058823529411764705
114,0,0,89,0,0.11426939815282822,0.9000000000000004,0,0,0.058823529411764705
114,0,0,9,0,0.2574041187763214,0.9000000000000004,0,0,0.1
114,0,0,90,0,0.059038590639829636,0.9000000000000004,0,0,0.058823529411764705
114,0,0,95,0,0.055439531803131104,0.9000000000000004,0,0,0.038461538461538464
114,0,0,96,0,0.05584893375635147,0.9000000000000004,0,0,0.04
114,0,0,97,0,0.05584893375635147,0.9000000000000004,0,0,0.04
114,0,0,98,0,0.05584893375635147,0.9000000000000004,0,0,0.04
114,0,0,99,0,0.05578410625457764,0.9000000000000004,0,0,0.043478260869565216
116,177,177,0,0,0.5126953721046448,0.9000000000000004,0,0,0.25
116,177,177,117,0,0.12525402009487152,0.9000000000000004,0,0,0.25
116,177,177,146,0,0.06910007447004318,0.9000000000000004,0,0,0.25
116,177,177,147,0,0.10074501484632492,0.9000000000000004,0,0,0.5
116,177,177,153,0,0.08872927725315094,0.9000000000000004,0,0,0.25
116,177,177,173,0,0.06910007447004318,0.9000000000000004,0,0,0.25
116,177,177,175,0,0.10586518049240112,0.9000000000000004,0,0,0.5
116,177,177,176,0,0.28225529193878174,0.9000000000000004,0,0,0.75
116,177,177,178,0,0.21986038982868195,0.9000000000000004,0,0,0.6666666666666666
116,177,177,179,0,0.06910007447004318,0.9000000000000004,0,0,0.25
116,177,177,180,0,0.19145995378494263,0.9000000000000004,0,0,0.5
116,177,177,181,0,0.09046316891908646,0.9000000000000004,0,0,0.25
116,177,177,198,0,0.07187225669622421,0.9000000000000004,0,0,0.3333333333333333
116,177,177,65,0,0.8044585585594177,0.9000000000000004,0,0,1.0
116,177,177,7,0,0.8083795309066772,0.9000000000000004,0,0,1.0
116,177,177,87,0,0.08853904157876968,0.9000000000000004,0,0,0.25
117,7,7,0,0,0.7284220457077026,0.9000000000000004,0,0,0.49056603773584906
117,7,7,1,0,0.045716289430856705,0.9000000000000004,0,0,0.018867924528301886
117,7,7,117,0,0.13214384019374847,0.9000000000000004,0,0,0.18181818181818182
117,7,7,128,0,0.06557387113571167,0.9000000000000004,0,0,0.045454545454545456
117,7,7,134,0,0.05184149369597435,0.9000000000000004,0,0,0.07142857142857142
117,7,7,146,0,0.05194174870848656,0.9000000000000004,0,0,0.08333333333333333
117,7,7,147,0,0.08389928936958313,0.9000000000000004,0,0,0.2857142857142857
117,7,7,152,0,0.05959920585155487,0.9000000000000004,0,0,0.2
117,7,7,153,0,0.08285176753997803,0.9000000000000004,0,0,0.1875
117,7,7,157,0,0.09834164381027222,0.9000000000000004,0,1,0.15789473684210525
117,7,7,158,0,0.05597242712974548,0.9000000000000004,0,0,0.05263157894736842
117,7,7,159,0,0.051332954317331314,0.9000000000000004,0,0,0.05263157894736842
117,7,7,160,0,0.07538527995347977,0.9000000000000004,0,1,0.10526315789473684
117,7,7,161,0,0.051332954317331314,0.9000000000000004,0,0,0.05263157894736842
117,7,7,162,0,0.05131692811846733,0.9000000000000004,0,0,0.05555555555555555
117,7,7,163,0,0.06115305423736572,0.9000000000000004,0,0,0.1111111111111111
117,7,7,164,0,0.06115305423736572,0.9000000000000004,0,0,0.1111111111111111
117,7,7,165,0,0.06141478940844536,0.9000000000000004,0,0,0.058823529411764705
117,7,7,166,0,0.06731053441762924,0.9000000000000004,0,1,0.058823529411764705
117,7,7,167,0,0.051329612731933594,0.9000000000000004,0,0,0.058823529411764705
117,7,7,171,0,0.06844347715377808,0.9000000000000004,0,1,0.06666666666666667
117,7,7,172,0,0.05666244029998779,0.9000000000000004,0,0,0.06666666666666667
117,7,7,173,0,0.05194174870848656,0.9000000000000004,0,0,0.08333333333333333
117,7,7,175,0,0.08898080885410309,0.9000000000000004,0,0,0.2857142857142857
117,7,7,176,0,0.17040221393108368,0.9000000000000004,0,0,0.4166666666666667
117,7,7,177,0,0.23382462561130524,0.9000000000000004,0,0,0.3333333333333333
117,7,7,178,0,0.2347179651260376,0.9000000000000004,0,0,0.625
117,7,7,179,0,0.05194174870848656,0.9000000000000004,0,0,0.08333333333333333
117,7,7,180,0,0.12476661056280136,0.9000000000000004,0,0,0.25
117,7,7,181,0,0.0920700654387474,0.9000000000000004,0,0,0.23076923076923078
117,7,7,182,0,0.05959920585155487,0.9000000000000004,0,0,0.2
117,7,7,198,0,0.054875701665878296,0.9000000000000004,0,0,0.125
117,7,7,2,0,0.045716289430856705,0.9000000000000004,0,0,0.018867924528301886
117,7,7,21,0,0.04969896376132965,0.9000000000000004,0,0,0.019230769230769232
117,7,7,22,0,0.1396501660346985,0.9000000000000004,0,0,0.17307692307692307
117,7,7,228,0,0.13737887144088745,0.9000000000000004,0,0,1.0
117,7,7,229,0,0.13737887144088745,0.9000000000000004,0,0,1.0
117,7,7,23,0,0.04643000662326813,0.9000000000000004,0,0,0.029411764705882353
117,7,7,230,0,0.13737887144088745,0.9000000000000004,0,1,1.0
117,7,7,25,0,0.060249365866184235,0.9000000000000004,0,0,0.058823529411764705
117,7,7,3,0,0.045716289430856705,0.9000000000000004,0,0,0.018867924528301886
117,7,7,38,0,0.06306110322475433,0.9000000000000004,0,0,0.02
117,7,7,4,0,0.1948041021823883,0.9000000000000004,0,0,0.18867924528301888
117,7,7,5,0,0.045716289430856705,0.9000000000000004,0,0,0.018867924528301886
117,7,7,50,0,0.05316144973039627,0.9000000000000004,0,0,0.019230769230769232
117,7,7,57,0,0.15574237704277039,0.9000000000000004,0,1,0.11538461538461539
117,7,7,58,0,0.05325307697057724,0.9000000000000004,0,0,0.019230769230769232
117,7,7,59,0,0.056414902210235596,0.9000000000000004,0,0,0.019230769230769232
117,7,7,6,0,0.04916342347860336,0.9000000000000004,0,0,0.018867924528301886
117,7,7,61,0,0.05325307697057724,0.9000000000000004,0,0,0.019230769230769232
117,7,7,62,0,0.0664413645863533,0.9000000000000004,0,1,0.0392156862745098
117,7,7,63,0,0.06230636686086655,0.9000000000000004,0,1,0.0196078431372549
117,7,7,64,0,0.04616694897413254,0.9000000000000004,0,0,0.019230769230769232
117,7,7,65,0,0.8167323470115662,0.9000000000000004,0,1,0.9615384615384616
117,7,7,66,0,0.04616694897413254,0.9000000000000004,0,0,0.019230769230769232
117,7,7,73,0,0.0462176539003849,0.9000000000000004,0,0,0.034482758620689655
117,7,7,75,0,0.04691912978887558,0.9000000000000004,0,0,0.041666666666666664
117,7,7,76,0,0.0462176539003849,0.9000000000000004,0,0,0.034482758620689655
117,7,7,77,0,0.15626944601535797,0.9000000000000004,0,0,0.2826086956521739
117,7,7,81,0,0.04700038954615593,0.9000000000000004,0,0,0.02127659574468085
117,7,7,82,0,0.046570707112550735,0.9000000000000004,0,0,0.02702702702702703
117,7,7,83,0,0.14058174192905426,0.9000000000000004,0,0,0.20408163265306123
117,7,7,84,0,0.0706600770354271,0.9000000000000004,0,0,0.05128205128205128
117,7,7,85,0,0.06944642215967178,0.9000000000000004,0,0,0.0625
117,7,7,86,0,0.04700038954615593,0.9000000000000004,0,0,0.02127659574468085
117,7,7,87,0,0.07753448933362961,0.9000000000000004,0,0,0.06382978723404255
117,7,7,88,0,0.0809227004647255,0.9000000000000004,0,0,0.0625
117,7,7,89,0,0.09535378217697144,0.9000000000000004,0,1,0.041666666666666664
117,7,7,9,0,0.15483230352401733,0.9000000000000004,0,0,0.038461538461538464
117,7,7,90,0,0.05322904512286186,0.9000000000000004,0,0,0.041666666666666664
117,7,7,91,0,0.050702378153800964,0.9000000000000004,0,0,0.034482758620689655
117,7,7,95,0,0.05010642856359482,0.9000000000000004,0,0,0.03225806451612903
118,183,183,89,0,0.7526214718818665,0.9000000000000004,0,1,1.0
119,89,89,0,0,0.32263270020484924,0.9000000000000004,0,0,0.2
119,89,89,100,0,0.24417373538017273,0.9000000000000004,0,0,0.125
119,89,89,103,0,0.31381016969680786,0.9000000000000004,0,0,0.25
119,89,89,149,0,0.2538119852542877,0.9000000000000004,0,0,0.5
119,89,89,157,0,0.3191867172718048,0.9000000000000004,0,0,0.16666666666666666
119,89,89,160,0,0.2808673679828644,0.9000000000000004,0,0,0.2
119,89,89,166,0,0.2809336185455322,0.9000000000000004,0,0,0.2
119,89,89,171,0,0.2808840274810791,0.9000000000000004,0,0,0.2
119,89,89,183,0,0.6425811648368835,0.9000000000000004,0,0,0.8
119,89,89,187,0,0.2538119852542877,0.9000000000000004,0,0,0.5
119,89,89,22,0,0.15755999088287354,0.9000000000000004,0,0,0.1
119,89,89,227,0,0.25375545024871826,0.9000000000000004,0,0,0.5
119,89,89,23,0,0.10118921846151352,0.9000000000000004,0,0,0.1111111111111111
119,89,89,230,0,0.25372007489204407,0.9000000000000004,0,0,0.5
119,89,89,25,0,0.12036625295877457,0.9000000000000004,0,0,0.1111111111111111
119,89,89,4,0,0.1938800811767578,0.9000000000000004,0,0,0.1
119,89,89,57,0,0.4332469403743744,0.9000000000000004,0,0,0.2
119,89,89,62,0,0.4052787125110626,0.9000000000000004,0,0,0.3
119,89,89,63,0,0.2746606171131134,0.9000000000000004,0,0,0.2
119,89,89,65,0,0.6993710994720459,0.9000000000000004,0,1,0.3
119,89,89,7,0,0.7052472829818726,0.9000000000000004,0,1,0.3
119,89,89,77,0,0.15520323812961578,0.9000000000000004,0,0,0.1111111111111111
119,89,89,83,0,0.15447597205638885,0.9000000000000004,0,0,0.1
119,89,89,85,0,0.12747617065906525,0.9000000000000004,0,0,0.2
119,89,89,87,0,0.13678045570850372,0.9000000000000004,0,0,0.1111111111111111
119,89,89,88,0,0.1870076209306717,0.9000000000000004,0,0,0.4
119,89,89,90,0,0.11261327564716339,0.9000000000000004,0,0,0.2
120,57,57,0,0,0.6030777096748352,0.9000000000000004,0,0,0.5454545454545454
120,57,57,100,0,0.2500435709953308,0.9000000000000004,0,0,0.3333333333333333
120,57,57,101,0,0.081930011510849,0.9000000000000004,0,0,0.16666666666666666
120,57,57,103,0,0.22891303896903992,0.9000000000000004,0,0,0.2
120,57,57,149,0,0.31019383668899536,0.9000000000000004,0,0,1.0
120,57,57,153,0,0.11729159951210022,0.9000000000000004,0,0,0.3333333333333333
120,57,57,157,0,0.39229679107666016,0.9000000000000004,0,0,0.5
120,57,57,160,0,0.2381405085325241,0.9000000000000004,0,0,0.25
120,57,57,162,0,0.09240703284740448,0.9000000000000004,0,0,0.25
120,57,57,163,0,0.10104478895664215,0.9000000000000004,0,0,0.25
120,57,57,164,0,0.10104478895664215,0.9000000000000004,0,0,0.25
120,57,57,166,0,0.2551604211330414,0.9000000000000004,0,0,0.3333333333333333
120,57,57,171,0,0.25516384840011597,0.9000000000000004,0,0,0.3333333333333333
120,57,57,187,0,0.31019383668899536,0.9000000000000004,0,0,1.0
120,57,57,21,0,0.08695302903652191,0.9000000000000004,0,0,0.09090909090909091
120,57,57,22,0,0.18200263381004333,0.9000000000000004,0,0,0.36363636363636365
120,57,57,227,0,0.3103036880493164,0.9000000000000004,0,0,1.0
120,57,57,230,0,0.3101872205734253,0.9000000000000004,0,0,1.0
120,57,57,4,0,0.23945452272891998,0.9000000000000004,0,0,0.36363636363636365
120,57,57,50,0,0.09923169761896133,0.9000000000000004,0,0,0.18181818181818182
120,57,57,52,0,0.09266791492700577,0.9000000000000004,0,0,0.1
120,57,57,58,0,0.0994015485048294,0.9000000000000004,0,0,0.18181818181818182
120,57,57,59,0,0.1047777310013771,0.9000000000000004,0,0,0.18181818181818182
120,57,57,60,0,0.08733808994293213,0.9000000000000004,0,0,0.1
120,57,57,61,0,0.0994015485048294,0.9000000000000004,0,0,0.18181818181818182
120,57,57,62,0,0.386659175157547,0.9000000000000004,0,0,0.4
120,57,57,63,0,0.22325347363948822,0.9000000000000004,0,0,0.2
120,57,57,64,0,0.08108541369438171,0.9000000000000004,0,0,0.09090909090909091
120,57,57,65,0,0.8481140732765198,0.9000000000000004,0,0,0.6363636363636364
120,57,57,66,0,0.08108541369438171,0.9000000000000004,0,0,0.09090909090909091
120,57,57,7,0,0.8505938053131104,0.9000000000000004,0,0,0.6363636363636364
120,57,57,83,0,0.1415235996246338,0.9000000000000004,0,0,0.1111111111111111
120,57,57,85,0,0.1219390407204628,0.9000000000000004,0,0,0.3333333333333333
120,57,57,88,0,0.1221173033118248,0.9000000000000004,0,0,0.1111111111111111
120,57,57,89,0,0.49533435702323914,0.9000000000000004,0,0,0.2222222222222222
120,57,57,90,0,0.08932366222143173,0.9000000000000004,0,0,0.1111111111111111
120,57,57,93,0,0.08181361109018326,0.9000000000000004,0,0,0.125
120,57,57,94,0,0.08181361109018326,0.9000000000000004,0,0,0.125
120,57,57,99,0,0.08988671749830246,0.9000000000000004,0,0,0.16666666666666666
121,7,7,0,0,0.732755720615387,0.9000000000000004,0,1,0.4727272727272727
121,7,7,1,0,0.07027046382427216,0.9000000000000004,0,0,0.01818181818181818
121,7,7,100,0,0.168074831366539,0.9000000000000004,0,0,0.03333333333333333
121,7,7,103,0,0.18642206490039825,0.9000000000000004,0,0,0.03333333333333333
121,7,7,117,0,0.1736362874507904,0.9000000000000004,0,0,0.16666666666666666
121,7,7,128,0,0.09542478621006012,0.9000000000000004,0,0,0.041666666666666664
121,7,7,134,0,0.07544055581092834,0.9000000000000004,0,0,0.0625
121,7,7,146,0,0.07541780918836594,0.9000000000000004,0,0,0.07142857142857142
121,7,7,147,0,0.10665062814950943,0.9000000000000004,0,0,0.2222222222222222
121,7,7,149,0,0.17825546860694885,0.9000000000000004,0,0,0.5
121,7,7,152,0,0.080357626080513,0.9000000000000004,0,0,0.14285714285714285
121,7,7,153,0,0.12152586877346039,0.9000000000000004,0,0,0.16666666666666666
121,7,7,157,0,0.3172624111175537,0.9000000000000004,0,0,0.19047619047619047
121,7,7,158,0,0.08406555652618408,0.9000000000000004,0,0,0.047619047619047616
121,7,7,159,0,0.07519236952066422,0.9000000000000004,0,0,0.047619047619047616
121,7,7,160,0,0.24233470857143402,0.9000000000000004,0,0,0.14285714285714285
121,7,7,161,0,0.07519236952066422,0.9000000000000004,0,0,0.047619047619047616
121,7,7,162,0,0.07517080008983612,0.9000000000000004,0,0,0.05
121,7,7,163,0,0.09205940365791321,0.9000000000000004,0,0,0.1
121,7,7,164,0,0.09205940365791321,0.9000000000000004,0,0,0.1
121,7,7,165,0,0.09402474015951157,0.9000000000000004,0,0,0.05263157894736842
121,7,7,166,0,0.21441911160945892,0.9000000000000004,0,0,0.10526315789473684
121,7,7,167,0,0.07517605274915695,0.9000000000000004,0,0,0.05263157894736842
121,7,7,171,0,0.2165452539920807,0.9000000000000004,0,0,0.11764705882352941
121,7,7,172,0,0.08465097844600677,0.9000000000000004,0,0,0.058823529411764705
121,7,7,173,0,0.07541780918836594,0.9000000000000004,0,0,0.07142857142857142
121,7,7,175,0,0.10980139672756195,0.9000000000000004,0,0,0.2222222222222222
121,7,7,176,0,0.20548096299171448,0.9000000000000004,0,0,0.35714285714285715
121,7,7,177,0,0.22111278772354126,0.9000000000000004,0,0,0.2857142857142857
121,7,7,178,0,0.22730937600135803,0.9000000000000004,0,0,0.5
121,7,7,179,0,0.07541780918836594,0.9000000000000004,0,0,0.07142857142857142
121,7,7,180,0,0.15646246075630188,0.9000000000000004,0,0,0.21428571428571427
121,7,7,181,0,0.12678508460521698,0.9000000000000004,0,0,0.2
121,7,7,182,0,0.080357626080513,0.9000000000000004,0,0,0.14285714285714285
121,7,7,187,0,0.17825551331043243,0.9000000000000004,0,0,0.5
121,7,7,198,0,0.07750292867422104,0.9000000000000004,0,0,0.1
121,7,7,2,0,0.07027046382427216,0.9000000000000004,0,0,0.01818181818181818
121,7,7,21,0,0.07813376933336258,0.9000000000000004,0,0,0.018518518518518517
121,7,7,22,0,0.2134670913219452,0.9000000000000004,0,0,0.16666666666666666
121,7,7,227,0,0.1399250477552414,0.9000000000000004,0,0,0.16666666666666666
121,7,7,228,0,0.0970504954457283,0.9000000000000004,0,0,0.3333333333333333
121,7,7,229,0,0.0970504954457283,0.9000000000000004,0,0,0.3333333333333333
121,7,7,23,0,0.07071401923894882,0.9000000000000004,0,0,0.027777777777777776
121,7,7,230,0,0.229275643825531,0.9000000000000004,0,0,0.6666666666666666
121,7,7,25,0,0.09120549261569977,0.9000000000000004,0,0,0.05555555555555555
121,7,7,3,0,0.07027046382427216,0.9000000000000004,0,0,0.01818181818181818
121,7,7,38,0,0.08816941827535629,0.9000000000000004,0,0,0.019230769230769232
121,7,7,4,0,0.2832111716270447,0.9000000000000004,0,0,0.18181818181818182
121,7,7,5,0,0.07027046382427216,0.9000000000000004,0,0,0.01818181818181818
121,7,7,50,0,0.0851404070854187,0.9000000000000004,0,0,0.018518518518518517
121,7,7,57,0,0.6137747764587402,0.9000000000000004,0,0,0.12962962962962962
121,7,7,58,0,0.08525051176548004,0.9000000000000004,0,0,0.018518518518518517
121,7,7,59,0,0.09173775464296341,0.9000000000000004,0,0,0.018518518518518517
121,7,7,6,0,0.07772477716207504,0.9000000000000004,0,0,0.01818181818181818
121,7,7,61,0,0.08525051176548004,0.9000000000000004,0,0,0.018518518518518517
121,7,7,62,0,0.24747106432914734,0.9000000000000004,0,0,0.05660377358490566
121,7,7,63,0,0.1860993355512619,0.9000000000000004,0,0,0.03773584905660377
121,7,7,64,0,0.0706939771771431,0.9000000000000004,0,0,0.018518518518518517
121,7,7,65,0,0.8926793932914734,0.9000000000000004,0,1,0.9629629629629629
121,7,7,66,0,0.0706939771771431,0.9000000000000004,0,0,0.018518518518518517
121,7,7,73,0,0.070429727435112,0.9000000000000004,0,0,0.03225806451612903
121,7,7,75,0,0.07092761993408203,0.9000000000000004,0,0,0.038461538461538464
121,7,7,76,0,0.070429727435112,0.9000000000000004,0,0,0.03225806451612903
121,7,7,77,0,0.23502491414546967,0.9000000000000004,0,0,0.2708333333333333
121,7,7,81,0,0.07139191031455994,0.9000000000000004,0,0,0.02040816326530612
121,7,7,82,0,0.07089029997587204,0.9000000000000004,0,0,0.02564102564102564
121,7,7,83,0,0.21523496508598328,0.9000000000000004,0,0,0.19607843137254902
121,7,7,84,0,0.1105278879404068,0.9000000000000004,0,0,0.04878048780487805
121,7,7,85,0,0.11398623138666153,0.9000000000000004,0,0,0.06
121,7,7,86,0,0.07139191031455994,0.9000000000000004,0,0,0.02040816326530612
121,7,7,87,0,0.11626888066530228,0.9000000000000004,0,0,0.061224489795918366
121,7,7,88,0,0.12736386060714722,0.9000000000000004,0,0,0.06
121,7,7,89,0,0.5219368934631348,0.9000000000000004,0,0,0.08
121,7,7,9,0,0.1970306932926178,0.9000000000000004,0,0,0.037037037037037035
121,7,7,90,0,0.0843033418059349,0.9000000000000004,0,0,0.04
121,7,7,91,0,0.07868347316980362,0.9000000000000004,0,0,0.03225806451612903
121,7,7,95,0,0.07832461595535278,0.9000000000000004,0,0,0.030303030303030304
122,178,178,0,0,0.5012652277946472,0.9000000000000004,0,0,0.2
122,178,178,117,0,0.20045188069343567,0.9000000000000004,0,0,0.6
122,178,178,147,0,0.11185969412326813,0.9000000000000004,0,0,0.5
122,178,178,152,0,0.07782110571861267,0.9000000000000004,0,0,0.3333333333333333
122,178,178,153,0,0.08648655563592911,0.9000000000000004,0,0,0.2
122,178,178,175,0,0.11358996480703354,0.9000000000000004,0,0,0.5
122,178,178,176,0,0.26539158821105957,0.9000000000000004,0,0,0.8
122,178,178,177,0,0.15649458765983582,0.9000000000000004,0,0,0.4
122,178,178,181,0,0.09180732816457748,0.9000000000000004,0,0,0.2
122,178,178,182,0,0.07782110571861267,0.9000000000000004,0,0,0.3333333333333333
122,178,178,198,0,0.07113150507211685,0.9000000000000004,0,0,0.2
122,178,178,38,0,0.08284321427345276,0.9000000000000004,0,0,0.2
122,178,178,65,0,0.8183585405349731,0.9000000000000004,0,1,1.0
122,178,178,7,0,0.8215063214302063,0.9000000000000004,0,1,1.0
122,178,178,87,0,0.08955202251672745,0.9000000000000004,0,0,0.2
122,178,178,9,0,0.2357316017150879,0.9000000000000004,0,0,0.4
123,7,7,0,0,0.669101357460022,0.9000000000000004,0,1,0.47368421052631576
123,7,7,1,0,0.05193685367703438,0.9000000000000004,0,0,0.017543859649122806
123,7,7,100,0,0.08398329466581345,0.9000000000000004,0,0,0.03125
123,7,7,103,0,0.09483309090137482,0.9000000000000004,0,0,0.03125
123,7,7,117,0,0.10452988743782043,0.9000000000000004,0,0,0.15384615384615385
123,7,7,128,0,0.06511399149894714,0.9000000000000004,0,0,0.038461538461538464
123,7,7,134,0,0.05392021685838699,0.9000000000000004,0,0,0.05555555555555555
123,7,7,146,0,0.05364925041794777,0.9000000000000004,0,0,0.0625
123,7,7,147,0,0.06872458010911942,0.9000000000000004,0,0,0.18181818181818182
123,7,7,149,0,0.07768859714269638,0.9000000000000004,0,0,0.25
123,7,7,152,0,0.05503212660551071,0.9000000000000004,0,0,0.1111111111111111
123,7,7,153,0,0.07840250432491302,0.9000000000000004,0,0,0.15
123,7,7,157,0,0.1462867110967636,0.9000000000000004,0,0,0.17391304347826086
123,7,7,158,0,0.05957390367984772,0.9000000000000004,0,0,0.043478260869565216
123,7,7,159,0,0.05439369007945061,0.9000000000000004,0,0,0.043478260869565216
123,7,7,160,0,0.11741770058870316,0.9000000000000004,0,0,0.13043478260869565
123,7,7,161,0,0.05439369007945061,0.9000000000000004,0,0,0.043478260869565216
123,7,7,162,0,0.05435676500201225,0.9000000000000004,0,0,0.045454545454545456
123,7,7,163,0,0.06426434218883514,0.9000000000000004,0,0,0.09090909090909091
123,7,7,164,0,0.06426434218883514,0.9000000000000004,0,0,0.09090909090909091
123,7,7,165,0,0.06505955755710602,0.9000000000000004,0,0,0.047619047619047616
123,7,7,166,0,0.10642004013061523,0.9000000000000004,0,0,0.09523809523809523
123,7,7,167,0,0.05433259159326553,0.9000000000000004,0,0,0.047619047619047616
123,7,7,171,0,0.10700695216655731,0.9000000000000004,0,0,0.10526315789473684
123,7,7,172,0,0.059452857822179794,0.9000000000000004,0,0,0.05263157894736842
123,7,7,173,0,0.05364925041794777,0.9000000000000004,0,0,0.0625
123,7,7,175,0,0.06979325413703918,0.9000000000000004,0,0,0.18181818181818182
123,7,7,176,0,0.11929544806480408,0.9000000000000004,0,0,0.3125
123,7,7,177,0,0.11887403577566147,0.9000000000000004,0,0,0.25
123,7,7,178,0,0.31265121698379517,0.9000000000000004,0,0,0.5
123,7,7,179,0,0.05364925041794777,0.9000000000000004,0,0,0.0625
123,7,7,180,0,0.09340652078390121,0.9000000000000004,0,0,0.1875
123,7,7,181,0,0.08045626431703568,0.9000000000000004,0,0,0.17647058823529413
123,7,7,182,0,0.05503212660551071,0.9000000000000004,0,0,0.1111111111111111
123,7,7,187,0,0.07768859714269638,0.9000000000000004,0,0,0.25
123,7,7,198,0,0.05405125766992569,0.9000000000000004,0,0,0.08333333333333333
123,7,7,2,0,0.05193685367703438,0.9000000000000004,0,0,0.017543859649122806
123,7,7,21,0,0.056898098438978195,0.9000000000000004,0,0,0.017857142857142856
123,7,7,22,0,0.14211897552013397,0.9000000000000004,0,0,0.16071428571428573
123,7,7,227,0,0.07342753559350967,0.9000000000000004,0,0,0.125
123,7,7,228,0,0.05942142382264137,0.9000000000000004,0,0,0.2
123,7,7,229,0,0.05942142382264137,0.9000000000000004,0,0,0.2
123,7,7,23,0,0.05219794809818268,0.9000000000000004,0,0,0.02631578947368421
123,7,7,230,0,0.09419224411249161,0.9000000000000004,0,0,0.4
123,7,7,248,0,0.09360194206237793,0.9000000000000004,0,0,0.5
123,7,7,249,0,0.09360194206237793,0.9000000000000004,0,0,0.5
123,7,7,25,0,0.06334394961595535,0.9000000000000004,0,0,0.05263157894736842
123,7,7,250,0,0.09360194206237793,0.9000000000000004,0,0,0.5
123,7,7,3,0,0.05193685367703438,0.9000000000000004,0,0,0.017543859649122806
123,7,7,38,0,0.059510353952646255,0.9000000000000004,0,0,0.018518518518518517
123,7,7,4,0,0.18403318524360657,0.9000000000000004,0,0,0.17543859649122806
123,7,7,5,0,0.05193685367703438,0.9000000000000004,0,0,0.017543859649122806
123,7,7,50,0,0.06119178980588913,0.9000000000000004,0,0,0.017857142857142856
123,7,7,57,0,0.2556624114513397,0.9000000000000004,0,0,0.125
123,7,7,58,0,0.061263736337423325,0.9000000000000004,0,0,0.017857142857142856
123,7,7,59,0,0.06516428291797638,0.9000000000000004,0,0,0.017857142857142856
123,7,7,6,0,0.056583963334560394,0.9000000000000004,0,0,0.017543859649122806
123,7,7,61,0,0.061263736337423325,0.9000000000000004,0,0,0.017857142857142856
123,7,7,62,0,0.12102320045232773,0.9000000000000004,0,0,0.05454545454545454
123,7,7,63,0,0.09518671035766602,0.9000000000000004,0,0,0.03636363636363636
123,7,7,64,0,0.052266888320446014,0.9000000000000004,0,0,0.017857142857142856
123,7,7,65,0,0.8333044052124023,0.9000000000000004,0,1,0.9642857142857143
123,7,7,66,0,0.052266888320446014,0.9000000000000004,0,0,0.017857142857142856
123,7,7,73,0,0.05193781480193138,0.9000000000000004,0,0,0.030303030303030304
123,7,7,75,0,0.052162785083055496,0.9000000000000004,0,0,0.03571428571428571
123,7,7,76,0,0.05193781480193138,0.9000000000000004,0,0,0.030303030303030304
123,7,7,77,0,0.1564771682024002,0.9000000000000004,0,0,0.26
123,7,7,81,0,0.052792783826589584,0.9000000000000004,0,0,0.0196078431372549
123,7,7,82,0,0.052354659885168076,0.9000000000000004,0,0,0.024390243902439025
123,7,7,83,0,0.14274947345256805,0.9000000000000004,0,0,0.18867924528301888
123,7,7,84,0,0.07461052387952805,0.9000000000000004,0,0,0.046511627906976744
123,7,7,85,0,0.07909707725048065,0.9000000000000004,0,0,0.057692307692307696
123,7,7,86,0,0.052792783826589584,0.9000000000000004,0,0,0.0196078431372549
123,7,7,87,0,0.07578457146883011,0.9000000000000004,0,0,0.058823529411764705
123,7,7,88,0,0.08488515019416809,0.9000000000000004,0,0,0.057692307692307696
123,7,7,89,0,0.21152925491333008,0.9000000000000004,0,0,0.07692307692307693
123,7,7,9,0,0.11957850307226181,0.9000000000000004,0,0,0.03571428571428571
123,7,7,90,0,0.06070603057742119,0.9000000000000004,0,0,0.038461538461538464
123,7,7,91,0,0.05695151165127754,0.9000000000000004,0,0,0.030303030303030304
123,7,7,95,0,0.05688341334462166,0.9000000000000004,0,0,0.02857142857142857
124,38,38,0,0,0.7875025868415833,0.9000000000000004,0,0,1.0
124,38,38,117,0,0.2840350568294525,0.9000000000000004,0,0,1.0
124,38,38,152,0,0.16669748723506927,0.9000000000000004,0,0,1.0
124,38,38,176,0,0.2840350568294525,0.9000000000000004,0,0,1.0
124,38,38,178,0,0.4244379997253418,0.9000000000000004,0,0,1.0
124,38,38,181,0,0.22403739392757416,0.9000000000000004,0,0,1.0
124,38,38,182,0,0.16669748723506927,0.9000000000000004,0,0,1.0
124,38,38,4,0,0.2035444974899292,0.9000000000000004,0,0,0.5
124,38,38,52,0,0.11182085424661636,0.9000000000000004,0,0,0.5
124,38,38,65,0,0.7502716779708862,0.9000000000000004,0,0,0.5
124,38,38,67,0,0.10303033888339996,0.9000000000000004,0,0,0.5
124,38,38,7,0,0.754989743232727,0.9000000000000004,0,0,0.5
124,38,38,9,0,0.26866614818573,0.9000000000000004,0,0,0.5
125,179,179,146,0,0.2938087582588196,0.9000000000000004,0,0,1.0
125,179,179,173,0,0.2938087582588196,0.9000000000000004,0,0,1.0
125,179,179,176,0,0.4041208326816559,0.9000000000000004,0,0,1.0
125,179,179,177,0,0.4272943139076233,0.9000000000000004,0,0,1.0
125,179,179,180,0,0.3926270008087158,0.9000000000000004,0,1,1.0
125,179,179,181,0,0.35941535234451294,0.9000000000000004,0,0,1.0
125,179,179,65,0,0.7013978958129883,0.9000000000000004,0,0,1.0
125,179,179,7,0,0.7037482857704163,0.9000000000000004,0,0,1.0
126,7,7,0,0,0.8482176661491394,0.9000000000000004,0,1,0.4827586206896552
126,7,7,1,0,0.0585823729634285,0.9000000000000004,0,0,0.017241379310344827
126,7,7,100,0,0.0971769243478775,0.9000000000000004,0,0,0.030303030303030304
126,7,7,103,0,0.10521713644266129,0.9000000000000004,0,0,0.030303030303030304
126,7,7,117,0,0.12486383318901062,0.9000000000000004,0,0,0.14814814814814814
126,7,7,128,0,0.07569384574890137,0.9000000000000004,0,0,0.037037037037037035
126,7,7,134,0,0.06315618008375168,0.9000000000000004,0,0,0.05263157894736842
126,7,7,146,0,0.06294186413288116,0.9000000000000004,0,0,0.058823529411764705
126,7,7,147,0,0.19143448770046234,0.9000000000000004,0,0,0.16666666666666666
126,7,7,149,0,0.08514713495969772,0.9000000000000004,0,0,0.2
126,7,7,152,0,0.14953909814357758,0.9000000000000004,0,0,0.1
126,7,7,153,0,0.0938328355550766,0.9000000000000004,0,0,0.14285714285714285
126,7,7,157,0,0.16841593384742737,0.9000000000000004,0,0,0.16666666666666666
126,7,7,158,0,0.06968669593334198,0.9000000000000004,0,0,0.041666666666666664
126,7,7,159,0,0.06329192221164703,0.9000000000000004,0,0,0.041666666666666664
126,7,7,160,0,0.13550664484500885,0.9000000000000004,0,0,0.125
126,7,7,161,0,0.06329192221164703,0.9000000000000004,0,0,0.041666666666666664
126,7,7,162,0,0.06326945126056671,0.9000000000000004,0,0,0.043478260869565216
126,7,7,163,0,0.0755397230386734,0.9000000000000004,0,0,0.08695652173913043
126,7,7,164,0,0.0755397230386734,0.9000000000000004,0,0,0.08695652173913043
126,7,7,165,0,0.07681488245725632,0.9000000000000004,0,0,0.045454545454545456
126,7,7,166,0,0.1230231523513794,0.9000000000000004,0,1,0.09090909090909091
126,7,7,167,0,0.06326315551996231,0.9000000000000004,0,0,0.045454545454545456
126,7,7,171,0,0.12370079010725021,0.9000000000000004,0,0,0.1
126,7,7,172,0,0.06986328214406967,0.9000000000000004,0,0,0.05
126,7,7,173,0,0.06294186413288116,0.9000000000000004,0,0,0.058823529411764705
126,7,7,175,0,0.08195536583662033,0.9000000000000004,0,0,0.16666666666666666
126,7,7,176,0,0.14252184331417084,0.9000000000000004,0,0,0.29411764705882354
126,7,7,177,0,0.13989156484603882,0.9000000000000004,0,0,0.23529411764705882
126,7,7,178,0,0.473492294549942,0.9000000000000004,0,0,0.46153846153846156
126,7,7,179,0,0.14677201211452484,0.9000000000000004,0,0,0.058823529411764705
126,7,7,180,0,0.252962589263916,0.9000000000000004,0,0,0.17647058823529413
126,7,7,181,0,0.09612590819597244,0.9000000000000004,0,0,0.16666666666666666
126,7,7,182,0,0.14953909814357758,0.9000000000000004,0,0,0.1
126,7,7,187,0,0.08798976987600327,0.9000000000000004,0,0,0.2
126,7,7,198,0,0.1471971571445465,0.9000000000000004,0,0,0.07692307692307693
126,7,7,2,0,0.0585823729634285,0.9000000000000004,0,0,0.017241379310344827
126,7,7,21,0,0.06462026387453079,0.9000000000000004,0,0,0.017543859649122806
126,7,7,22,0,0.173911452293396,0.9000000000000004,0,0,0.15789473684210525
126,7,7,227,0,0.08433161675930023,0.9000000000000004,0,0,0.1111111111111111
126,7,7,228,0,0.0687863901257515,0.9000000000000004,0,0,0.16666666666666666
126,7,7,229,0,0.0687863901257515,0.9000000000000004,0,0,0.16666666666666666
126,7,7,23,0,0.059485290199518204,0.9000000000000004,0,0,0.02564102564102564
126,7,7,230,0,0.10613938421010971,0.9000000000000004,0,0,0.3333333333333333
126,7,7,248,0,0.08961531519889832,0.9000000000000004,0,0,0.3333333333333333
126,7,7,249,0,0.08961531519889832,0.9000000000000004,0,0,0.3333333333333333
126,7,7,25,0,0.07474499195814133,0.9000000000000004,0,0,0.05128205128205128
126,7,7,250,0,0.08961531519889832,0.9000000000000004,0,0,0.3333333333333333
126,7,7,251,0,0.21040545403957367,0.9000000000000004,0,0,1.0
126,7,7,3,0,0.0585823729634285,0.9000000000000004,0,0,0.017241379310344827
126,7,7,38,0,0.11832085996866226,0.9000000000000004,0,0,0.01818181818181818
126,7,7,4,0,0.22921498119831085,0.9000000000000004,0,0,0.1724137931034483
126,7,7,5,0,0.0585823729634285,0.9000000000000004,0,0,0.017241379310344827
126,7,7,50,0,0.06988940387964249,0.9000000000000004,0,0,0.017543859649122806
126,7,7,57,0,0.2735078036785126,0.9000000000000004,0,0,0.12280701754385964
126,7,7,58,0,0.06998344510793686,0.9000000000000004,0,0,0.017543859649122806
126,7,7,59,0,0.07477167248725891,0.9000000000000004,0,0,0.017543859649122806
126,7,7,6,0,0.06406927853822708,0.9000000000000004,0,0,0.017241379310344827
126,7,7,61,0,0.06998344510793686,0.9000000000000004,0,0,0.017543859649122806
126,7,7,62,0,0.13979889452457428,0.9000000000000004,0,0,0.05357142857142857
126,7,7,63,0,0.10948974639177322,0.9000000000000004,0,0,0.03571428571428571
126,7,7,64,0,0.059135377407073975,0.9000000000000004,0,0,0.017543859649122806
126,7,7,65,0,0.8658754229545593,0.9000000000000004,0,1,0.9649122807017544
126,7,7,66,0,0.059135377407073975,0.9000000000000004,0,0,0.017543859649122806
126,7,7,73,0,0.05926017090678215,0.9000000000000004,0,0,0.029411764705882353
126,7,7,75,0,0.05992584675550461,0.9000000000000004,0,0,0.034482758620689655
126,7,7,76,0,0.05926017090678215,0.9000000000000004,0,0,0.029411764705882353
126,7,7,77,0,0.19108663499355316,0.9000000000000004,0,0,0.2549019607843137
126,7,7,81,0,0.06004403531551361,0.9000000000000004,0,0,0.019230769230769232
126,7,7,82,0,0.05962831526994705,0.9000000000000004,0,0,0.023809523809523808
126,7,7,83,0,0.17452993988990784,0.9000000000000004,0,0,0.18518518518518517
126,7,7,84,0,0.088839590549469,0.9000000000000004,0,0,0.045454545454545456
126,7,7,85,0,0.09233330190181732,0.9000000000000004,0,0,0.05660377358490566
126,7,7,86,0,0.06004403531551361,0.9000000000000004,0,0,0.019230769230769232
126,7,7,87,0,0.09035324305295944,0.9000000000000004,0,0,0.057692307692307696
126,7,7,88,0,0.10143640637397766,0.9000000000000004,0,0,0.05660377358490566
126,7,7,89,0,0.22644345462322235,0.9000000000000004,0,0,0.07547169811320754
126,7,7,9,0,0.14433170855045319,0.9000000000000004,0,0,0.03508771929824561
126,7,7,90,0,0.069537453353405,0.9000000000000004,0,0,0.03773584905660377
126,7,7,91,0,0.06563816964626312,0.9000000000000004,0,0,0.029411764705882353
126,7,7,95,0,0.06505507975816727,0.9000000000000004,0,0,0.027777777777777776
127,251,251,0,0,0.7341902256011963,0.9000000000000004,0,1,1.0
127,251,251,65,0,0.7411280274391174,0.9000000000000004,0,0,1.0
127,251,251,7,0,0.7428574562072754,0.9000000000000004,0,0,1.0
