commit_idx,seed,source,target,dfs_depth,probability,threshold,accepted,actual_target,cochange_prior
379,49,49,106,0,0.3374750018119812,0.9500000000000004,0,0,0.2
379,49,49,144,0,0.8081645369529724,0.9500000000000004,0,0,0.2
379,49,49,161,0,0.24761854112148285,0.9500000000000004,0,0,0.2
379,49,49,423,0,0.9298255443572998,0.9500000000000004,0,1,0.5
379,49,49,48,0,0.13809989392757416,0.9500000000000004,0,0,0.09090909090909091
379,49,49,50,0,0.5191264152526855,0.9500000000000004,0,0,0.2
379,49,49,52,0,0.14485451579093933,0.9500000000000004,0,0,0.1111111111111111
379,49,49,58,0,0.4843478798866272,0.9500000000000004,0,0,0.125
379,49,49,59,0,0.5396820902824402,0.9500000000000004,0,0,0.09090909090909091
379,49,49,80,0,0.5808606743812561,0.9500000000000004,0,0,0.18181818181818182
379,49,49,81,0,0.7913235425949097,0.9500000000000004,0,0,0.2222222222222222
379,49,49,94,0,0.5135379433631897,0.9500000000000004,0,0,0.14285714285714285
379,49,49,98,0,0.281584233045578,0.9500000000000004,0,0,0.125
380,192,192,175,0,0.9454723596572876,0.9500000000000004,0,0,0.375
380,192,192,209,0,0.45864078402519226,0.9500000000000004,0,0,0.125
380,192,192,213,0,0.2673811912536621,0.9500000000000004,0,0,0.125
380,192,192,262,0,0.587976336479187,0.9500000000000004,0,0,0.125
380,192,192,271,0,0.18891125917434692,0.9500000000000004,0,0,0.14285714285714285
380,192,192,302,0,0.8539686799049377,0.9500000000000004,0,0,0.2
380,192,192,34,0,0.854395866394043,0.9500000000000004,0,0,0.125
380,192,192,67,0,0.9204694628715515,0.9500000000000004,0,0,0.25
381,67,67,151,0,0.6458454728126526,0.9500000000000004,0,0,0.05555555555555555
381,67,67,154,0,0.1096537709236145,0.9500000000000004,0,0,0.05263157894736842
381,67,67,155,0,0.3036191165447235,0.9500000000000004,0,0,0.05555555555555555
381,67,67,175,0,0.6712347865104675,0.9500000000000004,0,0,0.058823529411764705
381,67,67,192,0,0.9340328574180603,0.9500000000000004,0,0,0.16666666666666666
381,67,67,220,0,0.2647678554058075,0.9500000000000004,0,0,0.08333333333333333
381,67,67,234,0,0.51871258020401,0.9500000000000004,0,0,0.06666666666666667
381,67,67,262,0,0.551213264465332,0.9500000000000004,0,0,0.07692307692307693
381,67,67,30,0,0.597174346446991,0.9500000000000004,0,0,0.06666666666666667
381,67,67,309,0,0.8526630997657776,0.9500000000000004,0,1,0.1111111111111111
381,67,67,423,0,0.965347945690155,0.9500000000000004,1,0,0.6666666666666666
381,67,67,46,0,0.5771567225456238,0.9500000000000004,0,0,0.2
381,67,67,47,0,0.2625497281551361,0.9500000000000004,0,0,0.05
381,67,67,50,0,0.5140548944473267,0.9500000000000004,0,0,0.05263157894736842
381,67,67,54,0,0.7124472856521606,0.9500000000000004,0,0,0.10526315789473684
381,67,67,56,0,0.5923020243644714,0.9500000000000004,0,0,0.0625
381,67,67,57,0,0.6127843260765076,0.9500000000000004,0,0,0.05263157894736842
381,67,67,58,0,0.6136178970336914,0.9500000000000004,0,0,0.05263157894736842
381,67,67,65,0,0.616209864616394,0.9500000000000004,0,0,0.10526315789473684
381,67,67,68,0,0.5928831696510315,0.9500000000000004,0,0,0.05263157894736842
381,67,67,77,0,0.11085489392280579,0.9500000000000004,0,0,0.05555555555555555
381,67,67,81,0,0.7473170757293701,0.9500000000000004,0,0,0.05263157894736842
381,67,423,183,1,0.8926408886909485,0.9500000000000004,0,0,0.05555555555555555
381,67,423,246,1,0.957524299621582,0.9500000000000004,1,0,0.16666666666666666
381,67,423,309,1,0.9526063799858093,0.9500000000000004,1,1,0.1111111111111111
382,49,49,106,0,0.22553838789463043,0.9500000000000004,0,0,0.16666666666666666
382,49,49,144,0,0.7689731121063232,0.9500000000000004,0,0,0.16666666666666666
382,49,49,161,0,0.15374182164669037,0.9500000000000004,0,0,0.16666666666666666
382,49,49,423,0,0.9613458514213562,0.9500000000000004,1,1,0.6666666666666666
382,49,49,48,0,0.08902110904455185,0.9500000000000004,0,0,0.08333333333333333
382,49,49,50,0,0.402142196893692,0.9500000000000004,0,0,0.16666666666666666
382,49,49,52,0,0.09246550500392914,0.9500000000000004,0,0,0.1
382,49,49,58,0,0.4074232280254364,0.9500000000000004,0,0,0.1111111111111111
382,49,49,59,0,0.46089550852775574,0.9500000000000004,0,0,0.08333333333333333
382,49,49,80,0,0.48135045170783997,0.9500000000000004,0,0,0.16666666666666666
382,49,49,81,0,0.7144858837127686,0.9500000000000004,0,0,0.2
382,49,49,94,0,0.4323427379131317,0.9500000000000004,0,0,0.125
382,49,49,98,0,0.20299948751926422,0.9500000000000004,0,0,0.1111111111111111
382,49,423,183,1,0.8927664160728455,0.9500000000000004,0,0,0.05555555555555555
382,49,423,246,1,0.9589917659759521,0.9500000000000004,1,0,0.16666666666666666
382,49,423,309,1,0.9468750953674316,0.9500000000000004,0,0,0.1111111111111111
382,49,423,339,1,0.868364155292511,0.9500000000000004,0,0,0.05555555555555555
382,49,423,414,1,0.7614232301712036,0.9500000000000004,0,0,0.05555555555555555
382,49,423,420,1,0.7624560594558716,0.9500000000000004,0,0,0.05555555555555555
382,49,423,55,1,0.8820263743400574,0.9500000000000004,0,0,0.05555555555555555
382,49,423,56,1,0.8251460194587708,0.9500000000000004,0,0,0.05555555555555555
382,49,423,635,1,0.7717221975326538,0.9500000000000004,0,0,0.07692307692307693
382,49,423,638,1,0.9097434878349304,0.9500000000000004,0,0,0.15384615384615385
382,49,423,643,1,0.9555720686912537,0.9500000000000004,1,0,0.5
383,203,203,157,0,0.6874668002128601,0.9500000000000004,0,0,0.09090909090909091
383,203,203,159,0,0.4849563539028168,0.9500000000000004,0,0,0.1
383,203,203,183,0,0.6074024438858032,0.9500000000000004,0,0,0.1
383,203,203,207,0,0.09968957304954529,0.9500000000000004,0,0,0.09090909090909091
383,203,203,208,0,0.09968957304954529,0.9500000000000004,0,0,0.09090909090909091
383,203,203,325,0,0.892799437046051,0.9500000000000004,0,0,0.3333333333333333
383,203,203,40,0,0.9528420567512512,0.9500000000000004,1,1,0.45454545454545453
383,203,203,408,0,0.6041388511657715,0.9500000000000004,0,0,0.3333333333333333
383,203,203,56,0,0.854949414730072,0.9500000000000004,0,0,0.09090909090909091
383,203,40,1,1,0.23151354491710663,0.9500000000000004,0,0,0.05
383,203,40,144,1,0.4280664324760437,0.9500000000000004,0,0,0.05263157894736842
383,203,40,157,1,0.930166482925415,0.9500000000000004,0,0,0.29411764705882354
383,203,40,176,1,0.5530173182487488,0.9500000000000004,0,0,0.0625
383,203,40,200,1,0.08917661011219025,0.9500000000000004,0,0,0.06666666666666667
383,203,40,202,1,0.3317417502403259,0.9500000000000004,0,0,0.13333333333333333
383,203,40,21,1,0.6225710511207581,0.9500000000000004,0,0,0.05
383,203,40,259,1,0.8488477468490601,0.9500000000000004,0,0,0.5
383,203,40,260,1,0.7795306444168091,0.9500000000000004,0,0,0.5
383,203,40,261,1,0.4075433313846588,0.9500000000000004,0,0,0.1111111111111111
383,203,40,29,1,0.1265096515417099,0.9500000000000004,0,0,0.05555555555555555
383,203,40,315,1,0.848436176776886,0.9500000000000004,0,0,0.16666666666666666
383,203,40,32,1,0.3715795576572418,0.9500000000000004,0,0,0.05263157894736842
383,203,40,325,1,0.7092803716659546,0.9500000000000004,0,0,0.16666666666666666
383,203,40,326,1,0.8404325842857361,0.9500000000000004,0,0,0.2857142857142857
383,203,40,388,1,0.5174514651298523,0.9500000000000004,0,0,0.25
383,203,40,408,1,0.4309791028499603,0.9500000000000004,0,0,0.2
383,203,40,47,1,0.20850858092308044,0.9500000000000004,0,0,0.05
383,203,40,51,1,0.1356794834136963,0.9500000000000004,0,0,0.0625
383,203,40,96,1,0.07644601911306381,0.9500000000000004,0,0,0.05
384,417,417,268,0,0.8083994388580322,0.9500000000000004,0,0,0.14285714285714285
384,417,417,34,0,0.9597426056861877,0.9500000000000004,1,0,0.5714285714285714
384,417,417,414,0,0.9173956513404846,0.9500000000000004,0,0,0.3333333333333333
384,417,417,415,0,0.6671220064163208,0.9500000000000004,0,0,0.2
384,417,417,419,0,0.6671220064163208,0.9500000000000004,0,0,0.2
384,417,34,157,1,0.7738870978355408,0.9500000000000004,0,0,0.1
384,417,34,165,1,0.5706465840339661,0.9500000000000004,0,0,0.1
384,417,34,192,1,0.9225644469261169,0.9500000000000004,0,0,0.14285714285714285
384,417,34,22,1,0.5010725855827332,0.9500000000000004,0,0,0.1
384,417,34,246,1,0.9161686897277832,0.9500000000000004,0,0,0.3333333333333333
384,417,34,268,1,0.7994674444198608,0.9500000000000004,0,0,0.14285714285714285
384,417,34,38,1,0.30291804671287537,0.9500000000000004,0,0,0.15384615384615385
384,417,34,39,1,0.09737417846918106,0.9500000000000004,0,0,0.08333333333333333
384,417,34,414,1,0.8024269342422485,0.9500000000000004,0,0,0.16666666666666666
384,417,34,420,1,0.8639834523200989,0.9500000000000004,0,0,0.25
384,417,34,94,1,0.602553129196167,0.9500000000000004,0,0,0.1
385,415,415,417,0,0.9334331750869751,0.9500000000000004,0,0,1.0
385,415,415,419,0,0.8765638470649719,0.9500000000000004,0,0,1.0
386,207,207,203,0,0.867372453212738,0.9500000000000004,0,0,1.0
386,207,207,208,0,0.6140181422233582,0.9500000000000004,0,0,1.0
387,184,184,181,0,0.9042034149169922,0.9500000000000004,0,0,0.4
387,184,184,182,0,0.19129140675067902,0.9500000000000004,0,0,0.16666666666666666
387,184,184,183,0,0.5745673775672913,0.9500000000000004,0,0,0.16666666666666666
387,184,184,53,0,0.9851856827735901,0.9500000000000004,1,0,1.0
388,56,56,107,0,0.23330426216125488,0.9500000000000004,0,0,0.09090909090909091
388,56,56,175,0,0.769372820854187,0.9500000000000004,0,0,0.09090909090909091
388,56,56,203,0,0.9032227396965027,0.9500000000000004,0,0,0.1111111111111111
388,56,56,212,0,0.5281952023506165,0.9500000000000004,0,0,0.14285714285714285
388,56,56,226,0,0.6887356042861938,0.9500000000000004,0,0,0.2222222222222222
388,56,56,278,0,0.7361800074577332,0.9500000000000004,0,0,0.16666666666666666
388,56,56,309,0,0.8197221159934998,0.9500000000000004,0,0,0.16666666666666666
388,56,56,423,0,0.9513722658157349,0.9500000000000004,1,0,0.3333333333333333
388,56,56,54,0,0.4542471170425415,0.9500000000000004,0,0,0.09090909090909091
388,56,56,55,0,0.9288111329078674,0.9500000000000004,0,0,0.18181818181818182
388,56,56,59,0,0.7689915299415588,0.9500000000000004,0,0,0.18181818181818182
388,56,56,67,0,0.7075839638710022,0.9500000000000004,0,0,0.09090909090909091
388,56,423,183,1,0.8754950761795044,0.9500000000000004,0,0,0.05
388,56,423,246,1,0.9514299035072327,0.9500000000000004,1,0,0.15
388,56,423,309,1,0.9309237599372864,0.9500000000000004,0,0,0.1
388,56,423,339,1,0.8495370745658875,0.9500000000000004,0,0,0.05
388,56,423,34,1,0.9194811582565308,0.9500000000000004,0,0,0.05
388,56,423,414,1,0.7341367602348328,0.9500000000000004,0,0,0.05
388,56,423,415,1,0.9209917187690735,0.9500000000000004,0,0,0.05
388,56,423,420,1,0.7351515293121338,0.9500000000000004,0,0,0.05
388,56,423,49,1,0.9589256644248962,0.9500000000000004,1,0,0.15
389,268,268,175,0,0.8827090263366699,0.9500000000000004,0,0,0.2
389,268,268,234,0,0.49849653244018555,0.9500000000000004,0,0,0.1
389,268,268,246,0,0.9728007912635803,0.9500000000000004,1,0,1.0
389,268,268,293,0,0.8913570046424866,0.9500000000000004,0,0,0.2
389,268,268,34,0,0.8929880261421204,0.9500000000000004,0,0,0.1
389,268,268,417,0,0.9156947135925293,0.9500000000000004,0,0,0.25
389,268,268,420,0,0.8846589922904968,0.9500000000000004,0,0,0.3333333333333333
389,268,268,58,0,0.6570565700531006,0.9500000000000004,0,0,0.1
389,268,268,68,0,0.8208410143852234,0.9500000000000004,0,0,0.1
389,268,246,298,1,0.747351348400116,0.9500000000000004,0,0,0.16666666666666666
389,268,246,309,1,0.9393401145935059,0.9500000000000004,0,0,0.125
389,268,246,34,1,0.9292561411857605,0.9500000000000004,0,0,0.125
389,268,246,420,1,0.8464292883872986,0.9500000000000004,0,0,0.125
389,268,246,423,1,0.9852114915847778,0.9500000000000004,1,1,1.0
389,268,246,668,1,0.9732286334037781,0.9500000000000004,1,0,0.6666666666666666
390,56,56,107,0,0.1759025901556015,0.9500000000000004,0,0,0.08333333333333333
390,56,56,175,0,0.6919664740562439,0.9500000000000004,0,1,0.08333333333333333
390,56,56,203,0,0.8604748249053955,0.9500000000000004,0,0,0.1
390,56,56,212,0,0.4370267689228058,0.9500000000000004,0,0,0.125
390,56,56,226,0,0.6258787512779236,0.9500000000000004,0,0,0.2
390,56,56,278,0,0.6408878564834595,0.9500000000000004,0,0,0.14285714285714285
390,56,56,309,0,0.7349162697792053,0.9500000000000004,0,0,0.14285714285714285
390,56,56,412,0,0.9337077736854553,0.9500000000000004,0,0,0.25
390,56,56,423,0,0.926861584186554,0.9500000000000004,0,0,0.25
390,56,56,54,0,0.37661322951316833,0.9500000000000004,0,0,0.08333333333333333
390,56,56,55,0,0.9112741947174072,0.9500000000000004,0,0,0.16666666666666666
390,56,56,59,0,0.6962328553199768,0.9500000000000004,0,0,0.16666666666666666
390,56,56,67,0,0.6282722353935242,0.9500000000000004,0,0,0.08333333333333333
391,184,184,181,0,0.864849865436554,0.9500000000000004,0,0,0.3333333333333333
391,184,184,182,0,0.1541031152009964,0.9500000000000004,0,0,0.14285714285714285
391,184,184,183,0,0.46766364574432373,0.9500000000000004,0,0,0.14285714285714285
391,184,184,53,0,0.9820199608802795,0.9500000000000004,1,0,0.75
391,184,184,734,0,0.9835652709007263,0.9500000000000004,1,1,1.0
392,734,734,184,0,0.9837259650230408,0.9500000000000004,1,1,1.0
392,734,734,412,0,0.9637608528137207,0.9500000000000004,1,1,0.5
392,734,412,180,1,0.6176080703735352,0.9500000000000004,0,0,0.3333333333333333
392,734,412,210,1,0.5206710696220398,0.9500000000000004,0,0,0.3333333333333333
392,734,412,56,1,0.946130633354187,0.9500000000000004,0,0,0.3333333333333333
392,734,184,181,1,0.8652913570404053,0.9500000000000004,0,0,0.2857142857142857
392,734,184,182,1,0.13745081424713135,0.9500000000000004,0,0,0.125
392,734,184,183,1,0.4828760027885437,0.9500000000000004,0,0,0.125
392,734,184,53,1,0.9790328741073608,0.9500000000000004,1,0,0.6
393,180,180,210,0,0.8534412384033203,0.9500000000000004,0,0,1.0
393,180,180,32,0,0.614429235458374,0.9500000000000004,0,0,0.5
393,180,180,412,0,0.937000572681427,0.9500000000000004,0,0,1.0
394,67,67,151,0,0.6157272458076477,0.9500000000000004,0,0,0.05263157894736842
394,67,67,154,0,0.09464859962463379,0.9500000000000004,0,0,0.05
394,67,67,155,0,0.26809409260749817,0.9500000000000004,0,0,0.05263157894736842
394,67,67,175,0,0.6949991583824158,0.9500000000000004,0,0,0.05555555555555555
394,67,67,192,0,0.8735063076019287,0.9500000000000004,0,1,0.15384615384615385
394,67,67,220,0,0.2245834320783615,0.9500000000000004,0,0,0.07692307692307693
394,67,67,234,0,0.5181495547294617,0.9500000000000004,0,0,0.0625
394,67,67,262,0,0.5260365605354309,0.9500000000000004,0,0,0.07142857142857142
394,67,67,30,0,0.5830402374267578,0.9500000000000004,0,0,0.0625
394,67,67,309,0,0.9082250595092773,0.9500000000000004,0,0,0.2
394,67,67,423,0,0.9460930824279785,0.9500000000000004,0,1,0.5
394,67,67,46,0,0.5116844177246094,0.9500000000000004,0,0,0.16666666666666666
394,67,67,47,0,0.23064643144607544,0.9500000000000004,0,0,0.047619047619047616
394,67,67,50,0,0.49678051471710205,0.9500000000000004,0,0,0.05
394,67,67,54,0,0.6864358186721802,0.9500000000000004,0,0,0.1
394,67,67,56,0,0.6684877276420593,0.9500000000000004,0,0,0.058823529411764705
394,67,67,57,0,0.5987386703491211,0.9500000000000004,0,0,0.05
394,67,67,58,0,0.5991731882095337,0.9500000000000004,0,0,0.05
394,67,67,65,0,0.5972231030464172,0.9500000000000004,0,0,0.1
394,67,67,68,0,0.5826531052589417,0.9500000000000004,0,0,0.05
394,67,67,77,0,0.09562177211046219,0.9500000000000004,0,0,0.05263157894736842
394,67,67,81,0,0.689238965511322,0.9500000000000004,0,0,0.05
395,423,423,183,0,0.8445926308631897,0.9500000000000004,0,0,0.045454545454545456
395,423,423,192,0,0.9318910241127014,0.9500000000000004,0,0,0.045454545454545456
395,423,423,246,0,0.9366055130958557,0.9500000000000004,0,0,0.13636363636363635
395,423,423,268,0,0.9001765251159668,0.9500000000000004,0,0,0.045454545454545456
395,423,423,309,0,0.9112139344215393,0.9500000000000004,0,1,0.09090909090909091
395,423,423,339,0,0.8096523284912109,0.9500000000000004,0,0,0.045454545454545456
395,423,423,34,0,0.894815981388092,0.9500000000000004,0,0,0.045454545454545456
395,423,423,414,0,0.6465471386909485,0.9500000000000004,0,0,0.045454545454545456
395,423,423,415,0,0.8909621238708496,0.9500000000000004,0,0,0.045454545454545456
395,423,423,420,0,0.6465471386909485,0.9500000000000004,0,0,0.045454545454545456
395,423,423,49,0,0.9490601420402527,0.9500000000000004,0,0,0.13636363636363635
395,423,423,55,0,0.8146827816963196,0.9500000000000004,0,0,0.045454545454545456
395,423,423,56,0,0.8345578908920288,0.9500000000000004,0,0,0.045454545454545456
395,423,423,635,0,0.606066107749939,0.9500000000000004,0,0,0.058823529411764705
395,423,423,638,0,0.8552743792533875,0.9500000000000004,0,0,0.11764705882352941
395,423,423,643,0,0.8788014650344849,0.9500000000000004,0,0,0.16666666666666666
395,423,423,665,0,0.8381823897361755,0.9500000000000004,0,0,0.1111111111111111
395,423,423,668,0,0.8879631161689758,0.9500000000000004,0,0,0.14285714285714285
395,423,423,67,0,0.9606767296791077,0.9500000000000004,1,0,0.13636363636363635
395,423,423,68,0,0.7258824706077576,0.9500000000000004,0,0,0.045454545454545456
395,423,67,151,1,0.5683712959289551,0.9500000000000004,0,0,0.05
395,423,67,154,1,0.06811612844467163,0.9500000000000004,0,0,0.047619047619047616
395,423,67,155,1,0.1979450285434723,0.9500000000000004,0,0,0.05
395,423,67,175,1,0.6480585336685181,0.9500000000000004,0,0,0.05263157894736842
395,423,67,192,1,0.9499651193618774,0.9500000000000004,0,0,0.21428571428571427
395,423,67,220,1,0.16161422431468964,0.9500000000000004,0,0,0.07142857142857142
395,423,67,234,1,0.4518645107746124,0.9500000000000004,0,0,0.058823529411764705
395,423,67,262,1,0.4288398325443268,0.9500000000000004,0,0,0.06666666666666667
395,423,67,30,1,0.5499012470245361,0.9500000000000004,0,0,0.058823529411764705
395,423,67,309,1,0.9045352339744568,0.9500000000000004,0,1,0.18181818181818182
395,423,67,46,1,0.40116503834724426,0.9500000000000004,0,0,0.14285714285714285
395,423,67,47,1,0.17005270719528198,0.9500000000000004,0,0,0.045454545454545456
395,423,67,50,1,0.40163707733154297,0.9500000000000004,0,0,0.047619047619047616
395,423,67,54,1,0.6622896790504456,0.9500000000000004,0,0,0.09523809523809523
395,423,67,56,1,0.6186555027961731,0.9500000000000004,0,0,0.05555555555555555
395,423,67,57,1,0.5798569917678833,0.9500000000000004,0,0,0.047619047619047616
395,423,67,58,1,0.5793216228485107,0.9500000000000004,0,0,0.047619047619047616
395,423,67,65,1,0.5151898264884949,0.9500000000000004,0,0,0.09523809523809523
395,423,67,68,1,0.5455727577209473,0.9500000000000004,0,0,0.047619047619047616
395,423,67,77,1,0.06872973591089249,0.9500000000000004,0,0,0.05
395,423,67,81,1,0.660979151725769,0.9500000000000004,0,0,0.047619047619047616
396,157,157,185,0,0.7904890179634094,0.9500000000000004,0,0,0.08333333333333333
396,157,157,203,0,0.7965421080589294,0.9500000000000004,0,0,0.09090909090909091
396,157,157,211,0,0.8608862161636353,0.9500000000000004,0,0,0.25
396,157,157,226,0,0.44187745451927185,0.9500000000000004,0,0,0.09090909090909091
396,157,157,256,0,0.11422639340162277,0.9500000000000004,0,0,0.125
396,157,157,32,0,0.7268460988998413,0.9500000000000004,0,1,0.23076923076923078
396,157,157,326,0,0.6413897275924683,0.9500000000000004,0,1,0.16666666666666666
396,157,157,34,0,0.8597331643104553,0.9500000000000004,0,0,0.07692307692307693
396,157,157,40,0,0.9608970284461975,0.9500000000000004,1,0,0.38461538461538464
396,157,157,410,0,0.5083175301551819,0.9500000000000004,0,0,0.25
396,157,157,414,0,0.9482769966125488,0.9500000000000004,0,0,1.0
396,157,157,51,0,0.14304111897945404,0.9500000000000004,0,0,0.08333333333333333
396,157,40,1,1,0.183362677693367,0.9500000000000004,0,0,0.047619047619047616
396,157,40,144,1,0.34974461793899536,0.9500000000000004,0,0,0.05
396,157,40,176,1,0.49370017647743225,0.9500000000000004,0,0,0.058823529411764705
396,157,40,200,1,0.06924548745155334,0.9500000000000004,0,0,0.0625
396,157,40,202,1,0.2691175639629364,0.9500000000000004,0,0,0.125
396,157,40,203,1,0.9706510305404663,0.9500000000000004,1,0,0.42857142857142855
396,157,40,21,1,0.5508550405502319,0.9500000000000004,0,0,0.047619047619047616
396,157,40,259,1,0.7093969583511353,0.9500000000000004,0,0,0.3333333333333333
396,157,40,260,1,0.547394335269928,0.9500000000000004,0,0,0.3333333333333333
396,157,40,261,1,0.31106385588645935,0.9500000000000004,0,0,0.1
396,157,40,29,1,0.097745880484581,0.9500000000000004,0,0,0.05263157894736842
396,157,40,315,1,0.7528340816497803,0.9500000000000004,0,0,0.14285714285714285
396,157,40,32,1,0.3183523118495941,0.9500000000000004,0,1,0.05
396,157,40,325,1,0.6093370318412781,0.9500000000000004,0,0,0.14285714285714285
396,157,40,326,1,0.8044713139533997,0.9500000000000004,0,1,0.25
396,157,40,388,1,0.3425810933113098,0.9500000000000004,0,0,0.2
396,157,40,408,1,0.28815096616744995,0.9500000000000004,0,0,0.16666666666666666
396,157,40,47,1,0.1652093231678009,0.9500000000000004,0,0,0.047619047619047616
396,157,40,51,1,0.1051018163561821,0.9500000000000004,0,0,0.058823529411764705
396,157,40,96,1,0.060041043907403946,0.9500000000000004,0,0,0.047619047619047616
396,157,203,159,2,0.36884281039237976,0.9500000000000004,0,0,0.09090909090909091
396,157,203,183,2,0.4925631880760193,0.9500000000000004,0,0,0.09090909090909091
396,157,203,207,2,0.39169034361839294,0.9500000000000004,0,0,0.08333333333333333
396,157,203,208,2,0.07755734026432037,0.9500000000000004,0,0,0.08333333333333333
396,157,203,325,2,0.8559292554855347,0.9500000000000004,0,0,0.2857142857142857
396,157,203,408,2,0.39613863825798035,0.9500000000000004,0,0,0.25
396,157,203,56,2,0.885355532169342,0.9500000000000004,0,0,0.08333333333333333
397,180,180,210,0,0.6016433238983154,0.9500000000000004,0,0,0.5
397,180,180,303,0,0.9582275748252869,0.9500000000000004,1,0,0.5
397,180,180,32,0,0.7843679189682007,0.9500000000000004,0,1,0.3333333333333333
397,180,180,336,0,0.9607459306716919,0.9500000000000004,1,1,0.5
397,180,180,412,0,0.8671597838401794,0.9500000000000004,0,0,0.5
397,180,336,390,1,0.45474883913993835,0.9500000000000004,0,0,0.3333333333333333
397,180,336,413,1,0.6038995981216431,0.9500000000000004,0,0,0.5
397,180,336,68,1,0.6927206516265869,0.9500000000000004,0,0,0.3333333333333333
397,180,303,175,1,0.8575607538223267,0.9500000000000004,0,0,0.16666666666666666
397,180,303,185,1,0.6912813782691956,0.9500000000000004,0,0,0.16666666666666666
397,180,303,282,1,0.3554883301258087,0.9500000000000004,0,0,0.16666666666666666
397,180,303,293,1,0.6910743117332458,0.9500000000000004,0,0,0.16666666666666666
397,180,303,309,1,0.7885737419128418,0.9500000000000004,0,0,0.16666666666666666
397,180,303,406,1,0.26561304926872253,0.9500000000000004,0,0,0.16666666666666666
397,180,303,68,1,0.7514613270759583,0.9500000000000004,0,0,0.16666666666666666
398,209,209,192,0,0.8269490003585815,0.9500000000000004,0,0,0.5
398,209,209,22,0,0.9026941061019897,0.9500000000000004,0,0,0.75
398,209,209,226,0,0.4966132342815399,0.9500000000000004,0,0,0.25
398,209,209,271,0,0.3168225884437561,0.9500000000000004,0,0,0.5
399,55,55,185,0,0.8643370270729065,0.9500000000000004,0,0,0.09090909090909091
399,55,55,262,0,0.90572589635849,0.9500000000000004,0,0,0.25
399,55,55,272,0,0.7298569083213806,0.9500000000000004,0,0,0.2727272727272727
399,55,55,302,0,0.9704829454421997,0.9500000000000004,1,0,0.42857142857142855
399,55,55,423,0,0.916814386844635,0.9500000000000004,0,1,0.2
399,55,55,54,0,0.710739254951477,0.9500000000000004,0,0,0.08333333333333333
399,55,55,56,0,0.9230694770812988,0.9500000000000004,0,0,0.16666666666666666
399,55,55,57,0,0.3757812976837158,0.9500000000000004,0,0,0.07142857142857142
399,55,55,58,0,0.8941326141357422,0.9500000000000004,0,0,0.21428571428571427
399,55,55,59,0,0.43554797768592834,0.9500000000000004,0,0,0.07142857142857142
399,55,302,175,1,0.9403060078620911,0.9500000000000004,0,0,0.2727272727272727
399,55,302,185,1,0.8648157119750977,0.9500000000000004,0,0,0.09090909090909091
399,55,302,192,1,0.7972323298454285,0.9500000000000004,0,0,0.09090909090909091
399,55,302,262,1,0.7319501042366028,0.9500000000000004,0,0,0.09090909090909091
399,55,302,293,1,0.830428957939148,0.9500000000000004,0,0,0.18181818181818182
399,55,302,309,1,0.8893997073173523,0.9500000000000004,0,0,0.18181818181818182
399,55,302,311,1,0.770632266998291,0.9500000000000004,0,0,0.09090909090909091
399,55,302,313,1,0.5364046692848206,0.9500000000000004,0,0,0.14285714285714285
399,55,302,339,1,0.7006977200508118,0.9500000000000004,0,0,0.09090909090909091
399,55,302,381,1,0.43147632479667664,0.9500000000000004,0,0,0.09090909090909091
399,55,302,385,1,0.3381667137145996,0.9500000000000004,0,0,0.09090909090909091
400,49,49,106,0,0.2421020120382309,0.9500000000000004,0,0,0.14285714285714285
400,49,49,144,0,0.7824853658676147,0.9500000000000004,0,0,0.14285714285714285
400,49,49,161,0,0.17256394028663635,0.9500000000000004,0,0,0.14285714285714285
400,49,49,423,0,0.9874100089073181,0.9500000000000004,1,0,0.75
400,49,49,48,0,0.10595327615737915,0.9500000000000004,0,0,0.07692307692307693
400,49,49,50,0,0.4309678375720978,0.9500000000000004,0,0,0.14285714285714285
400,49,49,52,0,0.10958240181207657,0.9500000000000004,0,0,0.09090909090909091
400,49,49,58,0,0.4304538071155548,0.9500000000000004,0,0,0.1
400,49,49,59,0,0.4626450538635254,0.9500000000000004,0,0,0.07692307692307693
400,49,49,80,0,0.5117617249488831,0.9500000000000004,0,0,0.15384615384615385
400,49,49,81,0,0.7091692090034485,0.9500000000000004,0,0,0.18181818181818182
400,49,49,94,0,0.45044198632240295,0.9500000000000004,0,0,0.1111111111111111
400,49,49,98,0,0.2222028374671936,0.9500000000000004,0,0,0.1
400,49,423,183,1,0.7679401636123657,0.9500000000000004,0,0,0.041666666666666664
400,49,423,192,1,0.8963887691497803,0.9500000000000004,0,0,0.041666666666666664
400,49,423,246,1,0.9057796001434326,0.9500000000000004,0,0,0.125
400,49,423,268,1,0.8684633374214172,0.9500000000000004,0,0,0.041666666666666664
400,49,423,309,1,0.9481661319732666,0.9500000000000004,0,0,0.125
400,49,423,339,1,0.7241548299789429,0.9500000000000004,0,0,0.041666666666666664
400,49,423,34,1,0.8531324863433838,0.9500000000000004,0,0,0.041666666666666664
400,49,423,414,1,0.5241812467575073,0.9500000000000004,0,0,0.041666666666666664
400,49,423,415,1,0.8473066091537476,0.9500000000000004,0,0,0.041666666666666664
400,49,423,420,1,0.5241812467575073,0.9500000000000004,0,0,0.041666666666666664
400,49,423,55,1,0.9633453488349915,0.9500000000000004,1,1,0.08333333333333333
400,49,423,56,1,0.744127631187439,0.9500000000000004,0,0,0.041666666666666664
400,49,423,635,1,0.4382129907608032,0.9500000000000004,0,0,0.05263157894736842
400,49,423,638,1,0.7670592069625854,0.9500000000000004,0,0,0.10526315789473684
400,49,423,643,1,0.7921584844589233,0.9500000000000004,0,0,0.125
400,49,423,665,1,0.7187876105308533,0.9500000000000004,0,0,0.09090909090909091
400,49,423,668,1,0.8234871029853821,0.9500000000000004,0,0,0.125
400,49,423,67,1,0.9419392943382263,0.9500000000000004,0,0,0.125
400,49,423,68,1,0.6452031135559082,0.9500000000000004,0,0,0.041666666666666664
400,49,55,185,2,0.7795535326004028,0.9500000000000004,0,0,0.08333333333333333
400,49,55,262,2,0.7981587052345276,0.9500000000000004,0,0,0.2222222222222222
400,49,55,272,2,0.52680903673172,0.9500000000000004,0,0,0.25
400,49,55,302,2,0.9566411972045898,0.9500000000000004,1,0,0.375
401,56,56,107,0,0.1909993588924408,0.9500000000000004,0,0,0.07692307692307693
401,56,56,175,0,0.9338759779930115,0.9500000000000004,0,0,0.15384615384615385
401,56,56,203,0,0.8348515033721924,0.9500000000000004,0,0,0.09090909090909091
401,56,56,212,0,0.44481992721557617,0.9500000000000004,0,0,0.1111111111111111
401,56,56,226,0,0.6324502825737,0.9500000000000004,0,0,0.18181818181818182
401,56,56,278,0,0.6364421844482422,0.9500000000000004,0,0,0.125
401,56,56,309,0,0.7760120630264282,0.9500000000000004,0,0,0.125
401,56,56,412,0,0.9286778569221497,0.9500000000000004,0,0,0.2
401,56,56,423,0,0.9452704787254333,0.9500000000000004,0,1,0.2
401,56,56,54,0,0.3959743082523346,0.9500000000000004,0,0,0.07692307692307693
401,56,56,55,0,0.9511704444885254,0.9500000000000004,1,0,0.15384615384615385
401,56,56,59,0,0.7054762244224548,0.9500000000000004,0,0,0.15384615384615385
401,56,56,67,0,0.6746549010276794,0.9500000000000004,0,0,0.07692307692307693
401,56,55,185,1,0.8137604594230652,0.9500000000000004,0,0,0.07692307692307693
401,56,55,262,1,0.8226890563964844,0.9500000000000004,0,0,0.2
401,56,55,272,1,0.5499868392944336,0.9500000000000004,0,0,0.23076923076923078
401,56,55,302,1,0.9554998278617859,0.9500000000000004,1,0,0.3333333333333333
401,56,55,423,1,0.9635404348373413,0.9500000000000004,1,1,0.2857142857142857
402,56,56,107,0,0.13173657655715942,0.9500000000000004,0,0,0.07142857142857142
402,56,56,175,0,0.9155693054199219,0.9500000000000004,0,0,0.14285714285714285
402,56,56,203,0,0.7302572131156921,0.9500000000000004,0,0,0.08333333333333333
402,56,56,212,0,0.28573957085609436,0.9500000000000004,0,0,0.1
402,56,56,226,0,0.5027384161949158,0.9500000000000004,0,0,0.16666666666666666
402,56,56,278,0,0.4869329333305359,0.9500000000000004,0,0,0.1111111111111111
402,56,56,309,0,0.6417633295059204,0.9500000000000004,0,0,0.1111111111111111
402,56,56,412,0,0.9082067608833313,0.9500000000000004,0,0,0.16666666666666666
402,56,56,423,0,0.9582376480102539,0.9500000000000004,1,1,0.3333333333333333
402,56,56,54,0,0.27748534083366394,0.9500000000000004,0,0,0.07142857142857142
402,56,56,55,0,0.9259973168373108,0.9500000000000004,0,0,0.14285714285714285
402,56,56,59,0,0.5793156623840332,0.9500000000000004,0,0,0.14285714285714285
402,56,56,67,0,0.5515381097793579,0.9500000000000004,0,0,0.07142857142857142
402,56,423,183,1,0.7874590158462524,0.9500000000000004,0,0,0.04
402,56,423,192,1,0.9030405282974243,0.9500000000000004,0,0,0.04
402,56,423,246,1,0.9126909971237183,0.9500000000000004,0,0,0.12
402,56,423,268,1,0.8790198564529419,0.9500000000000004,0,1,0.04
402,56,423,309,1,0.9530097246170044,0.9500000000000004,1,0,0.12
402,56,423,339,1,0.7422761917114258,0.9500000000000004,0,0,0.04
402,56,423,34,1,0.8667065501213074,0.9500000000000004,0,0,0.04
402,56,423,414,1,0.5483919978141785,0.9500000000000004,0,0,0.04
402,56,423,415,1,0.8579831719398499,0.9500000000000004,0,0,0.04
402,56,423,420,1,0.5483919978141785,0.9500000000000004,0,0,0.04
402,56,423,49,1,0.9567922353744507,0.9500000000000004,1,0,0.12
403,417,417,268,0,0.9150872826576233,0.9500000000000004,0,0,0.125
403,417,417,34,0,0.9583573341369629,0.9500000000000004,1,0,0.5
403,417,417,414,0,0.8865295648574829,0.9500000000000004,0,0,0.2857142857142857
403,417,417,415,0,0.8172146677970886,0.9500000000000004,0,0,0.16666666666666666
403,417,417,416,0,0.9654215574264526,0.9500000000000004,1,0,1.0
403,417,417,419,0,0.49727484583854675,0.9500000000000004,0,0,0.16666666666666666
403,417,34,157,1,0.8602635264396667,0.9500000000000004,0,0,0.09090909090909091
403,417,34,165,1,0.5396977066993713,0.9500000000000004,0,0,0.09090909090909091
403,417,34,192,1,0.8914535045623779,0.9500000000000004,0,0,0.125
403,417,34,22,1,0.4794756770133972,0.9500000000000004,0,0,0.09090909090909091
403,417,34,246,1,0.8605028986930847,0.9500000000000004,0,0,0.25
403,417,34,268,1,0.9117072820663452,0.9500000000000004,0,0,0.125
403,417,34,38,1,0.27003881335258484,0.9500000000000004,0,0,0.14285714285714285
403,417,34,39,1,0.08779267966747284,0.9500000000000004,0,0,0.07692307692307693
403,417,34,414,1,0.7278908491134644,0.9500000000000004,0,0,0.14285714285714285
403,417,34,415,1,0.9159287810325623,0.9500000000000004,0,0,0.2
403,417,34,420,1,0.7942955493927002,0.9500000000000004,0,0,0.2
403,417,34,423,1,0.961391270160675,0.9500000000000004,1,0,0.3333333333333333
404,423,423,183,0,0.8243765234947205,0.9500000000000004,0,0,0.038461538461538464
404,423,423,192,0,0.912224531173706,0.9500000000000004,0,0,0.038461538461538464
404,423,423,246,0,0.9295690655708313,0.9500000000000004,0,0,0.11538461538461539
404,423,423,268,0,0.9524139761924744,0.9500000000000004,1,0,0.07692307692307693
404,423,423,309,0,0.961082398891449,0.9500000000000004,1,0,0.11538461538461539
404,423,423,339,0,0.7832568287849426,0.9500000000000004,0,0,0.038461538461538464
404,423,423,34,0,0.8839108347892761,0.9500000000000004,0,0,0.038461538461538464
404,423,423,414,0,0.6100308895111084,0.9500000000000004,0,0,0.038461538461538464
404,423,423,415,0,0.8778821229934692,0.9500000000000004,0,0,0.038461538461538464
404,423,423,420,0,0.6100308895111084,0.9500000000000004,0,0,0.038461538461538464
404,423,423,49,0,0.9591343402862549,0.9500000000000004,1,0,0.11538461538461539
405,309,309,185,0,0.902154803276062,0.9500000000000004,0,0,0.2
405,309,309,192,0,0.8984166383743286,0.9500000000000004,0,0,0.06666666666666667
405,309,309,246,0,0.8579798340797424,0.9500000000000004,0,0,0.16666666666666666
405,309,309,30,0,0.5786874294281006,0.9500000000000004,0,0,0.06666666666666667
405,309,309,302,0,0.8237848877906799,0.9500000000000004,0,1,0.16666666666666666
405,309,309,303,0,0.7370723485946655,0.9500000000000004,0,0,0.09090909090909091
405,309,309,312,0,0.26454994082450867,0.9500000000000004,0,0,0.06666666666666667
405,309,309,313,0,0.7115768194198608,0.9500000000000004,0,0,0.18181818181818182
405,309,309,326,0,0.6908549666404724,0.9500000000000004,0,0,0.07142857142857142
405,309,309,334,0,0.15728183090686798,0.9500000000000004,0,0,0.07142857142857142
405,309,309,423,0,0.9767467975616455,0.9500000000000004,1,0,0.6
405,309,309,56,0,0.7910786867141724,0.9500000000000004,0,0,0.06666666666666667
405,309,309,58,0,0.620628833770752,0.9500000000000004,0,0,0.06666666666666667
405,309,309,67,0,0.926047146320343,0.9500000000000004,0,0,0.13333333333333333
405,309,423,183,1,0.8109130859375,0.9500000000000004,0,0,0.037037037037037035
405,309,423,192,1,0.9095764756202698,0.9500000000000004,0,0,0.037037037037037035
405,309,423,220,1,0.9408765435218811,0.9500000000000004,0,0,0.037037037037037035
405,309,423,246,1,0.9211458563804626,0.9500000000000004,0,0,0.1111111111111111
405,309,423,268,1,0.9476473927497864,0.9500000000000004,0,0,0.07407407407407407
405,309,423,339,1,0.7652210593223572,0.9500000000000004,0,0,0.037037037037037035
405,309,423,34,1,0.8782052993774414,0.9500000000000004,0,0,0.037037037037037035
405,309,423,414,1,0.5849350094795227,0.9500000000000004,0,0,0.037037037037037035
405,309,423,415,1,0.870315670967102,0.9500000000000004,0,0,0.037037037037037035
405,309,423,420,1,0.5849350094795227,0.9500000000000004,0,0,0.037037037037037035
405,309,423,49,1,0.9542596340179443,0.9500000000000004,1,0,0.1111111111111111
405,309,423,55,1,0.9496188163757324,0.9500000000000004,0,0,0.07407407407407407
405,309,423,56,1,0.9590032696723938,0.9500000000000004,1,0,0.1111111111111111
406,262,262,192,0,0.6992000937461853,0.9500000000000004,0,0,0.25
406,262,262,281,0,0.39687713980674744,0.9500000000000004,0,0,0.2
406,262,262,302,0,0.9215946793556213,0.9500000000000004,0,0,0.5
406,262,262,44,0,0.6250073909759521,0.9500000000000004,0,0,0.2
406,262,262,55,0,0.9172645211219788,0.9500000000000004,0,0,0.4
406,262,262,67,0,0.706365168094635,0.9500000000000004,0,0,0.2
407,246,246,268,0,0.9534175395965576,0.9500000000000004,1,0,0.25
407,246,246,298,0,0.6595451831817627,0.9500000000000004,0,0,0.16666666666666666
407,246,246,309,0,0.9428475499153137,0.9500000000000004,0,0,0.125
407,246,246,34,0,0.8850162625312805,0.9500000000000004,0,0,0.125
407,246,246,420,0,0.8037675619125366,0.9500000000000004,0,0,0.125
407,246,246,423,0,0.9834609031677246,0.9500000000000004,1,0,1.0
407,246,246,668,0,0.9654984474182129,0.9500000000000004,1,0,0.6666666666666666
408,307,307,21,0,0.9742814302444458,0.9500000000000004,1,1,0.8333333333333334
408,307,307,339,0,0.9798343777656555,0.9500000000000004,1,1,1.0
408,307,307,340,0,0.5232266783714294,0.9500000000000004,0,0,0.2
408,307,339,175,1,0.8021727204322815,0.9500000000000004,0,0,0.1111111111111111
408,307,339,302,1,0.8636929988861084,0.9500000000000004,0,0,0.16666666666666666
408,307,339,316,1,0.30865657329559326,0.9500000000000004,0,0,0.14285714285714285
408,307,339,340,1,0.48692214488983154,0.9500000000000004,0,0,0.125
408,307,339,423,1,0.9643473625183105,0.9500000000000004,1,0,0.5
409,619,619,610,0,0.9663030505180359,0.9500000000000004,1,1,0.6666666666666666
409,619,619,626,0,0.8897342681884766,0.9500000000000004,0,0,0.5
409,619,619,638,0,0.9469765424728394,0.9500000000000004,0,0,1.0
409,619,619,670,0,0.8397049307823181,0.9500000000000004,0,0,0.3333333333333333
409,619,610,621,1,0.7247416377067566,0.9500000000000004,0,0,0.16666666666666666
409,619,610,625,1,0.9341081380844116,0.9500000000000004,0,0,1.0
409,619,610,638,1,0.8917140364646912,0.9500000000000004,0,0,0.3333333333333333
409,619,610,669,1,0.9258096814155579,0.9500000000000004,0,0,0.4
409,619,610,670,1,0.7957857251167297,0.9500000000000004,0,0,0.25
410,15,15,16,0,0.936399519443512,0.9500000000000004,0,1,1.0
410,15,15,17,0,0.5470809936523438,0.9500000000000004,0,0,0.3333333333333333
411,49,49,106,0,0.2232891172170639,0.9500000000000004,0,0,0.125
411,49,49,144,0,0.7285513877868652,0.9500000000000004,0,0,0.125
411,49,49,161,0,0.15731491148471832,0.9500000000000004,0,0,0.125
411,49,49,423,0,0.9805054068565369,0.9500000000000004,1,0,0.6
411,49,49,48,0,0.100967176258564,0.9500000000000004,0,0,0.07142857142857142
411,49,49,50,0,0.40315738320350647,0.9500000000000004,0,0,0.125
411,49,49,52,0,0.10376077890396118,0.9500000000000004,0,0,0.08333333333333333
411,49,49,55,0,0.863627016544342,0.9500000000000004,0,0,0.09090909090909091
411,49,49,58,0,0.4164098799228668,0.9500000000000004,0,0,0.09090909090909091
411,49,49,59,0,0.44188207387924194,0.9500000000000004,0,0,0.07142857142857142
411,49,49,80,0,0.48966774344444275,0.9500000000000004,0,0,0.14285714285714285
411,49,49,81,0,0.670261800289154,0.9500000000000004,0,0,0.16666666666666666
411,49,49,94,0,0.43289241194725037,0.9500000000000004,0,0,0.1
411,49,49,98,0,0.21335165202617645,0.9500000000000004,0,0,0.09090909090909091
411,49,423,183,1,0.7972436547279358,0.9500000000000004,0,0,0.037037037037037035
411,49,423,192,1,0.8698456883430481,0.9500000000000004,0,0,0.037037037037037035
411,49,423,220,1,0.8689990043640137,0.9500000000000004,0,0,0.037037037037037035
411,49,423,246,1,0.9484634399414062,0.9500000000000004,0,0,0.1111111111111111
411,49,423,268,1,0.9192408919334412,0.9500000000000004,0,1,0.07407407407407407
411,49,423,309,1,0.9525516629219055,0.9500000000000004,1,0,0.1111111111111111
411,49,423,339,1,0.8551008701324463,0.9500000000000004,0,0,0.037037037037037035
411,49,423,34,1,0.8515733480453491,0.9500000000000004,0,0,0.037037037037037035
411,49,423,414,1,0.6291735768318176,0.9500000000000004,0,0,0.037037037037037035
411,49,423,415,1,0.8304105997085571,0.9500000000000004,0,0,0.037037037037037035
411,49,423,420,1,0.6291735768318176,0.9500000000000004,0,0,0.037037037037037035
411,49,423,55,1,0.9197914004325867,0.9500000000000004,0,0,0.07407407407407407
411,49,423,56,1,0.9428901672363281,0.9500000000000004,0,0,0.1111111111111111
411,49,423,635,1,0.5473806262016296,0.9500000000000004,0,0,0.045454545454545456
411,49,423,638,1,0.8406925201416016,0.9500000000000004,0,0,0.09090909090909091
411,49,423,643,1,0.7987271547317505,0.9500000000000004,0,0,0.09090909090909091
411,49,423,665,1,0.7551295161247253,0.9500000000000004,0,0,0.07142857142857142
411,49,423,668,1,0.868472695350647,0.9500000000000004,0,0,0.10526315789473684
411,49,423,67,1,0.9429507851600647,0.9500000000000004,0,0,0.1111111111111111
411,49,423,68,1,0.8149052858352661,0.9500000000000004,0,0,0.037037037037037035
411,49,309,185,2,0.888684093952179,0.9500000000000004,0,0,0.1875
411,49,309,192,2,0.8570320010185242,0.9500000000000004,0,0,0.0625
411,49,309,246,2,0.8841708302497864,0.9500000000000004,0,0,0.14285714285714285
411,49,309,30,2,0.5608357191085815,0.9500000000000004,0,0,0.0625
411,49,309,302,2,0.9330435991287231,0.9500000000000004,0,0,0.23076923076923078
411,49,309,303,2,0.6679689288139343,0.9500000000000004,0,0,0.08333333333333333
411,49,309,312,2,0.2549082636833191,0.9500000000000004,0,0,0.0625
411,49,309,313,2,0.6860985159873962,0.9500000000000004,0,0,0.16666666666666666
411,49,309,326,2,0.6251682639122009,0.9500000000000004,0,0,0.06666666666666667
411,49,309,334,2,0.15314699709415436,0.9500000000000004,0,0,0.06666666666666667
411,49,309,56,2,0.7009762525558472,0.9500000000000004,0,0,0.0625
411,49,309,58,2,0.6053435206413269,0.9500000000000004,0,0,0.0625
411,49,309,67,2,0.9029195308685303,0.9500000000000004,0,0,0.125
412,57,57,155,0,0.20585350692272186,0.9500000000000004,0,0,0.0625
412,57,57,165,0,0.5790885090827942,0.9500000000000004,0,0,0.0625
412,57,57,21,0,0.6147328615188599,0.9500000000000004,0,0,0.05555555555555555
412,57,57,237,0,0.7703304886817932,0.9500000000000004,0,0,0.2857142857142857
412,57,57,269,0,0.12430207431316376,0.9500000000000004,0,0,0.09090909090909091
412,57,57,278,0,0.47324007749557495,0.9500000000000004,0,1,0.1111111111111111
412,57,57,294,0,0.15186473727226257,0.9500000000000004,0,0,0.1111111111111111
412,57,57,368,0,0.9133983254432678,0.9500000000000004,0,0,0.5
412,57,57,44,0,0.5900258421897888,0.9500000000000004,0,0,0.11764705882352941
412,57,57,55,0,0.5281569957733154,0.9500000000000004,0,0,0.05555555555555555
412,57,57,58,0,0.9209895730018616,0.9500000000000004,0,0,0.2777777777777778
412,57,57,67,0,0.7283231616020203,0.9500000000000004,0,0,0.05555555555555555
412,57,57,68,0,0.6103686094284058,0.9500000000000004,0,0,0.058823529411764705
412,57,57,80,0,0.29965636134147644,0.9500000000000004,0,0,0.05555555555555555
413,333,333,246,0,0.9498260021209717,0.9500000000000004,0,0,1.0
413,333,333,278,0,0.826076865196228,0.9500000000000004,0,0,0.3333333333333333
413,333,333,340,0,0.6437351703643799,0.9500000000000004,0,0,0.3333333333333333
413,333,333,68,0,0.9199492931365967,0.9500000000000004,0,0,0.3333333333333333
414,54,54,145,0,0.1928955763578415,0.9500000000000004,0,0,0.2
414,54,54,226,0,0.5403783917427063,0.9500000000000004,0,0,0.3333333333333333
414,54,54,55,0,0.7782151103019714,0.9500000000000004,0,0,0.2
414,54,54,56,0,0.6637887954711914,0.9500000000000004,0,0,0.3333333333333333
414,54,54,67,0,0.8411422371864319,0.9500000000000004,0,0,0.4
414,54,54,68,0,0.6194177269935608,0.9500000000000004,0,0,0.2
415,207,207,20,0,0.9205577969551086,0.9500000000000004,0,0,1.0
415,207,207,203,0,0.6800572276115417,0.9500000000000004,0,0,0.5
415,207,207,208,0,0.3040827214717865,0.9500000000000004,0,0,0.5
417,630,630,629,0,0.9645273089408875,0.9500000000000004,1,0,1.0
418,548,548,549,0,0.8586168885231018,0.9500000000000004,0,1,0.5
418,548,548,671,0,0.834709644317627,0.9500000000000004,0,0,0.3333333333333333
418,548,548,672,0,0.950574517250061,0.9500000000000004,1,0,0.6666666666666666
418,548,672,671,1,0.8651959896087646,0.9500000000000004,0,0,0.5
419,549,549,192,0,0.9665730595588684,0.9500000000000004,1,1,0.5
419,549,549,548,0,0.977708637714386,0.9500000000000004,1,0,1.0
419,549,548,671,1,0.5286738872528076,0.9500000000000004,0,0,0.25
419,549,548,672,1,0.8754523396492004,0.9500000000000004,0,0,0.5
419,549,192,175,1,0.8750745058059692,0.9500000000000004,0,0,0.2727272727272727
419,549,192,209,1,0.40151965618133545,0.9500000000000004,0,0,0.09090909090909091
419,549,192,213,1,0.13998091220855713,0.9500000000000004,0,0,0.09090909090909091
419,549,192,262,1,0.462182879447937,0.9500000000000004,0,0,0.09090909090909091
419,549,192,271,1,0.09540404379367828,0.9500000000000004,0,0,0.1
419,549,192,302,1,0.6448186635971069,0.9500000000000004,0,0,0.125
419,549,192,309,1,0.7806559801101685,0.9500000000000004,0,0,0.125
419,549,192,34,1,0.6689175963401794,0.9500000000000004,0,0,0.09090909090909091
419,549,192,423,1,0.8440536856651306,0.9500000000000004,0,0,0.2
419,549,192,67,1,0.9034386873245239,0.9500000000000004,0,0,0.2727272727272727
420,548,548,192,0,0.9644929766654968,0.9500000000000004,1,0,0.25
420,548,548,549,0,0.9797956943511963,0.9500000000000004,1,1,0.6666666666666666
420,548,548,671,0,0.6007823944091797,0.9500000000000004,0,0,0.25
420,548,548,672,0,0.9001661539077759,0.9500000000000004,0,0,0.5
420,548,192,175,1,0.8414589762687683,0.9500000000000004,0,0,0.25
420,548,192,209,1,0.34017059206962585,0.9500000000000004,0,0,0.08333333333333333
420,548,192,213,1,0.1336405873298645,0.9500000000000004,0,0,0.08333333333333333
420,548,192,262,1,0.39274972677230835,0.9500000000000004,0,0,0.08333333333333333
420,548,192,271,1,0.08645985275506973,0.9500000000000004,0,0,0.09090909090909091
420,548,192,302,1,0.6210128664970398,0.9500000000000004,0,0,0.1111111111111111
420,548,192,309,1,0.7515453100204468,0.9500000000000004,0,0,0.1111111111111111
420,548,192,34,1,0.6377045512199402,0.9500000000000004,0,0,0.08333333333333333
420,548,192,423,1,0.8160719275474548,0.9500000000000004,0,0,0.16666666666666666
420,548,192,67,1,0.9190745949745178,0.9500000000000004,0,0,0.25
421,175,175,17,0,0.5352919697761536,0.9500000000000004,0,0,0.047619047619047616
421,175,175,18,0,0.23413148522377014,0.9500000000000004,0,0,0.09090909090909091
421,175,175,185,0,0.48263680934906006,0.9500000000000004,0,0,0.05
421,175,175,186,0,0.11469368636608124,0.9500000000000004,0,0,0.05
421,175,175,192,0,0.9181353449821472,0.9500000000000004,0,0,0.16666666666666666
421,175,175,21,0,0.560791552066803,0.9500000000000004,0,0,0.047619047619047616
421,175,175,212,0,0.5919685959815979,0.9500000000000004,0,0,0.10526315789473684
421,175,175,213,0,0.23392422497272491,0.9500000000000004,0,0,0.05263157894736842
421,175,175,234,0,0.45075082778930664,0.9500000000000004,0,0,0.05263157894736842
421,175,175,253,0,0.29791197180747986,0.9500000000000004,0,0,0.05263157894736842
421,175,175,267,0,0.6498058438301086,0.9500000000000004,0,0,0.05263157894736842
421,175,175,268,0,0.8166189789772034,0.9500000000000004,0,0,0.1111111111111111
421,175,175,30,0,0.5027081966400146,0.9500000000000004,0,0,0.05263157894736842
421,175,175,302,0,0.926771879196167,0.9500000000000004,0,0,0.23076923076923078
421,175,175,303,0,0.7341557145118713,0.9500000000000004,0,0,0.1
421,175,175,311,0,0.6220362782478333,0.9500000000000004,0,0,0.07692307692307693
421,175,175,339,0,0.6644245982170105,0.9500000000000004,0,0,0.06666666666666667
421,175,175,44,0,0.45259127020835876,0.9500000000000004,0,0,0.047619047619047616
421,175,175,56,0,0.8659111857414246,0.9500000000000004,0,0,0.1
421,175,175,609,0,0.5468416810035706,0.9500000000000004,0,0,0.16666666666666666
421,175,175,67,0,0.5728952884674072,0.9500000000000004,0,0,0.047619047619047616
421,175,175,671,0,0.7378735542297363,0.9500000000000004,0,0,0.25
422,209,209,192,0,0.7606406807899475,0.9500000000000004,0,0,0.3333333333333333
422,209,209,22,0,0.8711588382720947,0.9500000000000004,0,0,0.6
422,209,209,226,0,0.43259209394454956,0.9500000000000004,0,0,0.2
422,209,209,271,0,0.1569332629442215,0.9500000000000004,0,0,0.3333333333333333
422,209,209,736,0,0.9317155480384827,0.9500000000000004,0,1,1.0
422,209,209,737,0,0.9317155480384827,0.9500000000000004,0,1,1.0
423,56,56,107,0,0.18767879903316498,0.9500000000000004,0,0,0.06666666666666667
423,56,56,175,0,0.9450624585151672,0.9500000000000004,0,1,0.13333333333333333
423,56,56,203,0,0.7484710812568665,0.9500000000000004,0,0,0.07692307692307693
423,56,56,212,0,0.38472434878349304,0.9500000000000004,0,0,0.09090909090909091
423,56,56,226,0,0.6021018624305725,0.9500000000000004,0,0,0.15384615384615385
423,56,56,268,0,0.8411685228347778,0.9500000000000004,0,0,0.1
423,56,56,278,0,0.7304236888885498,0.9500000000000004,0,0,0.1
423,56,56,309,0,0.6719838976860046,0.9500000000000004,0,0,0.1
423,56,56,412,0,0.824461817741394,0.9500000000000004,0,0,0.14285714285714285
423,56,56,423,0,0.9607154726982117,0.9500000000000004,1,0,0.42857142857142855
423,56,56,54,0,0.5374853014945984,0.9500000000000004,0,0,0.06666666666666667
423,56,56,55,0,0.8834258317947388,0.9500000000000004,0,0,0.13333333333333333
423,56,56,59,0,0.6606119871139526,0.9500000000000004,0,0,0.13333333333333333
423,56,56,67,0,0.5844516158103943,0.9500000000000004,0,0,0.06666666666666667
423,56,423,183,1,0.7143716812133789,0.9500000000000004,0,0,0.03571428571428571
423,56,423,192,1,0.8802763223648071,0.9500000000000004,0,0,0.03571428571428571
423,56,423,220,1,0.7863057851791382,0.9500000000000004,0,0,0.03571428571428571
423,56,423,246,1,0.9244067072868347,0.9500000000000004,0,0,0.10714285714285714
423,56,423,268,1,0.8934392333030701,0.9500000000000004,0,0,0.07142857142857142
423,56,423,309,1,0.9275234937667847,0.9500000000000004,0,0,0.10714285714285714
423,56,423,333,1,0.8313239216804504,0.9500000000000004,0,0,0.03571428571428571
423,56,423,339,1,0.77004075050354,0.9500000000000004,0,0,0.03571428571428571
423,56,423,34,1,0.7815483212471008,0.9500000000000004,0,0,0.03571428571428571
423,56,423,414,1,0.5715214610099792,0.9500000000000004,0,0,0.03571428571428571
423,56,423,415,1,0.7209039330482483,0.9500000000000004,0,0,0.03571428571428571
423,56,423,420,1,0.5715214610099792,0.9500000000000004,0,0,0.03571428571428571
423,56,423,49,1,0.930724024772644,0.9500000000000004,0,0,0.10714285714285714
423,56,423,55,1,0.8826994299888611,0.9500000000000004,0,0,0.07142857142857142
423,56,423,635,1,0.4426988363265991,0.9500000000000004,0,0,0.043478260869565216
423,56,423,638,1,0.7930320501327515,0.9500000000000004,0,0,0.08695652173913043
423,56,423,643,1,0.6781595349311829,0.9500000000000004,0,0,0.08333333333333333
423,56,423,665,1,0.6294963359832764,0.9500000000000004,0,0,0.06666666666666667
423,56,423,668,1,0.8160163164138794,0.9500000000000004,0,0,0.1
423,56,423,67,1,0.91722172498703,0.9500000000000004,0,0,0.10714285714285714
423,56,423,68,1,0.7358012795448303,0.9500000000000004,0,0,0.03571428571428571
424,736,736,209,0,0.9690828323364258,0.9500000000000004,1,0,1.0
424,736,736,737,0,0.9673944115638733,0.9500000000000004,1,0,1.0
424,736,209,192,1,0.6574650406837463,0.9500000000000004,0,0,0.25
424,736,209,22,1,0.8186412453651428,0.9500000000000004,0,0,0.5
424,736,209,226,1,0.3442602753639221,0.9500000000000004,0,0,0.16666666666666666
424,736,209,271,1,0.10642652213573456,0.9500000000000004,0,0,0.25
425,736,736,209,0,0.9627338647842407,0.9500000000000004,1,0,0.6666666666666666
425,736,736,735,0,0.9708096385002136,0.9500000000000004,1,1,1.0
425,736,736,737,0,0.9609967470169067,0.9500000000000004,1,0,0.6666666666666666
426,30,30,159,0,0.5055400729179382,0.9500000000000004,0,0,0.16666666666666666
426,30,30,175,0,0.723471462726593,0.9500000000000004,0,0,0.14285714285714285
426,30,30,185,0,0.6201719641685486,0.9500000000000004,0,0,0.14285714285714285
426,30,30,22,0,0.514737069606781,0.9500000000000004,0,0,0.14285714285714285
426,30,30,293,0,0.5772480368614197,0.9500000000000004,0,0,0.16666666666666666
426,30,30,309,0,0.7119140028953552,0.9500000000000004,0,0,0.25
426,30,30,67,0,0.674512505531311,0.9500000000000004,0,0,0.14285714285714285
426,30,30,69,0,0.3393945097923279,0.9500000000000004,0,0,0.14285714285714285
426,30,30,81,0,0.5658807754516602,0.9500000000000004,0,0,0.14285714285714285
427,307,307,21,0,0.9787867665290833,0.9500000000000004,1,1,0.8571428571428571
427,307,307,339,0,0.9829598665237427,0.9500000000000004,1,1,1.0
427,307,307,340,0,0.3437589406967163,0.9500000000000004,0,0,0.16666666666666666
427,307,339,175,1,0.7573912739753723,0.9500000000000004,0,0,0.1
427,307,339,302,1,0.7396731376647949,0.9500000000000004,0,0,0.14285714285714285
427,307,339,316,1,0.22083716094493866,0.9500000000000004,0,0,0.125
427,307,339,340,1,0.37578633427619934,0.9500000000000004,0,0,0.1111111111111111
427,307,339,423,1,0.9176576733589172,0.9500000000000004,0,0,0.3333333333333333
427,307,21,1,1,0.09277782589197159,0.9500000000000004,0,0,0.02857142857142857
427,307,21,107,1,0.09456789493560791,0.9500000000000004,0,0,0.037037037037037035
427,307,21,148,1,0.04315497353672981,0.9500000000000004,0,0,0.030303030303030304
427,307,21,149,1,0.04315497353672981,0.9500000000000004,0,0,0.030303030303030304
427,307,21,155,1,0.2637891173362732,0.9500000000000004,0,0,0.06896551724137931
427,307,21,161,1,0.06390463560819626,0.9500000000000004,0,0,0.037037037037037035
427,307,21,162,1,0.04504433274269104,0.9500000000000004,0,0,0.038461538461538464
427,307,21,173,1,0.05921981483697891,0.9500000000000004,0,0,0.05263157894736842
427,307,21,175,1,0.4402939975261688,0.9500000000000004,0,0,0.04
427,307,21,176,1,0.9529072046279907,0.9500000000000004,1,0,0.5833333333333334
428,302,302,175,0,0.9144123792648315,0.9500000000000004,0,0,0.23076923076923078
428,302,302,185,0,0.7212159037590027,0.9500000000000004,0,0,0.07692307692307693
428,302,302,192,0,0.6948084831237793,0.9500000000000004,0,0,0.07692307692307693
428,302,302,262,0,0.6848020553588867,0.9500000000000004,0,0,0.07692307692307693
428,302,302,293,0,0.7616283297538757,0.9500000000000004,0,0,0.15384615384615385
428,302,302,309,0,0.9054781794548035,0.9500000000000004,0,0,0.23076923076923078
428,302,302,311,0,0.5931259989738464,0.9500000000000004,0,0,0.07692307692307693
428,302,302,313,0,0.4240776002407074,0.9500000000000004,0,0,0.1111111111111111
428,302,302,339,0,0.7576466798782349,0.9500000000000004,0,0,0.07692307692307693
428,302,302,381,0,0.35642009973526,0.9500000000000004,0,0,0.07692307692307693
428,302,302,385,0,0.27087166905403137,0.9500000000000004,0,0,0.07692307692307693
428,302,302,54,0,0.8253421783447266,0.9500000000000004,0,0,0.07692307692307693
428,302,302,55,0,0.9173904061317444,0.9500000000000004,0,0,0.23076923076923078
429,157,157,185,0,0.5988125205039978,0.9500000000000004,0,0,0.07142857142857142
429,157,157,203,0,0.5949543118476868,0.9500000000000004,0,0,0.07692307692307693
429,157,157,211,0,0.767347514629364,0.9500000000000004,0,0,0.2
429,157,157,226,0,0.39014771580696106,0.9500000000000004,0,0,0.07692307692307693
429,157,157,256,0,0.08668911457061768,0.9500000000000004,0,0,0.1
429,157,157,262,0,0.8052784204483032,0.9500000000000004,0,0,0.125
429,157,157,32,0,0.941675066947937,0.9500000000000004,0,1,0.26666666666666666
429,157,157,326,0,0.9081607460975647,0.9500000000000004,0,0,0.25
429,157,157,34,0,0.664995551109314,0.9500000000000004,0,0,0.06666666666666667
429,157,157,40,0,0.9375661611557007,0.9500000000000004,0,0,0.3333333333333333
429,157,157,410,0,0.24261803925037384,0.9500000000000004,0,0,0.16666666666666666
429,157,157,414,0,0.7677239179611206,0.9500000000000004,0,0,0.3333333333333333
429,157,157,51,0,0.11478199809789658,0.9500000000000004,0,0,0.07142857142857142
429,157,157,738,0,0.9524855613708496,0.9500000000000004,1,0,1.0
429,157,738,262,1,0.9208764433860779,0.9500000000000004,0,0,1.0
430,737,737,209,0,0.9646932482719421,0.9500000000000004,1,0,1.0
430,737,737,736,0,0.964743971824646,0.9500000000000004,1,1,1.0
430,737,736,735,1,0.9791224598884583,0.9500000000000004,1,0,1.0
431,21,21,1,0,0.0699177160859108,0.9500000000000004,0,0,0.027777777777777776
431,21,21,107,0,0.0710943415760994,0.9500000000000004,0,0,0.03571428571428571
431,21,21,148,0,0.03391483798623085,0.9500000000000004,0,0,0.029411764705882353
431,21,21,149,0,0.03391483798623085,0.9500000000000004,0,0,0.029411764705882353
431,21,21,155,0,0.1990855634212494,0.9500000000000004,0,0,0.06666666666666667
431,21,21,161,0,0.04925239458680153,0.9500000000000004,0,0,0.03571428571428571
431,21,21,162,0,0.03509175032377243,0.9500000000000004,0,0,0.037037037037037035
431,21,21,173,0,0.04437445476651192,0.9500000000000004,0,0,0.05
431,21,21,175,0,0.3501417636871338,0.9500000000000004,0,0,0.038461538461538464
431,21,21,176,0,0.9381851553916931,0.9500000000000004,0,0,0.56
431,21,21,234,0,0.18731391429901123,0.9500000000000004,0,0,0.043478260869565216
431,21,21,247,0,0.03812728449702263,0.9500000000000004,0,0,0.043478260869565216
431,21,21,249,0,0.03887028619647026,0.9500000000000004,0,0,0.045454545454545456
431,21,21,307,0,0.9789193868637085,0.9500000000000004,1,1,0.875
431,21,21,339,0,0.9789385795593262,0.9500000000000004,1,1,0.875
431,21,21,40,0,0.32369789481163025,0.9500000000000004,0,0,0.02857142857142857
431,21,21,44,0,0.37200161814689636,0.9500000000000004,0,0,0.05714285714285714
431,21,21,5,0,0.0340399369597435,0.9500000000000004,0,0,0.030303030303030304
431,21,21,50,0,0.13430415093898773,0.9500000000000004,0,0,0.03125
431,21,21,57,0,0.2779397666454315,0.9500000000000004,0,0,0.02857142857142857
431,21,21,58,0,0.6107611656188965,0.9500000000000004,0,0,0.08571428571428572
431,21,21,59,0,0.18980000913143158,0.9500000000000004,0,0,0.027777777777777776
431,21,21,68,0,0.2769645154476166,0.9500000000000004,0,0,0.02857142857142857
431,21,21,69,0,0.06524251401424408,0.9500000000000004,0,0,0.029411764705882353
431,21,339,175,1,0.6782259345054626,0.9500000000000004,0,0,0.09090909090909091
431,21,339,302,1,0.7728538513183594,0.9500000000000004,0,0,0.125
431,21,339,316,1,0.1531989723443985,0.9500000000000004,0,0,0.1111111111111111
431,21,339,340,1,0.28782764077186584,0.9500000000000004,0,0,0.1
431,21,339,423,1,0.9149050712585449,0.9500000000000004,0,0,0.25
431,21,307,340,1,0.23748767375946045,0.9500000000000004,0,0,0.14285714285714285
432,94,94,100,0,0.9606516361236572,0.9500000000000004,1,0,0.5714285714285714
432,94,94,153,0,0.10615178197622299,0.9500000000000004,0,0,0.07692307692307693
432,94,94,279,0,0.47028061747550964,0.9500000000000004,0,0,0.18181818181818182
432,94,94,293,0,0.5298082828521729,0.9500000000000004,0,0,0.125
432,94,94,34,0,0.46958309412002563,0.9500000000000004,0,0,0.06666666666666667
432,94,94,49,0,0.46494612097740173,0.9500000000000004,0,0,0.06666666666666667
432,94,94,81,0,0.4851361811161041,0.9500000000000004,0,0,0.06666666666666667
432,94,100,98,1,0.14914418756961823,0.9500000000000004,0,0,0.1111111111111111
433,65,65,154,0,0.09543552994728088,0.9500000000000004,0,0,0.14285714285714285
433,65,65,165,0,0.48280924558639526,0.9500000000000004,0,0,0.16666666666666666
433,65,65,234,0,0.4669085443019867,0.9500000000000004,0,0,0.2
433,65,65,273,0,0.6052056550979614,0.9500000000000004,0,0,0.5
433,65,65,304,0,0.8223316073417664,0.9500000000000004,0,0,1.0
433,65,65,422,0,0.8223316073417664,0.9500000000000004,0,0,1.0
433,65,65,58,0,0.5767830014228821,0.9500000000000004,0,0,0.14285714285714285
433,65,65,67,0,0.7283889055252075,0.9500000000000004,0,0,0.2857142857142857
434,49,49,106,0,0.2165466845035553,0.9500000000000004,0,0,0.1111111111111111
434,49,49,144,0,0.6083287596702576,0.9500000000000004,0,0,0.1111111111111111
434,49,49,161,0,0.16018137335777283,0.9500000000000004,0,0,0.1111111111111111
434,49,49,268,0,0.7964100241661072,0.9500000000000004,0,0,0.16666666666666666
434,49,49,423,0,0.9705995917320251,0.9500000000000004,1,0,0.5
434,49,49,48,0,0.10892648249864578,0.9500000000000004,0,0,0.06666666666666667
434,49,49,50,0,0.3952416777610779,0.9500000000000004,0,0,0.1111111111111111
434,49,49,52,0,0.11144518852233887,0.9500000000000004,0,0,0.07692307692307693
434,49,49,55,0,0.7289584875106812,0.9500000000000004,0,0,0.08333333333333333
434,49,49,58,0,0.41106119751930237,0.9500000000000004,0,0,0.08333333333333333
434,49,49,59,0,0.4244886040687561,0.9500000000000004,0,0,0.06666666666666667
434,49,49,80,0,0.49049124121665955,0.9500000000000004,0,0,0.13333333333333333
434,49,49,81,0,0.6324527263641357,0.9500000000000004,0,0,0.15384615384615385
434,49,49,94,0,0.6068083047866821,0.9500000000000004,0,0,0.09090909090909091
434,49,49,98,0,0.21482384204864502,0.9500000000000004,0,0,0.08333333333333333
434,49,423,183,1,0.6203494071960449,0.9500000000000004,0,0,0.034482758620689655
434,49,423,192,1,0.7575607895851135,0.9500000000000004,0,0,0.034482758620689655
434,49,423,220,1,0.6769600510597229,0.9500000000000004,0,0,0.034482758620689655
434,49,423,246,1,0.8837289810180664,0.9500000000000004,0,0,0.10344827586206896
434,49,423,268,1,0.8408486247062683,0.9500000000000004,0,0,0.06896551724137931
434,49,423,302,1,0.8355928063392639,0.9500000000000004,0,0,0.034482758620689655
434,49,423,309,1,0.8891230225563049,0.9500000000000004,0,0,0.10344827586206896
434,49,423,333,1,0.7252485752105713,0.9500000000000004,0,0,0.034482758620689655
434,49,423,339,1,0.7670210003852844,0.9500000000000004,0,0,0.034482758620689655
434,49,423,34,1,0.6981375217437744,0.9500000000000004,0,0,0.034482758620689655
434,49,423,414,1,0.5133000016212463,0.9500000000000004,0,0,0.034482758620689655
434,49,423,415,1,0.5983172059059143,0.9500000000000004,0,0,0.034482758620689655
434,49,423,420,1,0.5133000016212463,0.9500000000000004,0,0,0.034482758620689655
434,49,423,55,1,0.8320146799087524,0.9500000000000004,0,0,0.06896551724137931
434,49,423,56,1,0.8972618579864502,0.9500000000000004,0,0,0.10344827586206896
434,49,423,635,1,0.33099815249443054,0.9500000000000004,0,0,0.041666666666666664
434,49,423,638,1,0.7179054021835327,0.9500000000000004,0,0,0.08333333333333333
434,49,423,643,1,0.5203238725662231,0.9500000000000004,0,0,0.07692307692307693
434,49,423,665,1,0.4728127121925354,0.9500000000000004,0,0,0.0625
434,49,423,668,1,0.7369102239608765,0.9500000000000004,0,0,0.09523809523809523
434,49,423,67,1,0.8790044188499451,0.9500000000000004,0,0,0.10344827586206896
434,49,423,68,1,0.6573406457901001,0.9500000000000004,0,0,0.034482758620689655
437,635,635,423,0,0.8986256718635559,0.9500000000000004,0,0,1.0
437,635,635,638,0,0.8530013561248779,0.9500000000000004,0,0,1.0
438,21,21,1,0,0.07692980021238327,0.9500000000000004,0,0,0.02702702702702703
438,21,21,107,0,0.07693347334861755,0.9500000000000004,0,0,0.034482758620689655
438,21,21,148,0,0.03678363934159279,0.9500000000000004,0,0,0.02857142857142857
438,21,21,149,0,0.03678363934159279,0.9500000000000004,0,0,0.02857142857142857
438,21,21,155,0,0.20956803858280182,0.9500000000000004,0,0,0.06451612903225806
438,21,21,161,0,0.05313849821686745,0.9500000000000004,0,0,0.034482758620689655
438,21,21,162,0,0.0379638709127903,0.9500000000000004,0,0,0.03571428571428571
438,21,21,173,0,0.04696004092693329,0.9500000000000004,0,0,0.047619047619047616
438,21,21,175,0,0.3259131908416748,0.9500000000000004,0,0,0.037037037037037035
438,21,21,176,0,0.9342591166496277,0.9500000000000004,0,0,0.5384615384615384
438,21,21,234,0,0.1973455399274826,0.9500000000000004,0,0,0.041666666666666664
438,21,21,247,0,0.040941543877124786,0.9500000000000004,0,0,0.041666666666666664
438,21,21,249,0,0.04173678159713745,0.9500000000000004,0,0,0.043478260869565216
438,21,21,307,0,0.9716470837593079,0.9500000000000004,1,1,0.8888888888888888
438,21,21,339,0,0.9717572331428528,0.9500000000000004,1,1,0.8888888888888888
438,21,21,40,0,0.32148435711860657,0.9500000000000004,0,0,0.027777777777777776
438,21,21,44,0,0.3782990872859955,0.9500000000000004,0,0,0.05555555555555555
438,21,21,5,0,0.03690795600414276,0.9500000000000004,0,0,0.029411764705882353
438,21,21,50,0,0.14500147104263306,0.9500000000000004,0,0,0.030303030303030304
438,21,21,57,0,0.2752991020679474,0.9500000000000004,0,0,0.027777777777777776
438,21,21,58,0,0.6152719855308533,0.9500000000000004,0,0,0.08333333333333333
438,21,21,59,0,0.1987297534942627,0.9500000000000004,0,0,0.02702702702702703
438,21,21,68,0,0.27697843313217163,0.9500000000000004,0,0,0.027777777777777776
438,21,21,69,0,0.07084517925977707,0.9500000000000004,0,0,0.02857142857142857
438,21,339,175,1,0.6513424515724182,0.9500000000000004,0,0,0.08333333333333333
438,21,339,302,1,0.668458104133606,0.9500000000000004,0,0,0.1111111111111111
438,21,339,316,1,0.15509454905986786,0.9500000000000004,0,0,0.1
438,21,339,340,1,0.28283417224884033,0.9500000000000004,0,0,0.09090909090909091
438,21,339,423,1,0.8515092134475708,0.9500000000000004,0,0,0.2
438,21,307,340,1,0.22899387776851654,0.9500000000000004,0,0,0.125
442,268,268,175,0,0.8093491196632385,0.9500000000000004,0,0,0.15384615384615385
442,268,268,234,0,0.42633089423179626,0.9500000000000004,0,0,0.07692307692307693
442,268,268,246,0,0.9054353833198547,0.9500000000000004,0,0,0.4
442,268,268,293,0,0.7719631195068359,0.9500000000000004,0,0,0.15384615384615385
442,268,268,34,0,0.6342476010322571,0.9500000000000004,0,0,0.07692307692307693
442,268,268,417,0,0.6737605929374695,0.9500000000000004,0,0,0.14285714285714285
442,268,268,420,0,0.5803933143615723,0.9500000000000004,0,0,0.16666666666666666
442,268,268,423,0,0.9483936429023743,0.9500000000000004,0,0,0.6666666666666666
442,268,268,49,0,0.8054707646369934,0.9500000000000004,0,0,0.07692307692307693
442,268,268,56,0,0.7585805654525757,0.9500000000000004,0,0,0.07692307692307693
442,268,268,58,0,0.5172149538993835,0.9500000000000004,0,0,0.07692307692307693
442,268,268,68,0,0.6804313063621521,0.9500000000000004,0,0,0.07692307692307693
444,752,752,753,0,0.9643862843513489,0.9500000000000004,1,1,1.0
445,737,737,209,0,0.9339913725852966,0.9500000000000004,0,0,0.6666666666666666
445,737,737,736,0,0.9625966548919678,0.9500000000000004,1,1,1.0
445,737,736,209,1,0.9427829384803772,0.9500000000000004,0,0,0.4
445,737,736,735,1,0.9631982445716858,0.9500000000000004,1,0,0.6666666666666666
445,737,735,30,2,0.9083417654037476,0.9500000000000004,0,0,0.3333333333333333
446,736,736,209,0,0.9099205732345581,0.9500000000000004,0,0,0.3333333333333333
446,736,736,735,0,0.9385033845901489,0.9500000000000004,0,0,0.5
446,736,736,737,0,0.9903615713119507,0.9500000000000004,1,1,0.6666666666666666
446,736,737,209,1,0.9059380888938904,0.9500000000000004,0,0,0.5
447,34,34,157,0,0.7034761309623718,0.9500000000000004,0,0,0.09090909090909091
447,34,34,165,0,0.4712505340576172,0.9500000000000004,0,0,0.09090909090909091
447,34,34,192,0,0.7137241363525391,0.9500000000000004,0,0,0.125
447,34,34,22,0,0.44205206632614136,0.9500000000000004,0,0,0.09090909090909091
447,34,34,246,0,0.7489030361175537,0.9500000000000004,0,0,0.25
447,34,34,268,0,0.7987213730812073,0.9500000000000004,0,0,0.125
447,34,34,38,0,0.2709934413433075,0.9500000000000004,0,0,0.14285714285714285
447,34,34,39,0,0.09396171569824219,0.9500000000000004,0,0,0.07692307692307693
447,34,34,414,0,0.548397958278656,0.9500000000000004,0,0,0.14285714285714285
447,34,34,415,0,0.6582450270652771,0.9500000000000004,0,0,0.2
447,34,34,417,0,0.9071140289306641,0.9500000000000004,0,0,0.5
447,34,34,420,0,0.6079282760620117,0.9500000000000004,0,0,0.2
447,34,34,423,0,0.8652830123901367,0.9500000000000004,0,1,0.3333333333333333
447,34,34,94,0,0.6190812587738037,0.9500000000000004,0,0,0.09090909090909091
448,737,737,209,0,0.9124506711959839,0.9500000000000004,0,0,0.4
448,737,737,736,0,0.9875063896179199,0.9500000000000004,1,1,1.0
448,737,736,209,1,0.9174721240997314,0.9500000000000004,0,0,0.2857142857142857
448,737,736,735,1,0.9372712969779968,0.9500000000000004,0,0,0.4
449,192,192,175,0,0.8975778222084045,0.9500000000000004,0,1,0.25
449,192,192,209,0,0.4586970806121826,0.9500000000000004,0,0,0.08333333333333333
449,192,192,213,0,0.1877773106098175,0.9500000000000004,0,0,0.08333333333333333
449,192,192,262,0,0.44577622413635254,0.9500000000000004,0,0,0.08333333333333333
449,192,192,271,0,0.12886765599250793,0.9500000000000004,0,0,0.09090909090909091
449,192,192,302,0,0.6123416423797607,0.9500000000000004,0,0,0.1111111111111111
449,192,192,309,0,0.6928647756576538,0.9500000000000004,0,0,0.1111111111111111
449,192,192,34,0,0.811424195766449,0.9500000000000004,0,0,0.08333333333333333
449,192,192,423,0,0.8663058280944824,0.9500000000000004,0,0,0.16666666666666666
449,192,192,548,0,0.8265112638473511,0.9500000000000004,0,0,0.25
449,192,192,549,0,0.9460201859474182,0.9500000000000004,0,0,0.5
449,192,192,67,0,0.9114179611206055,0.9500000000000004,0,0,0.25
450,381,381,302,0,0.7320201992988586,0.9500000000000004,0,0,0.5
450,381,381,311,0,0.5100292563438416,0.9500000000000004,0,0,0.3333333333333333
450,381,381,318,0,0.33212029933929443,0.9500000000000004,0,0,0.3333333333333333
450,381,381,385,0,0.48957058787345886,0.9500000000000004,0,0,0.5
450,381,381,404,0,0.705351710319519,0.9500000000000004,0,0,1.0
452,414,414,157,0,0.7477013468742371,0.9500000000000004,0,0,0.25
452,414,414,34,0,0.8287773728370667,0.9500000000000004,0,1,0.25
452,414,414,417,0,0.8944050669670105,0.9500000000000004,0,0,0.5
452,414,414,420,0,0.6661823391914368,0.9500000000000004,0,0,0.3333333333333333
452,414,414,423,0,0.9012560844421387,0.9500000000000004,0,0,0.5
453,403,403,340,0,0.7731199264526367,0.9500000000000004,0,1,1.0
455,754,754,381,0,0.9500411748886108,0.9500000000000004,1,0,1.0
455,754,754,755,0,0.9486097097396851,0.9500000000000004,0,1,1.0
455,754,381,302,1,0.6566166281700134,0.9500000000000004,0,0,0.3333333333333333
455,754,381,311,1,0.42922040820121765,0.9500000000000004,0,0,0.25
455,754,381,318,1,0.2345794290304184,0.9500000000000004,0,0,0.25
455,754,381,385,1,0.34340742230415344,0.9500000000000004,0,0,0.3333333333333333
455,754,381,404,1,0.36670929193496704,0.9500000000000004,0,0,0.5
455,754,381,755,1,0.9491331577301025,0.9500000000000004,0,1,1.0
456,260,260,259,0,0.7602742910385132,0.9500000000000004,0,0,1.0
456,260,260,40,0,0.8369415998458862,0.9500000000000004,0,0,1.0
458,58,58,118,0,0.08187942206859589,0.9500000000000004,0,0,0.08333333333333333
458,58,58,155,0,0.25088822841644287,0.9500000000000004,0,0,0.09090909090909091
458,58,58,176,0,0.5389556288719177,0.9500000000000004,0,0,0.1
458,58,58,21,0,0.8618893623352051,0.9500000000000004,0,0,0.2
458,58,58,237,0,0.2555682361125946,0.9500000000000004,0,0,0.1
458,58,58,268,0,0.6920942068099976,0.9500000000000004,0,0,0.125
458,58,58,309,0,0.6532317399978638,0.9500000000000004,0,1,0.14285714285714285
458,58,58,368,0,0.3743475675582886,0.9500000000000004,0,0,0.14285714285714285
458,58,58,49,0,0.5478548407554626,0.9500000000000004,0,0,0.06666666666666667
458,58,58,55,0,0.8508951663970947,0.9500000000000004,0,0,0.2
458,58,58,57,0,0.9168817400932312,0.9500000000000004,0,0,0.3333333333333333
458,58,58,59,0,0.4548826813697815,0.9500000000000004,0,0,0.06666666666666667
458,58,58,65,0,0.6017923951148987,0.9500000000000004,0,0,0.09090909090909091
458,58,58,67,0,0.6099401116371155,0.9500000000000004,0,0,0.06666666666666667
460,635,635,423,0,0.8158217668533325,0.9500000000000004,0,0,0.5
460,635,635,638,0,0.6577470302581787,0.9500000000000004,0,0,0.5
460,635,635,649,0,0.9116635322570801,0.9500000000000004,0,0,1.0
462,107,107,21,0,0.6309996247291565,0.9500000000000004,0,0,0.3333333333333333
462,107,107,226,0,0.5628054141998291,0.9500000000000004,0,0,0.5
462,107,107,234,0,0.7566604614257812,0.9500000000000004,0,0,1.0
462,107,107,263,0,0.6539718508720398,0.9500000000000004,0,0,1.0
462,107,107,56,0,0.6549913883209229,0.9500000000000004,0,0,0.5
463,841,841,635,0,0.9519363641738892,0.9500000000000004,1,0,1.0
463,841,635,423,1,0.7479709386825562,0.9500000000000004,0,0,0.3333333333333333
463,841,635,638,1,0.5165218710899353,0.9500000000000004,0,0,0.3333333333333333
463,841,635,649,1,0.8582251071929932,0.9500000000000004,0,0,0.5
464,635,635,423,0,0.7464182376861572,0.9500000000000004,0,0,0.3333333333333333
464,635,635,638,0,0.5151030421257019,0.9500000000000004,0,0,0.3333333333333333
464,635,635,649,0,0.8567826151847839,0.9500000000000004,0,0,0.5
464,635,635,841,0,0.9606267809867859,0.9500000000000004,1,0,1.0
464,635,841,845,1,0.9639456868171692,0.9500000000000004,1,0,1.0
464,635,841,846,1,0.9639456868171692,0.9500000000000004,1,0,1.0
466,175,175,17,0,0.43625184893608093,0.9500000000000004,0,0,0.041666666666666664
466,175,175,18,0,0.14505751430988312,0.9500000000000004,0,0,0.07142857142857142
466,175,175,185,0,0.3978191018104553,0.9500000000000004,0,0,0.043478260869565216
466,175,175,186,0,0.09078498929738998,0.9500000000000004,0,0,0.043478260869565216
466,175,175,192,0,0.9318472146987915,0.9500000000000004,0,1,0.19047619047619047
466,175,175,21,0,0.4795786738395691,0.9500000000000004,0,0,0.041666666666666664
466,175,175,212,0,0.452140748500824,0.9500000000000004,0,0,0.09090909090909091
466,175,175,213,0,0.1762145459651947,0.9500000000000004,0,0,0.045454545454545456
466,175,175,234,0,0.3890928030014038,0.9500000000000004,0,0,0.045454545454545456
466,175,175,253,0,0.2326371967792511,0.9500000000000004,0,0,0.045454545454545456
466,175,175,267,0,0.3795663118362427,0.9500000000000004,0,0,0.045454545454545456
466,175,175,268,0,0.7056530117988586,0.9500000000000004,0,0,0.09523809523809523
466,175,175,30,0,0.47106653451919556,0.9500000000000004,0,0,0.045454545454545456
466,175,175,302,0,0.8365435004234314,0.9500000000000004,0,0,0.1875
466,175,175,303,0,0.5138503909111023,0.9500000000000004,0,0,0.07692307692307693
466,175,175,311,0,0.4199014902114868,0.9500000000000004,0,0,0.0625
466,175,175,339,0,0.526934802532196,0.9500000000000004,0,0,0.05555555555555555
466,175,175,44,0,0.3728545308113098,0.9500000000000004,0,0,0.041666666666666664
466,175,175,56,0,0.8458247184753418,0.9500000000000004,0,0,0.13043478260869565
466,175,175,609,0,0.2394675612449646,0.9500000000000004,0,0,0.1111111111111111
466,175,175,67,0,0.4649452865123749,0.9500000000000004,0,1,0.041666666666666664
466,175,175,671,0,0.5830392837524414,0.9500000000000004,0,0,0.14285714285714285
466,175,175,702,0,0.7141597867012024,0.9500000000000004,0,0,0.3333333333333333
466,175,175,740,0,0.8201413750648499,0.9500000000000004,0,0,0.5
467,423,423,183,0,0.4829287827014923,0.9500000000000004,0,0,0.03333333333333333
467,423,423,192,0,0.7417219877243042,0.9500000000000004,0,0,0.03333333333333333
467,423,423,220,0,0.48374632000923157,0.9500000000000004,0,0,0.03333333333333333
467,423,423,246,0,0.8149996995925903,0.9500000000000004,0,0,0.1
467,423,423,268,0,0.7875587344169617,0.9500000000000004,0,0,0.06666666666666667
467,423,423,302,0,0.6541866660118103,0.9500000000000004,0,0,0.03333333333333333
467,423,423,309,0,0.8721290230751038,0.9500000000000004,0,0,0.1
467,423,423,333,0,0.5262855887413025,0.9500000000000004,0,0,0.03333333333333333
467,423,423,339,0,0.590104341506958,0.9500000000000004,0,0,0.03333333333333333
467,423,423,34,0,0.8508960604667664,0.9500000000000004,0,0,0.06666666666666667
467,423,423,414,0,0.5459889769554138,0.9500000000000004,0,1,0.03333333333333333
467,423,423,415,0,0.3977588415145874,0.9500000000000004,0,0,0.03333333333333333
467,423,423,420,0,0.41361767053604126,0.9500000000000004,0,0,0.03333333333333333
467,423,423,49,0,0.8478524684906006,0.9500000000000004,0,0,0.1
467,423,423,55,0,0.7428783774375916,0.9500000000000004,0,0,0.06666666666666667
467,423,423,56,0,0.8361535668373108,0.9500000000000004,0,0,0.1
467,423,423,635,0,0.6140698194503784,0.9500000000000004,0,0,0.04
467,423,423,638,0,0.5894282460212708,0.9500000000000004,0,0,0.08
467,423,423,643,0,0.28806525468826294,0.9500000000000004,0,0,0.07142857142857142
467,423,423,665,0,0.2681438624858856,0.9500000000000004,0,0,0.058823529411764705
467,423,423,668,0,0.5828506946563721,0.9500000000000004,0,0,0.09090909090909091
467,423,423,67,0,0.885188102722168,0.9500000000000004,0,0,0.1
467,423,423,68,0,0.5482377409934998,0.9500000000000004,0,0,0.03333333333333333
468,307,307,21,0,0.9813973903656006,0.9500000000000004,1,1,0.9
468,307,307,339,0,0.9832065105438232,0.9500000000000004,1,1,1.0
468,307,307,340,0,0.3859056234359741,0.9500000000000004,0,0,0.1111111111111111
468,307,339,175,1,0.7146600484848022,0.9500000000000004,0,0,0.07692307692307693
468,307,339,302,1,0.5676450729370117,0.9500000000000004,0,0,0.1
468,307,339,316,1,0.11191973835229874,0.9500000000000004,0,0,0.09090909090909091
468,307,339,340,1,0.4445655941963196,0.9500000000000004,0,0,0.08333333333333333
468,307,339,423,1,0.8971467018127441,0.9500000000000004,0,0,0.16666666666666666
468,307,21,1,1,0.07549366354942322,0.9500000000000004,0,0,0.02631578947368421
468,307,21,107,1,0.25595441460609436,0.9500000000000004,0,0,0.03333333333333333
468,307,21,148,1,0.03662174195051193,0.9500000000000004,0,0,0.027777777777777776
468,307,21,149,1,0.03662174195051193,0.9500000000000004,0,0,0.027777777777777776
468,307,21,155,1,0.1956314593553543,0.9500000000000004,0,0,0.0625
468,307,21,161,1,0.052056197077035904,0.9500000000000004,0,0,0.03333333333333333
468,307,21,162,1,0.03766190633177757,0.9500000000000004,0,0,0.034482758620689655
468,307,21,173,1,0.044336386024951935,0.9500000000000004,0,0,0.045454545454545456
468,307,21,175,1,0.3999667763710022,0.9500000000000004,0,0,0.03571428571428571
468,307,21,176,1,0.9238830804824829,0.9500000000000004,0,0,0.5185185185185185
468,307,21,234,1,0.1864115446805954,0.9500000000000004,0,0,0.04
468,307,21,247,1,0.039983559399843216,0.9500000000000004,0,0,0.04
468,307,21,249,1,0.040495313704013824,0.9500000000000004,0,0,0.041666666666666664
468,307,21,40,1,0.6189684271812439,0.9500000000000004,0,0,0.02702702702702703
468,307,21,44,1,0.3357332944869995,0.9500000000000004,0,0,0.05405405405405406
468,307,21,5,1,0.03673119843006134,0.9500000000000004,0,0,0.02857142857142857
468,307,21,50,1,0.1370844691991806,0.9500000000000004,0,0,0.029411764705882353
468,307,21,57,1,0.23659344017505646,0.9500000000000004,0,0,0.02702702702702703
468,307,21,58,1,0.6810152530670166,0.9500000000000004,0,0,0.08108108108108109
468,307,21,59,1,0.18287943303585052,0.9500000000000004,0,0,0.02631578947368421
468,307,21,68,1,0.2402317374944687,0.9500000000000004,0,0,0.02702702702702703
468,307,21,69,1,0.06839797645807266,0.9500000000000004,0,0,0.027777777777777776
469,672,672,548,0,0.9356594681739807,0.9500000000000004,0,0,1.0
469,672,672,671,0,0.799389660358429,0.9500000000000004,0,1,0.5
470,845,845,841,0,0.9299920201301575,0.9500000000000004,0,1,1.0
470,845,845,846,0,0.9277700185775757,0.9500000000000004,0,1,1.0
472,67,67,151,0,0.4008741080760956,0.9500000000000004,0,0,0.047619047619047616
472,67,67,154,0,0.06880076229572296,0.9500000000000004,0,0,0.045454545454545456
472,67,67,155,0,0.1712040901184082,0.9500000000000004,0,0,0.047619047619047616
472,67,67,175,0,0.8715421557426453,0.9500000000000004,0,1,0.1
472,67,67,192,0,0.9312820434570312,0.9500000000000004,0,1,0.26666666666666666
472,67,67,220,0,0.2708539664745331,0.9500000000000004,0,0,0.06666666666666667
472,67,67,234,0,0.3964501619338989,0.9500000000000004,0,0,0.05555555555555555
472,67,67,262,0,0.3983614146709442,0.9500000000000004,0,0,0.0625
472,67,67,30,0,0.5072736144065857,0.9500000000000004,0,0,0.05555555555555555
472,67,67,309,0,0.7801918387413025,0.9500000000000004,0,0,0.16666666666666666
472,67,67,423,0,0.930239200592041,0.9500000000000004,0,0,0.5
472,67,67,46,0,0.21470315754413605,0.9500000000000004,0,0,0.125
472,67,67,47,0,0.15346121788024902,0.9500000000000004,0,0,0.043478260869565216
472,67,67,50,0,0.33190178871154785,0.9500000000000004,0,0,0.045454545454545456
472,67,67,54,0,0.5967692136764526,0.9500000000000004,0,0,0.09090909090909091
472,67,67,56,0,0.5005478262901306,0.9500000000000004,0,0,0.05263157894736842
472,67,67,57,0,0.5347181558609009,0.9500000000000004,0,0,0.045454545454545456
472,67,67,58,0,0.5816314220428467,0.9500000000000004,0,0,0.045454545454545456
472,67,67,65,0,0.5524148941040039,0.9500000000000004,0,0,0.09090909090909091
472,67,67,68,0,0.4956596791744232,0.9500000000000004,0,0,0.045454545454545456
472,67,67,77,0,0.06922037899494171,0.9500000000000004,0,0,0.047619047619047616
472,67,67,81,0,0.5078737139701843,0.9500000000000004,0,0,0.045454545454545456
473,107,107,21,0,0.6382656693458557,0.9500000000000004,0,0,0.25
473,107,107,226,0,0.5069714188575745,0.9500000000000004,0,0,0.3333333333333333
473,107,107,234,0,0.5781537294387817,0.9500000000000004,0,0,0.5
473,107,107,263,0,0.38429975509643555,0.9500000000000004,0,0,0.5
473,107,107,56,0,0.5882053971290588,0.9500000000000004,0,0,0.3333333333333333
477,100,100,94,0,0.9606199264526367,0.9500000000000004,1,1,0.8888888888888888
477,100,100,98,0,0.13473398983478546,0.9500000000000004,0,0,0.1111111111111111
477,100,94,153,1,0.08807172626256943,0.9500000000000004,0,0,0.07142857142857142
477,100,94,279,1,0.35328441858291626,0.9500000000000004,0,0,0.16666666666666666
477,100,94,293,1,0.4100717306137085,0.9500000000000004,0,0,0.1111111111111111
477,100,94,34,1,0.4385886490345001,0.9500000000000004,0,0,0.0625
477,100,94,49,1,0.3873651623725891,0.9500000000000004,0,0,0.0625
477,100,94,662,1,0.9327436089515686,0.9500000000000004,0,0,1.0
477,100,94,81,1,0.3792877793312073,0.9500000000000004,0,0,0.0625
479,304,304,422,0,0.6915881633758545,0.9500000000000004,0,0,1.0
479,304,304,65,0,0.8212650418281555,0.9500000000000004,0,0,1.0
480,735,735,30,0,0.8241932988166809,0.9500000000000004,0,0,0.3333333333333333
480,735,735,736,0,0.9504661560058594,0.9500000000000004,1,0,0.6666666666666666
480,735,736,209,1,0.8456969261169434,0.9500000000000004,0,0,0.25
480,735,736,737,1,0.9732322692871094,0.9500000000000004,1,0,0.75
480,735,737,209,2,0.8260736465454102,0.9500000000000004,0,0,0.3333333333333333
481,808,808,823,0,0.874376118183136,0.9500000000000004,0,1,1.0
482,423,423,183,0,0.4334462285041809,0.9500000000000004,0,0,0.03225806451612903
482,423,423,192,0,0.6018328666687012,0.9500000000000004,0,0,0.03225806451612903
482,423,423,220,0,0.42508944869041443,0.9500000000000004,0,0,0.03225806451612903
482,423,423,246,0,0.7447423338890076,0.9500000000000004,0,0,0.0967741935483871
482,423,423,268,0,0.7102173566818237,0.9500000000000004,0,0,0.06451612903225806
482,423,423,302,0,0.5702323913574219,0.9500000000000004,0,0,0.03225806451612903
482,423,423,309,0,0.8212286233901978,0.9500000000000004,0,0,0.0967741935483871
482,423,423,333,0,0.4639867842197418,0.9500000000000004,0,0,0.03225806451612903
482,423,423,339,0,0.565349817276001,0.9500000000000004,0,0,0.03225806451612903
482,423,423,34,0,0.7712939977645874,0.9500000000000004,0,0,0.06451612903225806
482,423,423,40,0,0.7411440014839172,0.9500000000000004,0,0,0.03225806451612903
482,423,423,414,0,0.8123697638511658,0.9500000000000004,0,0,0.06451612903225806
482,423,423,415,0,0.32723575830459595,0.9500000000000004,0,0,0.03225806451612903
482,423,423,420,0,0.37147387862205505,0.9500000000000004,0,0,0.03225806451612903
482,423,423,49,0,0.8080961108207703,0.9500000000000004,0,0,0.0967741935483871
482,423,423,55,0,0.678316593170166,0.9500000000000004,0,0,0.06451612903225806
482,423,423,56,0,0.7982345223426819,0.9500000000000004,0,0,0.0967741935483871
482,423,423,635,0,0.4814506769180298,0.9500000000000004,0,0,0.038461538461538464
482,423,423,638,0,0.5226237177848816,0.9500000000000004,0,0,0.07692307692307693
482,423,423,643,0,0.22846627235412598,0.9500000000000004,0,0,0.06666666666666667
482,423,423,665,0,0.21538004279136658,0.9500000000000004,0,0,0.05555555555555555
482,423,423,668,0,0.4991830885410309,0.9500000000000004,0,0,0.08695652173913043
482,423,423,67,0,0.8302606344223022,0.9500000000000004,0,0,0.0967741935483871
482,423,423,68,0,0.4933279752731323,0.9500000000000004,0,0,0.03225806451612903
483,68,68,106,0,0.14784757792949677,0.9500000000000004,0,0,0.05555555555555555
483,68,68,145,0,0.07965896278619766,0.9500000000000004,0,0,0.05555555555555555
483,68,68,150,0,0.08694963157176971,0.9500000000000004,0,0,0.07692307692307693
483,68,68,165,0,0.44935694336891174,0.9500000000000004,0,0,0.0625
483,68,68,17,0,0.4564283490180969,0.9500000000000004,0,0,0.05263157894736842
483,68,68,21,0,0.6690037846565247,0.9500000000000004,0,0,0.05263157894736842
483,68,68,22,0,0.3405008018016815,0.9500000000000004,0,0,0.05555555555555555
483,68,68,226,0,0.7105006575584412,0.9500000000000004,0,0,0.21428571428571427
483,68,68,246,0,0.9512022733688354,0.9500000000000004,1,0,0.6666666666666666
483,68,68,267,0,0.1810462325811386,0.9500000000000004,0,0,0.08333333333333333
483,68,68,268,0,0.5883132219314575,0.9500000000000004,0,0,0.125
483,68,68,293,0,0.43429914116859436,0.9500000000000004,0,0,0.1111111111111111
483,68,68,298,0,0.2710047662258148,0.9500000000000004,0,0,0.25
483,68,68,303,0,0.5148352980613708,0.9500000000000004,0,0,0.14285714285714285
483,68,68,333,0,0.5447598099708557,0.9500000000000004,0,0,0.14285714285714285
483,68,68,336,0,0.39109092950820923,0.9500000000000004,0,0,0.125
483,68,68,390,0,0.24264268577098846,0.9500000000000004,0,0,0.125
483,68,68,423,0,0.9173900485038757,0.9500000000000004,0,0,0.5
483,68,68,51,0,0.11015306413173676,0.9500000000000004,0,0,0.0625
483,68,68,54,0,0.33605173230171204,0.9500000000000004,0,0,0.05555555555555555
483,68,68,57,0,0.41928741335868835,0.9500000000000004,0,0,0.05263157894736842
483,68,68,67,0,0.546292781829834,0.9500000000000004,0,0,0.05263157894736842
483,68,68,69,0,0.13755573332309723,0.9500000000000004,0,0,0.05555555555555555
483,68,68,83,0,0.07728789746761322,0.9500000000000004,0,0,0.05263157894736842
483,68,246,268,1,0.8174904584884644,0.9500000000000004,0,0,0.2222222222222222
483,68,246,298,1,0.21743474900722504,0.9500000000000004,0,0,0.14285714285714285
483,68,246,309,1,0.6782100796699524,0.9500000000000004,0,0,0.1111111111111111
483,68,246,333,1,0.5733171105384827,0.9500000000000004,0,0,0.1111111111111111
483,68,246,34,1,0.6265279650688171,0.9500000000000004,0,0,0.1111111111111111
483,68,246,420,1,0.3859563171863556,0.9500000000000004,0,0,0.1111111111111111
483,68,246,423,1,0.9696807265281677,0.9500000000000004,1,0,0.75
483,68,246,668,1,0.8150835633277893,0.9500000000000004,0,0,0.5
483,68,423,183,2,0.3207791745662689,0.9500000000000004,0,0,0.03125
483,68,423,192,2,0.5211350321769714,0.9500000000000004,0,0,0.03125
483,68,423,21,2,0.9148800373077393,0.9500000000000004,0,0,0.03125
483,68,423,220,2,0.315787672996521,0.9500000000000004,0,0,0.03125
483,68,423,268,2,0.6323237419128418,0.9500000000000004,0,0,0.0625
483,68,423,302,2,0.5023034811019897,0.9500000000000004,0,0,0.03125
483,68,423,307,2,0.918666660785675,0.9500000000000004,0,0,0.03125
483,68,423,309,2,0.7456878423690796,0.9500000000000004,0,0,0.09375
483,68,423,333,2,0.36272841691970825,0.9500000000000004,0,0,0.03125
483,68,423,339,2,0.48305413126945496,0.9500000000000004,0,0,0.03125
483,68,423,34,2,0.7294469475746155,0.9500000000000004,0,0,0.0625
483,68,423,40,2,0.722953200340271,0.9500000000000004,0,0,0.03125
483,68,423,414,2,0.7838260531425476,0.9500000000000004,0,0,0.0625
483,68,423,415,2,0.24147361516952515,0.9500000000000004,0,0,0.03125
483,68,423,420,2,0.25887995958328247,0.9500000000000004,0,0,0.03125
483,68,423,49,2,0.7384505867958069,0.9500000000000004,0,0,0.09375
483,68,423,55,2,0.6031742095947266,0.9500000000000004,0,0,0.0625
483,68,423,56,2,0.7424137592315674,0.9500000000000004,0,0,0.09375
483,68,423,635,2,0.37119412422180176,0.9500000000000004,0,0,0.037037037037037035
483,68,423,638,2,0.4075348973274231,0.9500000000000004,0,0,0.07407407407407407
483,68,423,643,2,0.16239303350448608,0.9500000000000004,0,0,0.0625
483,68,423,665,2,0.1541648656129837,0.9500000000000004,0,0,0.05263157894736842
483,68,423,668,2,0.391703724861145,0.9500000000000004,0,0,0.08333333333333333
483,68,423,67,2,0.7730737924575806,0.9500000000000004,0,0,0.09375
484,21,21,1,0,0.04037019610404968,0.9500000000000004,0,0,0.025
484,21,21,107,0,0.14057660102844238,0.9500000000000004,0,0,0.03125
484,21,21,148,0,0.020482081919908524,0.9500000000000004,0,0,0.02631578947368421
484,21,21,149,0,0.020482081919908524,0.9500000000000004,0,0,0.02631578947368421
484,21,21,155,0,0.1132972463965416,0.9500000000000004,0,0,0.058823529411764705
484,21,21,161,0,0.027902960777282715,0.9500000000000004,0,0,0.03125
484,21,21,162,0,0.020868269726634026,0.9500000000000004,0,0,0.03225806451612903
484,21,21,173,0,0.023646388202905655,0.9500000000000004,0,0,0.041666666666666664
484,21,21,175,0,0.2865491807460785,0.9500000000000004,0,0,0.03333333333333333
484,21,21,176,0,0.8691721558570862,0.9500000000000004,0,0,0.4827586206896552
484,21,21,234,0,0.11217503249645233,0.9500000000000004,0,0,0.037037037037037035
484,21,21,247,0,0.021769201382994652,0.9500000000000004,0,0,0.037037037037037035
484,21,21,249,0,0.022005468606948853,0.9500000000000004,0,0,0.038461538461538464
484,21,21,307,0,0.9841534495353699,0.9500000000000004,1,1,0.9166666666666666
484,21,21,339,0,0.9665350317955017,0.9500000000000004,1,0,0.8333333333333334
484,21,21,40,0,0.3054812550544739,0.9500000000000004,0,0,0.02564102564102564
484,21,21,423,0,0.9110573530197144,0.9500000000000004,0,1,0.14285714285714285
484,21,21,44,0,0.2102000117301941,0.9500000000000004,0,0,0.05128205128205128
484,21,21,5,0,0.020522717386484146,0.9500000000000004,0,0,0.02702702702702703
484,21,21,50,0,0.07510669529438019,0.9500000000000004,0,0,0.027777777777777776
484,21,21,57,0,0.16613440215587616,0.9500000000000004,0,0,0.02564102564102564
484,21,21,58,0,0.5870497226715088,0.9500000000000004,0,0,0.07692307692307693
484,21,21,59,0,0.11264853924512863,0.9500000000000004,0,0,0.025
484,21,21,68,0,0.39173606038093567,0.9500000000000004,0,0,0.02564102564102564
484,21,21,69,0,0.03586752712726593,0.9500000000000004,0,0,0.02631578947368421
484,21,339,175,1,0.549251914024353,0.9500000000000004,0,0,0.07142857142857142
484,21,339,302,1,0.42584121227264404,0.9500000000000004,0,0,0.09090909090909091
484,21,339,316,1,0.07754621654748917,0.9500000000000004,0,0,0.08333333333333333
484,21,339,340,1,0.27395662665367126,0.9500000000000004,0,0,0.07692307692307693
484,21,339,423,1,0.773512601852417,0.9500000000000004,0,1,0.14285714285714285
484,21,307,340,1,0.171377494931221,0.9500000000000004,0,0,0.09090909090909091
484,21,307,423,1,0.9347748756408691,0.9500000000000004,0,1,0.14285714285714285
485,34,34,157,0,0.5704166889190674,0.9500000000000004,0,0,0.07692307692307693
485,34,34,165,0,0.39907440543174744,0.9500000000000004,0,0,0.07692307692307693
485,34,34,192,0,0.6598522663116455,0.9500000000000004,0,0,0.1
485,34,34,22,0,0.3890184164047241,0.9500000000000004,0,0,0.07692307692307693
485,34,34,246,0,0.5758346915245056,0.9500000000000004,0,0,0.16666666666666666
485,34,34,268,0,0.5888059139251709,0.9500000000000004,0,0,0.1
485,34,34,38,0,0.22227852046489716,0.9500000000000004,0,0,0.125
485,34,34,39,0,0.08197265863418579,0.9500000000000004,0,0,0.06666666666666667
485,34,34,414,0,0.845249593257904,0.9500000000000004,0,0,0.2222222222222222
485,34,34,415,0,0.38510122895240784,0.9500000000000004,0,0,0.14285714285714285
485,34,34,417,0,0.856468677520752,0.9500000000000004,0,0,0.4
485,34,34,420,0,0.42627570033073425,0.9500000000000004,0,0,0.14285714285714285
485,34,34,423,0,0.9354780912399292,0.9500000000000004,0,0,0.4
485,34,34,94,0,0.5932585000991821,0.9500000000000004,0,0,0.07692307692307693
487,860,860,861,0,0.9551534056663513,0.9500000000000004,1,1,1.0
488,34,34,151,0,0.8019810318946838,0.9500000000000004,0,0,0.07142857142857142
488,34,34,157,0,0.5475656390190125,0.9500000000000004,0,0,0.07142857142857142
488,34,34,165,0,0.36939534544944763,0.9500000000000004,0,0,0.07142857142857142
488,34,34,192,0,0.6231175661087036,0.9500000000000004,0,0,0.09090909090909091
488,34,34,22,0,0.3614153563976288,0.9500000000000004,0,0,0.07142857142857142
488,34,34,246,0,0.5339922308921814,0.9500000000000004,0,0,0.14285714285714285
488,34,34,268,0,0.5611547231674194,0.9500000000000004,0,0,0.09090909090909091
488,34,34,38,0,0.1918531060218811,0.9500000000000004,0,0,0.11764705882352941
488,34,34,39,0,0.0716627836227417,0.9500000000000004,0,0,0.0625
488,34,34,414,0,0.806568443775177,0.9500000000000004,0,0,0.2
488,34,34,415,0,0.32070809602737427,0.9500000000000004,0,0,0.125
488,34,34,417,0,0.8446599841117859,0.9500000000000004,0,0,0.36363636363636365
488,34,34,420,0,0.3751094341278076,0.9500000000000004,0,0,0.125
488,34,34,423,0,0.8925532102584839,0.9500000000000004,0,0,0.3333333333333333
488,34,34,94,0,0.5523146986961365,0.9500000000000004,0,0,0.07142857142857142
489,203,203,157,0,0.5157811045646667,0.9500000000000004,0,0,0.08333333333333333
489,203,203,159,0,0.23421622812747955,0.9500000000000004,0,0,0.09090909090909091
489,203,203,183,0,0.308219313621521,0.9500000000000004,0,0,0.09090909090909091
489,203,203,207,0,0.2540108859539032,0.9500000000000004,0,0,0.08333333333333333
489,203,203,208,0,0.08051639795303345,0.9500000000000004,0,0,0.08333333333333333
489,203,203,325,0,0.5536998510360718,0.9500000000000004,0,0,0.2857142857142857
489,203,203,40,0,0.9381691217422485,0.9500000000000004,0,1,0.5
489,203,203,408,0,0.1890997588634491,0.9500000000000004,0,0,0.25
489,203,203,56,0,0.5447994470596313,0.9500000000000004,0,0,0.08333333333333333
493,319,319,320,0,0.8331825733184814,0.9500000000000004,0,0,1.0
494,630,630,629,0,0.5529670715332031,0.9500000000000004,0,0,0.5
494,630,630,648,0,0.8142122626304626,0.9500000000000004,0,0,1.0
495,246,246,268,0,0.7852473855018616,0.9500000000000004,0,0,0.2222222222222222
495,246,246,298,0,0.19341838359832764,0.9500000000000004,0,0,0.14285714285714285
495,246,246,309,0,0.6206731200218201,0.9500000000000004,0,0,0.1111111111111111
495,246,246,333,0,0.5033200979232788,0.9500000000000004,0,0,0.1111111111111111
495,246,246,34,0,0.6833662390708923,0.9500000000000004,0,0,0.1111111111111111
495,246,246,420,0,0.3384760320186615,0.9500000000000004,0,0,0.1111111111111111
495,246,246,423,0,0.9505763053894043,0.9500000000000004,1,0,0.75
495,246,246,668,0,0.7795209288597107,0.9500000000000004,0,0,0.5
495,246,246,68,0,0.9481368064880371,0.9500000000000004,0,0,0.4444444444444444
495,246,423,183,1,0.40860649943351746,0.9500000000000004,0,0,0.030303030303030304
495,246,423,192,1,0.5433944463729858,0.9500000000000004,0,0,0.030303030303030304
495,246,423,21,1,0.8290393352508545,0.9500000000000004,0,0,0.06060606060606061
495,246,423,220,1,0.38937756419181824,0.9500000000000004,0,0,0.030303030303030304
495,246,423,268,1,0.6746625304222107,0.9500000000000004,0,0,0.06060606060606061
495,246,423,302,1,0.531801164150238,0.9500000000000004,0,0,0.030303030303030304
495,246,423,307,1,0.823670506477356,0.9500000000000004,0,0,0.06060606060606061
495,246,423,309,1,0.7792704701423645,0.9500000000000004,0,0,0.09090909090909091
495,246,423,333,1,0.43531933426856995,0.9500000000000004,0,0,0.030303030303030304
495,246,423,339,1,0.5169267654418945,0.9500000000000004,0,0,0.030303030303030304
495,246,423,34,1,0.803162157535553,0.9500000000000004,0,0,0.06060606060606061
495,246,423,40,1,0.7272019386291504,0.9500000000000004,0,0,0.030303030303030304
495,246,423,414,1,0.7502594590187073,0.9500000000000004,0,0,0.06060606060606061
495,246,423,415,1,0.294776052236557,0.9500000000000004,0,0,0.030303030303030304
495,246,423,420,1,0.34959402680397034,0.9500000000000004,0,0,0.030303030303030304
495,246,423,49,1,0.7506669163703918,0.9500000000000004,0,0,0.09090909090909091
495,246,423,55,1,0.6503276824951172,0.9500000000000004,0,0,0.06060606060606061
495,246,423,56,1,0.7726598978042603,0.9500000000000004,0,0,0.09090909090909091
495,246,423,635,1,0.4308452010154724,0.9500000000000004,0,0,0.03571428571428571
495,246,423,638,1,0.4938129484653473,0.9500000000000004,0,0,0.07142857142857142
495,246,423,643,1,0.2006409913301468,0.9500000000000004,0,0,0.058823529411764705
495,246,423,665,1,0.19106943905353546,0.9500000000000004,0,0,0.05
495,246,423,668,1,0.46177977323532104,0.9500000000000004,0,0,0.08
495,246,423,67,1,0.7891574501991272,0.9500000000000004,0,0,0.09090909090909091
495,246,423,68,1,0.5555316805839539,0.9500000000000004,0,0,0.030303030303030304
496,804,804,246,0,0.9563203454017639,0.9500000000000004,1,0,1.0
496,804,246,268,1,0.677933931350708,0.9500000000000004,0,0,0.2
496,804,246,298,1,0.1014750674366951,0.9500000000000004,0,0,0.125
496,804,246,309,1,0.49841243028640747,0.9500000000000004,0,0,0.1
496,804,246,333,1,0.3338667154312134,0.9500000000000004,0,0,0.1
496,804,246,34,1,0.5739509463310242,0.9500000000000004,0,0,0.1
496,804,246,420,1,0.20605702698230743,0.9500000000000004,0,0,0.1
496,804,246,423,1,0.9196387529373169,0.9500000000000004,0,0,0.6
496,804,246,668,1,0.6148632764816284,0.9500000000000004,0,0,0.4
496,804,246,68,1,0.9215880632400513,0.9500000000000004,0,0,0.4
498,665,665,423,0,0.8463271260261536,0.9500000000000004,0,0,1.0
499,804,804,246,0,0.8729848861694336,0.9500000000000004,0,1,0.5
499,804,804,868,0,0.9065223336219788,0.9500000000000004,0,0,1.0
500,180,180,210,0,0.24050290882587433,0.9500000000000004,0,0,0.3333333333333333
500,180,180,303,0,0.6304793357849121,0.9500000000000004,0,0,0.3333333333333333
500,180,180,32,0,0.8370926380157471,0.9500000000000004,0,0,0.5
500,180,180,336,0,0.8817716836929321,0.9500000000000004,0,0,0.6666666666666666
500,180,180,412,0,0.49157100915908813,0.9500000000000004,0,0,0.3333333333333333
501,635,635,423,0,0.6298322081565857,0.9500000000000004,0,0,0.25
501,635,635,638,0,0.4044167399406433,0.9500000000000004,0,0,0.25
501,635,635,649,0,0.43886372447013855,0.9500000000000004,0,0,0.3333333333333333
501,635,635,841,0,0.7231583595275879,0.9500000000000004,0,0,0.5
501,635,635,844,0,0.8240029811859131,0.9500000000000004,0,0,1.0
502,672,672,548,0,0.8626720309257507,0.9500000000000004,0,0,0.6666666666666666
502,672,672,671,0,0.902990460395813,0.9500000000000004,0,0,0.6666666666666666
503,21,21,1,0,0.049881577491760254,0.9500000000000004,0,0,0.024390243902439025
503,21,21,107,0,0.12859033048152924,0.9500000000000004,0,0,0.030303030303030304
503,21,21,148,0,0.025162197649478912,0.9500000000000004,0,0,0.02564102564102564
503,21,21,149,0,0.025162197649478912,0.9500000000000004,0,0,0.02564102564102564
503,21,21,155,0,0.13827820122241974,0.9500000000000004,0,0,0.05714285714285714
503,21,21,161,0,0.034682974219322205,0.9500000000000004,0,0,0.030303030303030304
503,21,21,162,0,0.025725573301315308,0.9500000000000004,0,0,0.03125
503,21,21,173,0,0.029449941590428352,0.9500000000000004,0,0,0.04
503,21,21,175,0,0.26349401473999023,0.9500000000000004,0,0,0.03225806451612903
503,21,21,176,0,0.9049184918403625,0.9500000000000004,0,0,0.4666666666666667
503,21,21,234,0,0.1283854842185974,0.9500000000000004,0,0,0.03571428571428571
503,21,21,247,0,0.02698059007525444,0.9500000000000004,0,0,0.03571428571428571
503,21,21,249,0,0.02730066329240799,0.9500000000000004,0,0,0.037037037037037035
503,21,21,307,0,0.9757615923881531,0.9500000000000004,1,1,0.9230769230769231
503,21,21,339,0,0.9640311002731323,0.9500000000000004,1,1,0.7692307692307693
503,21,21,40,0,0.31152331829071045,0.9500000000000004,0,0,0.025
503,21,21,423,0,0.8334973454475403,0.9500000000000004,0,0,0.25
503,21,21,44,0,0.22936132550239563,0.9500000000000004,0,0,0.05
503,21,21,5,0,0.025218157097697258,0.9500000000000004,0,0,0.02631578947368421
503,21,21,50,0,0.08869537711143494,0.9500000000000004,0,0,0.02702702702702703
503,21,21,57,0,0.18372710049152374,0.9500000000000004,0,0,0.025
503,21,21,58,0,0.5856828689575195,0.9500000000000004,0,0,0.075
503,21,21,59,0,0.13033431768417358,0.9500000000000004,0,0,0.024390243902439025
503,21,21,68,0,0.25060534477233887,0.9500000000000004,0,0,0.025
503,21,21,69,0,0.0444573238492012,0.9500000000000004,0,0,0.02564102564102564
503,21,339,175,1,0.46994706988334656,0.9500000000000004,0,0,0.07142857142857142
503,21,339,302,1,0.3636898696422577,0.9500000000000004,0,0,0.09090909090909091
503,21,339,316,1,0.07431197166442871,0.9500000000000004,0,0,0.08333333333333333
503,21,339,340,1,0.2176443338394165,0.9500000000000004,0,0,0.07692307692307693
503,21,339,423,1,0.6007674336433411,0.9500000000000004,0,0,0.14285714285714285
503,21,307,340,1,0.1697520613670349,0.9500000000000004,0,0,0.08333333333333333
503,21,307,423,1,0.8687865734100342,0.9500000000000004,0,0,0.25
505,881,881,897,0,0.9237060546875,0.9500000000000004,0,0,1.0
506,897,897,881,0,0.9340280890464783,0.9500000000000004,0,1,1.0
508,672,672,548,0,0.7852713465690613,0.9500000000000004,0,0,0.5
508,672,672,549,0,0.8777955174446106,0.9500000000000004,0,0,0.3333333333333333
508,672,672,671,0,0.8559655547142029,0.9500000000000004,0,0,0.5
509,45,45,13,0,0.6142891049385071,0.9500000000000004,0,0,0.6666666666666666
509,45,45,212,0,0.6970872282981873,0.9500000000000004,0,0,1.0
509,45,45,47,0,0.4464539885520935,0.9500000000000004,0,0,0.4
509,45,45,98,0,0.2174706757068634,0.9500000000000004,0,0,0.2
513,229,229,68,0,0.8673785328865051,0.9500000000000004,0,0,1.0
514,307,307,21,0,0.9806752800941467,0.9500000000000004,1,1,0.9285714285714286
514,307,307,339,0,0.9765895009040833,0.9500000000000004,1,0,0.8571428571428571
514,307,307,340,0,0.11871363967657089,0.9500000000000004,0,0,0.07692307692307693
514,307,307,423,0,0.8018017411231995,0.9500000000000004,0,0,0.2222222222222222
514,307,339,175,1,0.3488432765007019,0.9500000000000004,0,0,0.06666666666666667
514,307,339,302,1,0.25625544786453247,0.9500000000000004,0,0,0.08333333333333333
514,307,339,316,1,0.04851050302386284,0.9500000000000004,0,0,0.07692307692307693
514,307,339,340,1,0.13686595857143402,0.9500000000000004,0,0,0.07142857142857142
514,307,339,423,1,0.4276476502418518,0.9500000000000004,0,0,0.125
514,307,21,1,1,0.040582410991191864,0.9500000000000004,0,0,0.023809523809523808
514,307,21,107,1,0.09273239970207214,0.9500000000000004,0,0,0.029411764705882353
514,307,21,148,1,0.020248886197805405,0.9500000000000004,0,0,0.025
514,307,21,149,1,0.020248886197805405,0.9500000000000004,0,0,0.025
514,307,21,155,1,0.11041828989982605,0.9500000000000004,0,0,0.05555555555555555
514,307,21,161,1,0.027867639437317848,0.9500000000000004,0,0,0.029411764705882353
514,307,21,162,1,0.02064126543700695,0.9500000000000004,0,0,0.030303030303030304
514,307,21,173,1,0.023099564015865326,0.9500000000000004,0,0,0.038461538461538464
514,307,21,175,1,0.20467156171798706,0.9500000000000004,0,0,0.03125
514,307,21,176,1,0.8946477174758911,0.9500000000000004,0,0,0.45161290322580644
514,307,21,234,1,0.10052742809057236,0.9500000000000004,0,0,0.034482758620689655
514,307,21,247,1,0.021479258313775063,0.9500000000000004,0,0,0.034482758620689655
514,307,21,249,1,0.021694356575608253,0.9500000000000004,0,0,0.03571428571428571
514,307,21,40,1,0.2377779483795166,0.9500000000000004,0,0,0.024390243902439025
514,307,21,423,1,0.7554560899734497,0.9500000000000004,0,0,0.2222222222222222
514,307,21,44,1,0.1822579950094223,0.9500000000000004,0,0,0.04878048780487805
514,307,21,5,1,0.020288078114390373,0.9500000000000004,0,0,0.02564102564102564
514,307,21,50,1,0.06949113309383392,0.9500000000000004,0,0,0.02631578947368421
514,307,21,57,1,0.1447887271642685,0.9500000000000004,0,0,0.024390243902439025
514,307,21,58,1,0.5100459456443787,0.9500000000000004,0,0,0.07317073170731707
514,307,21,59,1,0.10208580642938614,0.9500000000000004,0,0,0.023809523809523808
514,307,21,68,1,0.1887657195329666,0.9500000000000004,0,0,0.024390243902439025
514,307,21,69,1,0.03579887002706528,0.9500000000000004,0,0,0.025
515,910,910,905,0,0.9013968110084534,0.9500000000000004,0,0,1.0
516,906,906,881,0,0.9011322855949402,0.9500000000000004,0,0,1.0
516,906,906,897,0,0.9265244603157043,0.9500000000000004,0,0,1.0
517,183,183,182,0,0.4660997688770294,0.9500000000000004,0,0,0.4
517,183,183,184,0,0.43973785638809204,0.9500000000000004,0,0,0.25
517,183,183,203,0,0.5129989385604858,0.9500000000000004,0,0,0.2
517,183,183,310,0,0.4331943690776825,0.9500000000000004,0,0,0.5
517,183,183,423,0,0.7995131015777588,0.9500000000000004,0,0,0.5
518,881,881,897,0,0.9698287844657898,0.9500000000000004,1,0,0.6666666666666666
518,881,881,906,0,0.9633136987686157,0.9500000000000004,1,0,1.0
518,881,881,907,0,0.887428879737854,0.9500000000000004,0,0,0.5
518,881,906,21,1,0.9639143347740173,0.9500000000000004,1,0,0.5
519,220,220,234,0,0.46777909994125366,0.9500000000000004,0,0,0.3333333333333333
519,220,220,423,0,0.8354858756065369,0.9500000000000004,0,0,1.0
519,220,220,59,0,0.5179134011268616,0.9500000000000004,0,0,0.3333333333333333
519,220,220,67,0,0.5788254141807556,0.9500000000000004,0,0,0.3333333333333333
520,21,21,1,0,0.03333963826298714,0.9500000000000004,0,0,0.022727272727272728
520,21,21,107,0,0.07075227051973343,0.9500000000000004,0,0,0.027777777777777776
520,21,21,148,0,0.01665082387626171,0.9500000000000004,0,0,0.023809523809523808
520,21,21,149,0,0.01665082387626171,0.9500000000000004,0,0,0.023809523809523808
520,21,21,155,0,0.09990684688091278,0.9500000000000004,0,0,0.05263157894736842
520,21,21,161,0,0.02287924662232399,0.9500000000000004,0,0,0.027777777777777776
520,21,21,162,0,0.016933565959334373,0.9500000000000004,0,0,0.02857142857142857
520,21,21,173,0,0.018605299293994904,0.9500000000000004,0,0,0.03571428571428571
520,21,21,175,0,0.17920608818531036,0.9500000000000004,0,0,0.029411764705882353
520,21,21,176,0,0.8843861818313599,0.9500000000000004,0,0,0.42424242424242425
520,21,21,234,0,0.08374404162168503,0.9500000000000004,0,0,0.03225806451612903
520,21,21,247,0,0.017515981569886208,0.9500000000000004,0,0,0.03225806451612903
520,21,21,249,0,0.017661944031715393,0.9500000000000004,0,0,0.03333333333333333
520,21,21,307,0,0.9806299805641174,0.9500000000000004,1,1,0.875
520,21,21,339,0,0.9670320153236389,0.9500000000000004,1,1,0.6875
520,21,21,40,0,0.20517514646053314,0.9500000000000004,0,0,0.023255813953488372
520,21,21,423,0,0.7178801894187927,0.9500000000000004,0,0,0.18181818181818182
520,21,21,44,0,0.16504816710948944,0.9500000000000004,0,0,0.046511627906976744
520,21,21,5,0,0.01668011210858822,0.9500000000000004,0,0,0.024390243902439025
520,21,21,50,0,0.05681898817420006,0.9500000000000004,0,0,0.025
520,21,21,57,0,0.1217247024178505,0.9500000000000004,0,0,0.023255813953488372
520,21,21,58,0,0.5137428045272827,0.9500000000000004,0,0,0.06976744186046512
520,21,21,59,0,0.08359339088201523,0.9500000000000004,0,0,0.022727272727272728
520,21,21,68,0,0.159172922372818,0.9500000000000004,0,0,0.023255813953488372
520,21,21,69,0,0.02930913120508194,0.9500000000000004,0,0,0.023809523809523808
520,21,21,906,0,0.9465412497520447,0.9500000000000004,0,0,0.5
520,21,339,175,1,0.3446252644062042,0.9500000000000004,0,0,0.06666666666666667
520,21,339,302,1,0.2546030580997467,0.9500000000000004,0,0,0.08333333333333333
520,21,339,316,1,0.049799997359514236,0.9500000000000004,0,0,0.07692307692307693
520,21,339,340,1,0.13556702435016632,0.9500000000000004,0,0,0.07142857142857142
520,21,339,423,1,0.4141406714916229,0.9500000000000004,0,0,0.125
520,21,307,340,1,0.09561076015233994,0.9500000000000004,0,0,0.07142857142857142
520,21,307,423,1,0.7504491209983826,0.9500000000000004,0,0,0.2
521,846,846,841,0,0.8761439919471741,0.9500000000000004,0,0,1.0
521,846,846,845,0,0.8593966960906982,0.9500000000000004,0,1,1.0
522,886,886,881,0,0.9283929467201233,0.9500000000000004,0,0,1.0
522,886,886,883,0,0.9243248701095581,0.9500000000000004,0,0,1.0
523,897,897,881,0,0.9469195604324341,0.9500000000000004,0,1,0.6666666666666666
523,897,897,906,0,0.8844555616378784,0.9500000000000004,0,0,0.5
523,897,897,910,0,0.9399970769882202,0.9500000000000004,0,0,1.0
524,733,733,732,0,0.6104959845542908,0.9500000000000004,0,0,1.0
525,34,34,151,0,0.5124400854110718,0.9500000000000004,0,0,0.06666666666666667
525,34,34,157,0,0.5519864559173584,0.9500000000000004,0,0,0.06666666666666667
525,34,34,165,0,0.4902941882610321,0.9500000000000004,0,0,0.06666666666666667
525,34,34,192,0,0.5121813416481018,0.9500000000000004,0,0,0.08333333333333333
525,34,34,211,0,0.5231471061706543,0.9500000000000004,0,0,0.07142857142857142
525,34,34,22,0,0.35145270824432373,0.9500000000000004,0,0,0.06666666666666667
525,34,34,246,0,0.5401806235313416,0.9500000000000004,0,0,0.125
525,34,34,268,0,0.4755876064300537,0.9500000000000004,0,0,0.08333333333333333
525,34,34,38,0,0.19039495289325714,0.9500000000000004,0,0,0.1111111111111111
525,34,34,39,0,0.07953906804323196,0.9500000000000004,0,0,0.058823529411764705
525,34,34,414,0,0.6358640193939209,0.9500000000000004,0,0,0.18181818181818182
525,34,34,415,0,0.22657278180122375,0.9500000000000004,0,0,0.1111111111111111
525,34,34,417,0,0.7716519832611084,0.9500000000000004,0,0,0.3333333333333333
525,34,34,420,0,0.303056538105011,0.9500000000000004,0,0,0.1111111111111111
525,34,34,423,0,0.7661879062652588,0.9500000000000004,0,0,0.2857142857142857
525,34,34,735,0,0.601967453956604,0.9500000000000004,0,0,0.25
525,34,34,94,0,0.4680359363555908,0.9500000000000004,0,0,0.06666666666666667
526,905,905,910,0,0.8846887350082397,0.9500000000000004,0,0,1.0
528,881,881,883,0,0.8701646327972412,0.9500000000000004,0,0,0.5
528,881,881,886,0,0.8970248103141785,0.9500000000000004,0,0,0.5
528,881,881,897,0,0.9604942202568054,0.9500000000000004,1,0,0.6
528,881,881,906,0,0.7650524377822876,0.9500000000000004,0,0,0.3333333333333333
528,881,881,907,0,0.5649543404579163,0.9500000000000004,0,0,0.25
528,881,897,906,1,0.7713781595230103,0.9500000000000004,0,0,0.3333333333333333
528,881,897,910,1,0.8667691349983215,0.9500000000000004,0,0,0.5
530,881,881,883,0,0.6876487731933594,0.9500000000000004,0,0,0.3333333333333333
530,881,881,886,0,0.7517880797386169,0.9500000000000004,0,0,0.3333333333333333
530,881,881,897,0,0.932390570640564,0.9500000000000004,0,0,0.5
530,881,881,906,0,0.575143575668335,0.9500000000000004,0,0,0.25
530,881,881,907,0,0.39395374059677124,0.9500000000000004,0,0,0.2
530,881,881,924,0,0.9279327988624573,0.9500000000000004,0,0,1.0
531,881,881,883,0,0.5760665535926819,0.9500000000000004,0,0,0.25
531,881,881,886,0,0.6514824628829956,0.9500000000000004,0,0,0.25
531,881,881,897,0,0.9053989052772522,0.9500000000000004,0,0,0.42857142857142855
531,881,881,898,0,0.9361769556999207,0.9500000000000004,0,1,1.0
531,881,881,906,0,0.5257327556610107,0.9500000000000004,0,0,0.2
531,881,881,907,0,0.3487125039100647,0.9500000000000004,0,0,0.16666666666666666
531,881,881,924,0,0.8223814368247986,0.9500000000000004,0,0,0.5
532,19,19,905,0,0.8570902347564697,0.9500000000000004,0,0,1.0
534,881,881,883,0,0.3905005156993866,0.9500000000000004,0,0,0.2
534,881,881,886,0,0.5066479444503784,0.9500000000000004,0,0,0.2
534,881,881,897,0,0.8418598175048828,0.9500000000000004,0,0,0.375
534,881,881,898,0,0.9383883476257324,0.9500000000000004,0,0,1.0
534,881,881,906,0,0.3805016577243805,0.9500000000000004,0,0,0.16666666666666666
534,881,881,907,0,0.24044297635555267,0.9500000000000004,0,0,0.14285714285714285
534,881,881,924,0,0.6602074503898621,0.9500000000000004,0,0,0.3333333333333333
536,928,928,884,0,0.9395225644111633,0.9500000000000004,0,0,1.0
537,905,905,19,0,0.6280480027198792,0.9500000000000004,0,0,0.5
537,905,905,910,0,0.4637090563774109,0.9500000000000004,0,0,0.3333333333333333
537,905,905,928,0,0.9241049289703369,0.9500000000000004,0,0,1.0
538,897,897,881,0,0.9237713813781738,0.9500000000000004,0,0,0.75
538,897,897,906,0,0.47456681728363037,0.9500000000000004,0,0,0.3333333333333333
538,897,897,910,0,0.6226127743721008,0.9500000000000004,0,0,0.5
539,881,881,883,0,0.28952693939208984,0.9500000000000004,0,0,0.16666666666666666
539,881,881,886,0,0.39336708188056946,0.9500000000000004,0,0,0.16666666666666666
539,881,881,897,0,0.8811770081520081,0.9500000000000004,0,0,0.3333333333333333
539,881,881,898,0,0.8945563435554504,0.9500000000000004,0,0,0.6666666666666666
539,881,881,906,0,0.3014729917049408,0.9500000000000004,0,0,0.14285714285714285
539,881,881,907,0,0.1919030398130417,0.9500000000000004,0,0,0.125
539,881,881,924,0,0.47366514801979065,0.9500000000000004,0,0,0.25
539,881,881,927,0,0.917188823223114,0.9500000000000004,0,0,1.0
540,881,881,883,0,0.17415067553520203,0.9500000000000004,0,0,0.14285714285714285
540,881,881,886,0,0.2665383815765381,0.9500000000000004,0,0,0.14285714285714285
540,881,881,897,0,0.8555467128753662,0.9500000000000004,0,0,0.3
540,881,881,898,0,0.8275426626205444,0.9500000000000004,0,0,0.5
540,881,881,906,0,0.20412473380565643,0.9500000000000004,0,1,0.125
540,881,881,907,0,0.1173829585313797,0.9500000000000004,0,0,0.1111111111111111
540,881,881,924,0,0.2907232940196991,0.9500000000000004,0,0,0.2
540,881,881,927,0,0.7959831953048706,0.9500000000000004,0,0,0.5
540,881,881,932,0,0.9788491725921631,0.9500000000000004,1,0,1.0
542,207,207,20,0,0.3171767592430115,0.9500000000000004,0,0,0.5
542,207,207,203,0,0.5011435747146606,0.9500000000000004,0,0,0.3333333333333333
542,207,207,208,0,0.20837195217609406,0.9500000000000004,0,0,0.3333333333333333
542,207,207,739,0,0.5586758852005005,0.9500000000000004,0,0,1.0
543,881,881,883,0,0.2083674967288971,0.9500000000000004,0,0,0.125
543,881,881,886,0,0.3034602105617523,0.9500000000000004,0,0,0.125
543,881,881,897,0,0.8330674171447754,0.9500000000000004,0,0,0.2727272727272727
543,881,881,898,0,0.8050795197486877,0.9500000000000004,0,0,0.4
543,881,881,906,0,0.9275985956192017,0.9500000000000004,0,0,0.2222222222222222
543,881,881,907,0,0.1494794338941574,0.9500000000000004,0,0,0.1
543,881,881,924,0,0.32351675629615784,0.9500000000000004,0,0,0.16666666666666666
543,881,881,927,0,0.7316308617591858,0.9500000000000004,0,0,0.3333333333333333
543,881,881,932,0,0.9379580616950989,0.9500000000000004,0,0,0.5
544,903,903,931,0,0.9322694540023804,0.9500000000000004,0,0,1.0
546,207,207,20,0,0.21637062728405,0.9500000000000004,0,0,0.3333333333333333
546,207,207,203,0,0.4619752764701843,0.9500000000000004,0,0,0.25
546,207,207,208,0,0.15158094465732574,0.9500000000000004,0,0,0.25
546,207,207,739,0,0.27673253417015076,0.9500000000000004,0,0,0.5
546,207,207,891,0,0.9259190559387207,0.9500000000000004,0,0,1.0
546,207,207,895,0,0.9259190559387207,0.9500000000000004,0,0,1.0
547,901,901,898,0,0.8001054525375366,0.9500000000000004,0,0,1.0
548,943,943,945,0,0.9374738335609436,0.9500000000000004,0,0,1.0
549,891,891,207,0,0.9387397766113281,0.9500000000000004,0,0,1.0
549,891,891,895,0,0.9234533905982971,0.9500000000000004,0,0,1.0
550,910,910,897,0,0.7404108047485352,0.9500000000000004,0,0,0.5
550,910,910,905,0,0.6147432327270508,0.9500000000000004,0,0,0.5
551,891,891,207,0,0.9199090003967285,0.9500000000000004,0,0,0.5
551,891,891,881,0,0.9639533162117004,0.9500000000000004,1,1,0.5
551,891,891,895,0,0.8925343155860901,0.9500000000000004,0,0,0.5
551,891,881,883,1,0.1613818109035492,0.9500000000000004,0,0,0.1
551,891,881,886,1,0.2537822127342224,0.9500000000000004,0,0,0.1
551,891,881,897,1,0.7913992404937744,0.9500000000000004,0,0,0.23076923076923078
551,891,881,898,1,0.7133687138557434,0.9500000000000004,0,0,0.2857142857142857
551,891,881,906,1,0.9014344811439514,0.9500000000000004,0,0,0.18181818181818182
551,891,881,907,1,0.12023723870515823,0.9500000000000004,0,0,0.08333333333333333
551,891,881,924,1,0.22279168665409088,0.9500000000000004,0,0,0.125
551,891,881,927,1,0.5052889585494995,0.9500000000000004,0,0,0.2
551,891,881,932,1,0.8582802414894104,0.9500000000000004,0,0,0.25
551,891,881,944,1,0.9399285912513733,0.9500000000000004,0,0,0.5
552,934,934,935,0,0.9402040839195251,0.9500000000000004,0,1,1.0
552,934,934,943,0,0.941687285900116,0.9500000000000004,0,0,1.0
553,934,934,935,0,0.9847927093505859,0.9500000000000004,1,1,1.0
553,934,934,943,0,0.955078125,0.9500000000000004,1,0,0.5
553,934,943,945,1,0.8995766639709473,0.9500000000000004,0,0,0.5
554,934,934,935,0,0.9896777868270874,0.9500000000000004,1,1,1.0
554,934,934,943,0,0.9343553781509399,0.9500000000000004,0,0,0.3333333333333333
554,934,935,943,1,0.9343553781509399,0.9500000000000004,0,0,0.3333333333333333
555,935,935,934,0,0.9895110726356506,0.9500000000000004,1,1,1.0
555,935,935,943,0,0.9403558373451233,0.9500000000000004,0,0,0.25
555,935,934,943,1,0.9403558373451233,0.9500000000000004,0,0,0.25
557,881,881,883,0,0.16184277832508087,0.9500000000000004,0,0,0.09090909090909091
557,881,881,886,0,0.2491350769996643,0.9500000000000004,0,0,0.09090909090909091
557,881,881,891,0,0.9631354212760925,0.9500000000000004,1,0,0.6666666666666666
557,881,881,897,0,0.7831118702888489,0.9500000000000004,0,0,0.21428571428571427
557,881,881,898,0,0.7121754288673401,0.9500000000000004,0,0,0.25
557,881,881,906,0,0.8850952386856079,0.9500000000000004,0,0,0.16666666666666666
557,881,881,907,0,0.1289115846157074,0.9500000000000004,0,0,0.07692307692307693
557,881,881,924,0,0.2091737687587738,0.9500000000000004,0,0,0.1111111111111111
557,881,881,927,0,0.4720829427242279,0.9500000000000004,0,0,0.16666666666666666
557,881,881,932,0,0.8155779838562012,0.9500000000000004,0,0,0.2
557,881,881,944,0,0.9018394947052002,0.9500000000000004,0,0,0.3333333333333333
557,881,891,207,1,0.9280375838279724,0.9500000000000004,0,0,0.3333333333333333
557,881,891,895,1,0.8906322717666626,0.9500000000000004,0,0,0.3333333333333333
558,943,943,934,0,0.9338471293449402,0.9500000000000004,0,1,1.0
558,943,943,935,0,0.9338471293449402,0.9500000000000004,0,0,1.0
558,943,943,945,0,0.8710964322090149,0.9500000000000004,0,0,0.5
559,934,934,935,0,0.9816049933433533,0.9500000000000004,1,1,0.8333333333333334
559,934,934,943,0,0.9578085541725159,0.9500000000000004,1,1,0.3333333333333333
559,934,943,945,1,0.8246508836746216,0.9500000000000004,0,0,0.3333333333333333
561,941,941,937,0,0.9583321213722229,0.9500000000000004,1,0,1.0
561,941,941,940,0,0.9583321213722229,0.9500000000000004,1,1,1.0
562,943,943,934,0,0.9819831848144531,0.9500000000000004,1,0,1.0
562,943,943,935,0,0.9725030660629272,0.9500000000000004,1,0,0.6666666666666666
562,943,943,945,0,0.7856956720352173,0.9500000000000004,0,1,0.25
563,943,943,934,0,0.9769819974899292,0.9500000000000004,1,0,0.75
563,943,943,935,0,0.9634771347045898,0.9500000000000004,1,0,0.5
563,943,943,945,0,0.96344393491745,0.9500000000000004,1,0,0.4
564,903,903,469,0,0.8837401270866394,0.9500000000000004,0,0,1.0
564,903,903,894,0,0.787013590335846,0.9500000000000004,0,0,0.5
564,903,903,901,0,0.8302652835845947,0.9500000000000004,0,0,0.3333333333333333
564,903,903,931,0,0.6664055585861206,0.9500000000000004,0,0,0.3333333333333333
565,881,881,883,0,0.14854779839515686,0.9500000000000004,0,0,0.08333333333333333
565,881,881,886,0,0.22489416599273682,0.9500000000000004,0,0,0.08333333333333333
565,881,881,891,0,0.9301386475563049,0.9500000000000004,0,0,0.5
565,881,881,897,0,0.7582947611808777,0.9500000000000004,0,0,0.2
565,881,881,898,0,0.6738742589950562,0.9500000000000004,0,0,0.2222222222222222
565,881,881,906,0,0.8302717208862305,0.9500000000000004,0,0,0.15384615384615385
565,881,881,907,0,0.12377219647169113,0.9500000000000004,0,0,0.07142857142857142
565,881,881,911,0,0.9489555954933167,0.9500000000000004,0,0,1.0
565,881,881,924,0,0.18136687576770782,0.9500000000000004,0,0,0.1
565,881,881,927,0,0.36230504512786865,0.9500000000000004,0,0,0.14285714285714285
565,881,881,932,0,0.6661070585250854,0.9500000000000004,0,0,0.16666666666666666
565,881,881,944,0,0.7839008569717407,0.9500000000000004,0,0,0.25
566,943,943,910,0,0.9363546967506409,0.9500000000000004,0,0,0.16666666666666666
566,943,943,934,0,0.9736196994781494,0.9500000000000004,1,0,0.6
566,943,943,935,0,0.9559096693992615,0.9500000000000004,1,0,0.4
566,943,943,945,0,0.9551928639411926,0.9500000000000004,1,0,0.3333333333333333
567,891,891,207,0,0.8781076669692993,0.9500000000000004,0,0,0.3333333333333333
567,891,891,881,0,0.973979651927948,0.9500000000000004,1,0,0.6666666666666666
567,891,891,895,0,0.8119682669639587,0.9500000000000004,0,0,0.3333333333333333
567,891,881,107,1,0.9029627442359924,0.9500000000000004,0,0,0.0625
567,891,881,883,1,0.12887868285179138,0.9500000000000004,0,0,0.07692307692307693
567,891,881,886,1,0.20406894385814667,0.9500000000000004,0,0,0.07692307692307693
567,891,881,897,1,0.7307732105255127,0.9500000000000004,0,0,0.1875
567,891,881,898,1,0.6071330904960632,0.9500000000000004,0,0,0.2
567,891,881,906,1,0.8005041480064392,0.9500000000000004,0,0,0.14285714285714285
567,891,881,907,1,0.10648002475500107,0.9500000000000004,0,0,0.06666666666666667
567,891,881,911,1,0.8995005488395691,0.9500000000000004,0,0,0.5
567,891,881,924,1,0.15836578607559204,0.9500000000000004,0,0,0.09090909090909091
567,891,881,927,1,0.2881377637386322,0.9500000000000004,0,0,0.125
567,891,881,932,1,0.5577111840248108,0.9500000000000004,0,0,0.14285714285714285
567,891,881,944,1,0.8672424554824829,0.9500000000000004,0,0,0.2
568,906,906,21,0,0.664086639881134,0.9500000000000004,0,0,0.3333333333333333
568,906,906,881,0,0.9430763125419617,0.9500000000000004,0,0,0.6666666666666666
568,906,906,897,0,0.5369449257850647,0.9500000000000004,0,0,0.3333333333333333
569,207,207,174,0,0.8890631794929504,0.9500000000000004,0,0,1.0
569,207,207,20,0,0.20987090468406677,0.9500000000000004,0,0,0.25
569,207,207,203,0,0.4562162160873413,0.9500000000000004,0,0,0.2
569,207,207,208,0,0.155309796333313,0.9500000000000004,0,0,0.2
569,207,207,739,0,0.24100348353385925,0.9500000000000004,0,0,0.3333333333333333
569,207,207,891,0,0.8838105201721191,0.9500000000000004,0,0,0.5
569,207,207,895,0,0.783856213092804,0.9500000000000004,0,0,0.5
571,959,959,958,0,0.9427291750907898,0.9500000000000004,0,1,1.0
573,943,943,910,0,0.8795066475868225,0.9500000000000004,0,0,0.14285714285714285
573,943,943,934,0,0.9643719792366028,0.9500000000000004,1,0,0.5
573,943,943,935,0,0.9374801516532898,0.9500000000000004,0,0,0.3333333333333333
573,943,943,942,0,0.9635952115058899,0.9500000000000004,1,0,1.0
573,943,943,944,0,0.8773376941680908,0.9500000000000004,0,1,0.14285714285714285
573,943,943,945,0,0.930801272392273,0.9500000000000004,0,0,0.2857142857142857
573,943,942,944,1,0.9310471415519714,0.9500000000000004,0,1,1.0
573,943,934,935,1,0.9808068871498108,0.9500000000000004,1,0,0.8571428571428571
575,937,937,940,0,0.9149301052093506,0.9500000000000004,0,0,1.0
575,937,937,941,0,0.9149301052093506,0.9500000000000004,0,0,1.0
576,967,967,966,0,0.9610618352890015,0.9500000000000004,1,0,1.0
577,914,914,906,0,0.9331396222114563,0.9500000000000004,0,0,1.0
578,961,961,960,0,0.9379295110702515,0.9500000000000004,0,0,1.0
580,960,960,961,0,0.9325044751167297,0.9500000000000004,0,0,1.0
581,944,944,881,0,0.9519226551055908,0.9500000000000004,1,0,0.5
581,944,944,891,0,0.8918319344520569,0.9500000000000004,0,0,0.25
581,944,944,914,0,0.9341076612472534,0.9500000000000004,0,0,0.5
581,944,944,942,0,0.8498406410217285,0.9500000000000004,0,0,0.3333333333333333
581,944,944,943,0,0.9651124477386475,0.9500000000000004,1,1,0.6666666666666666
581,944,943,891,1,0.8474903702735901,0.9500000000000004,0,0,0.1
581,944,943,910,1,0.7858636975288391,0.9500000000000004,0,0,0.1
581,944,943,934,1,0.9438259601593018,0.9500000000000004,0,0,0.3333333333333333
581,944,943,935,1,0.8966076970100403,0.9500000000000004,0,0,0.2222222222222222
581,944,943,937,1,0.8798660635948181,0.9500000000000004,0,0,0.16666666666666666
581,944,943,942,1,0.8386667966842651,0.9500000000000004,0,0,0.25
581,944,943,945,1,0.8815464973449707,0.9500000000000004,0,0,0.2
581,944,943,955,1,0.9417734742164612,0.9500000000000004,0,0,0.5
581,944,943,956,1,0.9652378559112549,0.9500000000000004,1,0,1.0
582,881,881,107,0,0.7682588696479797,0.9500000000000004,0,0,0.058823529411764705
582,881,881,883,0,0.11933145672082901,0.9500000000000004,0,0,0.07142857142857142
582,881,881,886,0,0.1894141286611557,0.9500000000000004,0,0,0.07142857142857142
582,881,881,891,0,0.8988046646118164,0.9500000000000004,0,0,0.3333333333333333
582,881,881,897,0,0.7031475305557251,0.9500000000000004,0,0,0.17647058823529413
582,881,881,898,0,0.5603427886962891,0.9500000000000004,0,0,0.18181818181818182
582,881,881,906,0,0.8063855767250061,0.9500000000000004,0,0,0.13333333333333333
582,881,881,907,0,0.10298167914152145,0.9500000000000004,0,0,0.0625
582,881,881,911,0,0.7720828056335449,0.9500000000000004,0,0,0.3333333333333333
582,881,881,914,0,0.9615034461021423,0.9500000000000004,1,0,1.0
582,881,881,924,0,0.1388034075498581,0.9500000000000004,0,0,0.08333333333333333
582,881,881,927,0,0.2187405824661255,0.9500000000000004,0,0,0.1111111111111111
582,881,881,932,0,0.3741987645626068,0.9500000000000004,0,0,0.125
582,881,881,944,0,0.9530224800109863,0.9500000000000004,1,0,0.3333333333333333
582,881,944,891,1,0.8800965547561646,0.9500000000000004,0,0,0.2
582,881,944,942,1,0.8025047779083252,0.9500000000000004,0,0,0.25
582,881,944,943,1,0.9829309582710266,0.9500000000000004,1,0,0.75
583,107,107,21,0,0.5246478319168091,0.9500000000000004,0,0,0.16666666666666666
583,107,107,226,0,0.3822770416736603,0.9500000000000004,0,0,0.2
583,107,107,234,0,0.3903396427631378,0.9500000000000004,0,0,0.25
583,107,107,263,0,0.2116645723581314,0.9500000000000004,0,0,0.25
583,107,107,56,0,0.46654391288757324,0.9500000000000004,0,0,0.2
583,107,107,67,0,0.49914315342903137,0.9500000000000004,0,0,0.16666666666666666
583,107,107,826,0,0.3030815124511719,0.9500000000000004,0,0,0.5
583,107,107,881,0,0.9343072175979614,0.9500000000000004,0,1,1.0
584,967,967,943,0,0.9490233063697815,0.9500000000000004,0,0,0.5
584,967,967,956,0,0.9383336305618286,0.9500000000000004,0,0,1.0
584,967,967,966,0,0.9092456698417664,0.9500000000000004,0,0,0.5
585,943,943,891,0,0.8153609037399292,0.9500000000000004,0,0,0.09090909090909091
585,943,943,910,0,0.7476633787155151,0.9500000000000004,0,0,0.09090909090909091
585,943,943,934,0,0.93178790807724,0.9500000000000004,0,0,0.3
585,943,943,935,0,0.8761454224586487,0.9500000000000004,0,0,0.2
585,943,943,937,0,0.8419698476791382,0.9500000000000004,0,1,0.14285714285714285
585,943,943,942,0,0.7767000794410706,0.9500000000000004,0,0,0.2
585,943,943,944,0,0.9552984833717346,0.9500000000000004,1,0,0.2727272727272727
585,943,943,945,0,0.8566994071006775,0.9500000000000004,0,0,0.18181818181818182
585,943,943,955,0,0.8985730409622192,0.9500000000000004,0,0,0.3333333333333333
585,943,943,956,0,0.9284542202949524,0.9500000000000004,0,0,0.5
585,943,943,967,0,0.9459022283554077,0.9500000000000004,0,0,0.3333333333333333
585,943,944,881,1,0.9505022168159485,0.9500000000000004,1,0,0.4
585,943,944,891,1,0.8671530485153198,0.9500000000000004,0,0,0.2
585,943,944,914,1,0.9062134623527527,0.9500000000000004,0,0,0.3333333333333333
585,943,944,942,1,0.7940703630447388,0.9500000000000004,0,0,0.25
585,943,881,107,2,0.9194386601448059,0.9500000000000004,0,0,0.10526315789473684
585,943,881,883,2,0.104942686855793,0.9500000000000004,0,0,0.0625
585,943,881,886,2,0.16902188956737518,0.9500000000000004,0,0,0.0625
585,943,881,891,2,0.8608863949775696,0.9500000000000004,0,0,0.25
585,943,881,897,2,0.6732862591743469,0.9500000000000004,0,0,0.15789473684210525
585,943,881,898,2,0.5065522789955139,0.9500000000000004,0,0,0.15384615384615385
585,943,881,906,2,0.7713966965675354,0.9500000000000004,0,0,0.11764705882352941
585,943,881,907,2,0.09147167950868607,0.9500000000000004,0,0,0.05555555555555555
585,943,881,911,2,0.5981449484825134,0.9500000000000004,0,0,0.2
585,943,881,914,2,0.8949655890464783,0.9500000000000004,0,0,0.3333333333333333
585,943,881,924,2,0.12194445729255676,0.9500000000000004,0,0,0.07142857142857142
585,943,881,927,2,0.1857888549566269,0.9500000000000004,0,0,0.09090909090909091
585,943,881,932,2,0.2943550944328308,0.9500000000000004,0,0,0.1
585,943,881,971,2,0.9380819201469421,0.9500000000000004,0,0,0.5
586,967,967,943,0,0.9340547323226929,0.9500000000000004,0,1,0.3333333333333333
586,967,967,956,0,0.8940166234970093,0.9500000000000004,0,0,0.5
586,967,967,966,0,0.8552150726318359,0.9500000000000004,0,0,0.3333333333333333
586,967,967,974,0,0.9478684067726135,0.9500000000000004,0,0,1.0
587,958,958,903,0,0.9255490303039551,0.9500000000000004,0,0,0.5
587,958,958,959,0,0.9655138254165649,0.9500000000000004,1,0,1.0
587,958,959,903,1,0.9255490303039551,0.9500000000000004,0,0,0.5
588,959,959,903,0,0.9250218868255615,0.9500000000000004,0,0,0.5
588,959,959,958,0,0.9807892441749573,0.9500000000000004,1,1,1.0
588,959,958,903,1,0.8586607575416565,0.9500000000000004,0,0,0.3333333333333333
588,959,958,976,1,0.980922520160675,0.9500000000000004,1,0,1.0
588,959,958,977,1,0.980922520160675,0.9500000000000004,1,0,1.0
589,977,977,958,0,0.9624131917953491,0.9500000000000004,1,1,1.0
589,977,977,976,0,0.9613621830940247,0.9500000000000004,1,1,1.0
589,977,958,903,1,0.8536659479141235,0.9500000000000004,0,0,0.25
589,977,958,959,1,0.9847303032875061,0.9500000000000004,1,0,0.75
590,958,958,903,0,0.7981111407279968,0.9500000000000004,0,0,0.2
590,958,958,959,0,0.9849690198898315,0.9500000000000004,1,0,0.6
590,958,958,976,0,0.9831703305244446,0.9500000000000004,1,0,0.6666666666666666
590,958,958,977,0,0.9831703305244446,0.9500000000000004,1,0,0.6666666666666666
591,958,958,903,0,0.8303105235099792,0.9500000000000004,0,0,0.16666666666666666
591,958,958,959,0,0.9807829260826111,0.9500000000000004,1,0,0.5
591,958,958,976,0,0.9750619530677795,0.9500000000000004,1,1,0.5
591,958,958,977,0,0.9750619530677795,0.9500000000000004,1,0,0.5
592,891,891,207,0,0.7500444650650024,0.9500000000000004,0,0,0.2
592,891,891,881,0,0.9382116198539734,0.9500000000000004,0,0,0.4
592,891,891,895,0,0.4719218909740448,0.9500000000000004,0,0,0.2
592,891,891,943,0,0.9135817289352417,0.9500000000000004,0,0,0.25
592,891,891,944,0,0.8796542286872864,0.9500000000000004,0,0,0.25
592,891,891,952,0,0.8797898292541504,0.9500000000000004,0,0,0.5
596,991,991,1002,0,0.9641290307044983,0.9500000000000004,1,1,1.0
597,1002,1002,991,0,0.9881334900856018,0.9500000000000004,1,1,1.0
598,991,991,1002,0,0.9890238046646118,0.9500000000000004,1,1,1.0
599,991,991,1002,0,0.9901151657104492,0.9500000000000004,1,1,1.0
600,991,991,1002,0,0.9871795773506165,0.9500000000000004,1,0,1.0
601,961,961,960,0,0.8395437002182007,0.9500000000000004,0,1,0.5
601,961,961,964,0,0.8961130380630493,0.9500000000000004,0,0,1.0
602,960,960,961,0,0.9834123849868774,0.9500000000000004,1,1,0.6666666666666666
602,960,960,962,0,0.9001792073249817,0.9500000000000004,0,0,0.5
602,960,960,963,0,0.9001792073249817,0.9500000000000004,0,0,0.5
602,960,961,964,1,0.7778977155685425,0.9500000000000004,0,0,0.5
603,961,961,960,0,0.9870785474777222,0.9500000000000004,1,1,0.75
603,961,961,964,0,0.7726836800575256,0.9500000000000004,0,0,0.3333333333333333
603,961,960,962,1,0.8859429359436035,0.9500000000000004,0,0,0.3333333333333333
603,961,960,963,1,0.8859429359436035,0.9500000000000004,0,0,0.3333333333333333
604,960,960,961,0,0.9874883890151978,0.9500000000000004,1,1,0.8
604,960,960,962,0,0.8803184032440186,0.9500000000000004,0,0,0.25
604,960,960,963,0,0.8803184032440186,0.9500000000000004,0,0,0.25
604,960,961,964,1,0.7526323199272156,0.9500000000000004,0,0,0.25
605,894,894,903,0,0.8586220145225525,0.9500000000000004,0,0,1.0
606,974,974,967,0,0.9215236902236938,0.9500000000000004,0,0,1.0
607,777,777,912,0,0.5834325551986694,0.9500000000000004,0,1,1.0
608,914,914,881,0,0.8679364919662476,0.9500000000000004,0,0,0.5
608,914,914,906,0,0.7757890820503235,0.9500000000000004,0,0,0.5
608,914,914,944,0,0.8396714925765991,0.9500000000000004,0,0,0.5
609,932,932,881,0,0.8557828068733215,0.9500000000000004,0,1,1.0
611,940,940,891,0,0.8467560410499573,0.9500000000000004,0,0,0.25
611,940,940,937,0,0.9165526628494263,0.9500000000000004,0,1,0.5
611,940,940,941,0,0.8853338956832886,0.9500000000000004,0,0,0.5
611,940,940,943,0,0.8400100469589233,0.9500000000000004,0,0,0.25
612,966,966,967,0,0.8772387504577637,0.9500000000000004,0,0,1.0
613,960,960,961,0,0.9798422455787659,0.9500000000000004,1,1,0.8333333333333334
613,960,960,962,0,0.755855143070221,0.9500000000000004,0,0,0.2
613,960,960,963,0,0.755855143070221,0.9500000000000004,0,0,0.2
613,960,961,964,1,0.5686448812484741,0.9500000000000004,0,0,0.2
614,881,881,1015,0,0.9527499675750732,0.9500000000000004,1,0,1.0
614,881,881,107,0,0.7803385257720947,0.9500000000000004,0,0,0.1
614,881,881,883,0,0.08725686371326447,0.9500000000000004,0,0,0.058823529411764705
614,881,881,886,0,0.13540348410606384,0.9500000000000004,0,0,0.058823529411764705
614,881,881,891,0,0.7833446860313416,0.9500000000000004,0,0,0.2222222222222222
614,881,881,897,0,0.6126469969749451,0.9500000000000004,0,0,0.15
614,881,881,898,0,0.4208013415336609,0.9500000000000004,0,0,0.14285714285714285
614,881,881,906,0,0.6378105282783508,0.9500000000000004,0,0,0.1111111111111111
614,881,881,907,0,0.07978104799985886,0.9500000000000004,0,0,0.05263157894736842
614,881,881,911,0,0.267261266708374,0.9500000000000004,0,0,0.16666666666666666
614,881,881,914,0,0.7862374782562256,0.9500000000000004,0,0,0.25
614,881,881,924,0,0.09578133374452591,0.9500000000000004,0,0,0.06666666666666667
614,881,881,927,0,0.12608136236667633,0.9500000000000004,0,0,0.08333333333333333
614,881,881,932,0,0.8920234441757202,0.9500000000000004,0,0,0.18181818181818182
614,881,881,944,0,0.8084294199943542,0.9500000000000004,0,1,0.2222222222222222
614,881,881,971,0,0.6922062039375305,0.9500000000000004,0,0,0.3333333333333333
614,881,1015,932,1,0.9222201704978943,0.9500000000000004,0,0,1.0
615,967,967,943,0,0.9389753937721252,0.9500000000000004,0,0,0.5
615,967,967,956,0,0.6649134755134583,0.9500000000000004,0,0,0.3333333333333333
615,967,967,966,0,0.8191691040992737,0.9500000000000004,0,0,0.25
615,967,967,974,0,0.884120523929596,0.9500000000000004,0,0,0.5
616,885,885,926,0,0.6706246733665466,0.9500000000000004,0,0,1.0
617,957,957,777,0,0.7609454393386841,0.9500000000000004,0,0,0.5
617,957,957,885,0,0.9334582090377808,0.9500000000000004,0,1,0.5
617,957,957,912,0,0.7609454393386841,0.9500000000000004,0,0,0.5
618,957,957,777,0,0.777636706829071,0.9500000000000004,0,0,0.3333333333333333
618,957,957,885,0,0.9697166085243225,0.9500000000000004,1,1,0.6666666666666666
618,957,957,912,0,0.777636706829071,0.9500000000000004,0,0,0.3333333333333333
618,957,885,926,1,0.18712565302848816,0.9500000000000004,0,0,0.3333333333333333
619,906,906,21,0,0.5826550126075745,0.9500000000000004,0,0,0.25
619,906,906,881,0,0.874072253704071,0.9500000000000004,0,0,0.5
619,906,906,897,0,0.39299970865249634,0.9500000000000004,0,0,0.25
619,906,906,914,0,0.8881202340126038,0.9500000000000004,0,0,1.0
620,906,906,1102,0,0.9435445070266724,0.9500000000000004,0,0,1.0
620,906,906,21,0,0.5412573218345642,0.9500000000000004,0,0,0.2
620,906,906,881,0,0.8410136103630066,0.9500000000000004,0,0,0.4
620,906,906,897,0,0.31974202394485474,0.9500000000000004,0,0,0.2
620,906,906,914,0,0.7471678853034973,0.9500000000000004,0,0,0.5
621,881,881,1015,0,0.8144527077674866,0.9500000000000004,0,0,0.5
621,881,881,107,0,0.7510100603103638,0.9500000000000004,0,0,0.09523809523809523
621,881,881,883,0,0.08729028701782227,0.9500000000000004,0,0,0.05555555555555555
621,881,881,886,0,0.1301727145910263,0.9500000000000004,0,0,0.05555555555555555
621,881,881,891,0,0.7062757611274719,0.9500000000000004,0,0,0.2
621,881,881,897,0,0.5756251215934753,0.9500000000000004,0,0,0.14285714285714285
621,881,881,898,0,0.3854105472564697,0.9500000000000004,0,0,0.13333333333333333
621,881,881,906,0,0.741270899772644,0.9500000000000004,0,0,0.10526315789473684
621,881,881,907,0,0.0808635801076889,0.9500000000000004,0,0,0.05
621,881,881,911,0,0.1897677332162857,0.9500000000000004,0,0,0.14285714285714285
621,881,881,914,0,0.5996390581130981,0.9500000000000004,0,0,0.2
621,881,881,924,0,0.09453117847442627,0.9500000000000004,0,0,0.0625
621,881,881,927,0,0.11517224460840225,0.9500000000000004,0,0,0.07692307692307693
621,881,881,932,0,0.7601215839385986,0.9500000000000004,0,0,0.16666666666666666
621,881,881,944,0,0.878967821598053,0.9500000000000004,0,0,0.3
621,881,881,971,0,0.40962544083595276,0.9500000000000004,0,0,0.25
622,107,107,21,0,0.49933600425720215,0.9500000000000004,0,0,0.125
622,107,107,226,0,0.28863123059272766,0.9500000000000004,0,0,0.14285714285714285
622,107,107,234,0,0.29873886704444885,0.9500000000000004,0,0,0.16666666666666666
622,107,107,263,0,0.10309173166751862,0.9500000000000004,0,0,0.16666666666666666
622,107,107,56,0,0.398625910282135,0.9500000000000004,0,0,0.14285714285714285
622,107,107,67,0,0.47653308510780334,0.9500000000000004,0,0,0.125
622,107,107,826,0,0.1335018277168274,0.9500000000000004,0,0,0.25
622,107,107,881,0,0.9336901903152466,0.9500000000000004,0,0,0.6666666666666666
622,107,107,967,0,0.8115171194076538,0.9500000000000004,0,0,0.5
623,107,107,21,0,0.47182023525238037,0.9500000000000004,0,0,0.1111111111111111
623,107,107,226,0,0.24688740074634552,0.9500000000000004,0,0,0.125
623,107,107,234,0,0.25301262736320496,0.9500000000000004,0,0,0.14285714285714285
623,107,107,263,0,0.08093913644552231,0.9500000000000004,0,0,0.14285714285714285
623,107,107,56,0,0.35289591550827026,0.9500000000000004,0,0,0.125
623,107,107,67,0,0.4558086693286896,0.9500000000000004,0,0,0.1111111111111111
623,107,107,826,0,0.0965396836400032,0.9500000000000004,0,0,0.2
623,107,107,881,0,0.9053198099136353,0.9500000000000004,0,0,0.5
623,107,107,967,0,0.7393746376037598,0.9500000000000004,0,0,0.3333333333333333
624,901,901,469,0,0.6810057163238525,0.9500000000000004,0,0,1.0
624,901,901,898,0,0.448141485452652,0.9500000000000004,0,0,0.5
624,901,901,903,0,0.8311610817909241,0.9500000000000004,0,0,1.0
625,884,884,928,0,0.6923978328704834,0.9500000000000004,0,0,1.0
626,881,881,1015,0,0.647930383682251,0.9500000000000004,0,0,0.3333333333333333
626,881,881,107,0,0.7626948356628418,0.9500000000000004,0,0,0.09090909090909091
626,881,881,1104,0,0.9416544437408447,0.9500000000000004,0,0,1.0
626,881,881,883,0,0.07940458506345749,0.9500000000000004,0,0,0.05263157894736842
626,881,881,886,0,0.11988164484500885,0.9500000000000004,0,0,0.05263157894736842
626,881,881,891,0,0.6605528593063354,0.9500000000000004,0,0,0.18181818181818182
626,881,881,897,0,0.5470337867736816,0.9500000000000004,0,0,0.13636363636363635
626,881,881,898,0,0.35037961602211,0.9500000000000004,0,0,0.125
626,881,881,906,0,0.670794665813446,0.9500000000000004,0,0,0.1
626,881,881,907,0,0.0738663524389267,0.9500000000000004,0,0,0.047619047619047616
626,881,881,911,0,0.15307512879371643,0.9500000000000004,0,0,0.125
626,881,881,914,0,0.5009466409683228,0.9500000000000004,0,0,0.16666666666666666
626,881,881,924,0,0.08530949801206589,0.9500000000000004,0,0,0.058823529411764705
626,881,881,927,0,0.1003725603222847,0.9500000000000004,0,0,0.07142857142857142
626,881,881,932,0,0.706859290599823,0.9500000000000004,0,0,0.15384615384615385
626,881,881,944,0,0.8499765396118164,0.9500000000000004,0,0,0.2727272727272727
626,881,881,971,0,0.2861919105052948,0.9500000000000004,0,0,0.2
627,967,967,107,0,0.800557017326355,0.9500000000000004,0,0,0.2
627,967,967,943,0,0.8529964089393616,0.9500000000000004,0,0,0.4
627,967,967,956,0,0.374815970659256,0.9500000000000004,0,0,0.25
627,967,967,966,0,0.5239719152450562,0.9500000000000004,0,1,0.2
627,967,967,974,0,0.6274228692054749,0.9500000000000004,0,0,0.3333333333333333
628,967,967,107,0,0.7146490216255188,0.9500000000000004,0,0,0.16666666666666666
628,967,967,943,0,0.7933740019798279,0.9500000000000004,0,0,0.3333333333333333
628,967,967,956,0,0.26709258556365967,0.9500000000000004,0,0,0.2
628,967,967,966,0,0.9410607218742371,0.9500000000000004,0,0,0.3333333333333333
628,967,967,974,0,0.46454232931137085,0.9500000000000004,0,0,0.25
628,967,967,975,0,0.934697687625885,0.9500000000000004,0,0,0.5
630,1008,1008,1009,0,0.963755190372467,0.9500000000000004,1,1,1.0
631,107,107,21,0,0.49259239435195923,0.9500000000000004,0,0,0.1
631,107,107,226,0,0.27453646063804626,0.9500000000000004,0,0,0.1111111111111111
631,107,107,234,0,0.28206923604011536,0.9500000000000004,0,0,0.125
631,107,107,263,0,0.0946555882692337,0.9500000000000004,0,0,0.125
631,107,107,56,0,0.38433486223220825,0.9500000000000004,0,0,0.1111111111111111
631,107,107,67,0,0.4687061309814453,0.9500000000000004,0,0,0.1
631,107,107,826,0,0.11306503415107727,0.9500000000000004,0,0,0.16666666666666666
631,107,107,881,0,0.87197345495224,0.9500000000000004,0,0,0.4
631,107,107,967,0,0.747408390045166,0.9500000000000004,0,0,0.25
632,1008,1008,1009,0,0.9791737794876099,0.9500000000000004,1,1,1.0
633,912,912,777,0,0.7837204337120056,0.9500000000000004,0,0,1.0
633,912,912,957,0,0.7320286631584167,0.9500000000000004,0,0,1.0
634,1009,1009,1008,0,0.9757634401321411,0.9500000000000004,1,1,1.0
635,881,881,1015,0,0.44397830963134766,0.9500000000000004,0,0,0.25
635,881,881,107,0,0.721588134765625,0.9500000000000004,0,0,0.08695652173913043
635,881,881,1104,0,0.7976461052894592,0.9500000000000004,0,0,0.5
635,881,881,882,0,0.5873207449913025,0.9500000000000004,0,0,0.05
635,881,881,883,0,0.08252693712711334,0.9500000000000004,0,0,0.05
635,881,881,886,0,0.12299322336912155,0.9500000000000004,0,0,0.05
635,881,881,891,0,0.6233893036842346,0.9500000000000004,0,0,0.16666666666666666
635,881,881,897,0,0.5342801213264465,0.9500000000000004,0,0,0.13043478260869565
635,881,881,898,0,0.340792179107666,0.9500000000000004,0,0,0.11764705882352941
635,881,881,906,0,0.6155198812484741,0.9500000000000004,0,0,0.09523809523809523
635,881,881,907,0,0.07745655626058578,0.9500000000000004,0,0,0.045454545454545456
635,881,881,911,0,0.13877145946025848,0.9500000000000004,0,0,0.1111111111111111
635,881,881,914,0,0.43083077669143677,0.9500000000000004,0,0,0.14285714285714285
635,881,881,924,0,0.08798491209745407,0.9500000000000004,0,0,0.05555555555555555
635,881,881,926,0,0.5998091697692871,0.9500000000000004,0,0,0.06666666666666667
635,881,881,927,0,0.10006436705589294,0.9500000000000004,0,0,0.06666666666666667
635,881,881,932,0,0.6243395209312439,0.9500000000000004,0,0,0.14285714285714285
635,881,881,944,0,0.8011956214904785,0.9500000000000004,0,0,0.25
635,881,881,971,0,0.2151540368795395,0.9500000000000004,0,0,0.16666666666666666
636,881,881,1015,0,0.2834567427635193,0.9500000000000004,0,0,0.2
636,881,881,107,0,0.665034830570221,0.9500000000000004,0,0,0.08333333333333333
636,881,881,1104,0,0.5974071025848389,0.9500000000000004,0,0,0.3333333333333333
636,881,881,1108,0,0.9765239357948303,0.9500000000000004,1,0,1.0
636,881,881,882,0,0.5293399691581726,0.9500000000000004,0,0,0.047619047619047616
636,881,881,883,0,0.05641978979110718,0.9500000000000004,0,0,0.047619047619047616
636,881,881,886,0,0.08812927454710007,0.9500000000000004,0,0,0.047619047619047616
636,881,881,891,0,0.5359936356544495,0.9500000000000004,0,0,0.15384615384615385
636,881,881,897,0,0.4605777859687805,0.9500000000000004,0,0,0.125
636,881,881,898,0,0.2623436748981476,0.9500000000000004,0,0,0.1111111111111111
636,881,881,906,0,0.5399731993675232,0.9500000000000004,0,0,0.09090909090909091
636,881,881,907,0,0.05340754613280296,0.9500000000000004,0,0,0.043478260869565216
636,881,881,911,0,0.09049669653177261,0.9500000000000004,0,0,0.1
636,881,881,914,0,0.3300895392894745,0.9500000000000004,0,0,0.125
636,881,881,924,0,0.05961690470576286,0.9500000000000004,0,0,0.05263157894736842
636,881,881,926,0,0.5377189517021179,0.9500000000000004,0,0,0.0625
636,881,881,927,0,0.06672412902116776,0.9500000000000004,0,0,0.0625
636,881,881,932,0,0.5198488831520081,0.9500000000000004,0,0,0.13333333333333333
636,881,881,944,0,0.7623180747032166,0.9500000000000004,0,0,0.23076923076923078
636,881,881,969,0,0.9765239357948303,0.9500000000000004,1,0,1.0
636,881,881,971,0,0.13989418745040894,0.9500000000000004,0,0,0.14285714285714285
637,107,107,21,0,0.4872671365737915,0.9500000000000004,0,0,0.09090909090909091
637,107,107,226,0,0.2749488055706024,0.9500000000000004,0,0,0.1
637,107,107,234,0,0.28067606687545776,0.9500000000000004,0,0,0.1111111111111111
637,107,107,263,0,0.09520774334669113,0.9500000000000004,0,0,0.1111111111111111
637,107,107,56,0,0.3815169632434845,0.9500000000000004,0,0,0.1
637,107,107,67,0,0.46368053555488586,0.9500000000000004,0,0,0.09090909090909091
637,107,107,826,0,0.1110987737774849,0.9500000000000004,0,0,0.14285714285714285
637,107,107,881,0,0.8334717154502869,0.9500000000000004,0,0,0.3333333333333333
637,107,107,958,0,0.6823186278343201,0.9500000000000004,0,0,0.2
637,107,107,959,0,0.6608571410179138,0.9500000000000004,0,0,0.2
637,107,107,967,0,0.5983441472053528,0.9500000000000004,0,0,0.2
638,882,882,881,0,0.8117620944976807,0.9500000000000004,0,0,0.5
638,882,882,913,0,0.25844159722328186,0.9500000000000004,0,0,0.5
638,882,882,926,0,0.8469690084457397,0.9500000000000004,0,0,1.0
639,957,957,777,0,0.4725457727909088,0.9500000000000004,0,0,0.25
639,957,957,885,0,0.9268224835395813,0.9500000000000004,0,0,0.75
639,957,957,912,0,0.667590320110321,0.9500000000000004,0,0,0.25
640,940,940,891,0,0.5083749294281006,0.9500000000000004,0,0,0.2
640,940,940,937,0,0.8691277503967285,0.9500000000000004,0,1,0.6
640,940,940,941,0,0.6423351764678955,0.9500000000000004,0,0,0.4
640,940,940,943,0,0.5605994462966919,0.9500000000000004,0,0,0.2
641,960,960,961,0,0.957760214805603,0.9500000000000004,1,0,0.8571428571428571
641,960,960,962,0,0.3081373870372772,0.9500000000000004,0,0,0.16666666666666666
641,960,960,963,0,0.3081373870372772,0.9500000000000004,0,0,0.16666666666666666
641,960,961,964,1,0.19139552116394043,0.9500000000000004,0,0,0.16666666666666666
642,937,937,882,0,0.9311652779579163,0.9500000000000004,0,0,0.16666666666666666
642,937,937,940,0,0.9760129451751709,0.9500000000000004,1,1,0.6666666666666666
642,937,937,941,0,0.1654823124408722,0.9500000000000004,0,0,0.16666666666666666
642,937,937,943,0,0.703385591506958,0.9500000000000004,0,0,0.3333333333333333
642,937,937,955,0,0.13343892991542816,0.9500000000000004,0,0,0.2
642,937,937,960,0,0.9366266131401062,0.9500000000000004,0,0,0.2
642,937,940,882,1,0.9335694909095764,0.9500000000000004,0,0,0.16666666666666666
642,937,940,891,1,0.4130110442638397,0.9500000000000004,0,0,0.16666666666666666
642,937,940,941,1,0.4796251356601715,0.9500000000000004,0,0,0.3333333333333333
642,937,940,943,1,0.46744775772094727,0.9500000000000004,0,0,0.16666666666666666
643,957,957,777,0,0.3542249798774719,0.9500000000000004,0,0,0.2
643,957,957,884,0,0.9254435300827026,0.9500000000000004,0,1,0.2
643,957,957,885,0,0.8981779217720032,0.9500000000000004,0,0,0.6
643,957,957,912,0,0.5407403111457825,0.9500000000000004,0,0,0.2
644,945,945,943,0,0.8674770593643188,0.9500000000000004,0,0,1.0
645,945,945,943,0,0.7906147837638855,0.9500000000000004,0,0,0.6666666666666666
645,945,945,967,0,0.9575358629226685,0.9500000000000004,1,1,1.0
645,945,967,107,1,0.5998555421829224,0.9500000000000004,0,0,0.125
645,945,967,1106,1,0.6485943794250488,0.9500000000000004,0,0,0.5
645,945,967,943,1,0.6694269776344299,0.9500000000000004,0,0,0.25
645,945,967,956,1,0.1743854284286499,0.9500000000000004,0,0,0.14285714285714285
645,945,967,966,1,0.6978603005409241,0.9500000000000004,0,0,0.25
645,945,967,974,1,0.31004905700683594,0.9500000000000004,0,0,0.16666666666666666
645,945,967,975,1,0.6377579569816589,0.9500000000000004,0,0,0.25
647,881,881,1015,0,0.23973068594932556,0.9500000000000004,0,0,0.16666666666666666
647,881,881,107,0,0.6592605710029602,0.9500000000000004,0,0,0.08
647,881,881,1104,0,0.41250988841056824,0.9500000000000004,0,0,0.25
647,881,881,1108,0,0.7670097947120667,0.9500000000000004,0,0,0.5
647,881,881,1109,0,0.8952500820159912,0.9500000000000004,0,0,1.0
647,881,881,882,0,0.5274114608764648,0.9500000000000004,0,0,0.045454545454545456
647,881,881,883,0,0.07991411536931992,0.9500000000000004,0,0,0.045454545454545456
647,881,881,886,0,0.11595869809389114,0.9500000000000004,0,0,0.045454545454545456
647,881,881,891,0,0.5430514216423035,0.9500000000000004,0,0,0.14285714285714285
647,881,881,897,0,0.4850863516330719,0.9500000000000004,0,0,0.12
647,881,881,898,0,0.2972821295261383,0.9500000000000004,0,0,0.10526315789473684
647,881,881,906,0,0.5386168360710144,0.9500000000000004,0,0,0.08695652173913043
647,881,881,907,0,0.23773346841335297,0.9500000000000004,0,0,0.041666666666666664
647,881,881,911,0,0.11342857778072357,0.9500000000000004,0,0,0.09090909090909091
647,881,881,914,0,0.32148733735084534,0.9500000000000004,0,0,0.1111111111111111
647,881,881,924,0,0.08419361710548401,0.9500000000000004,0,0,0.05
647,881,881,926,0,0.42696061730384827,0.9500000000000004,0,0,0.058823529411764705
647,881,881,927,0,0.09230802953243256,0.9500000000000004,0,0,0.058823529411764705
647,881,881,932,0,0.48040542006492615,0.9500000000000004,0,0,0.125
647,881,881,944,0,0.730135440826416,0.9500000000000004,0,0,0.21428571428571427
647,881,881,969,0,0.7670097947120667,0.9500000000000004,0,0,0.5
647,881,881,971,0,0.14976242184638977,0.9500000000000004,0,0,0.125
648,957,957,777,0,0.28951504826545715,0.9500000000000004,0,0,0.14285714285714285
648,957,957,881,0,0.8557830452919006,0.9500000000000004,0,0,0.14285714285714285
648,957,957,884,0,0.8680474162101746,0.9500000000000004,0,1,0.2857142857142857
648,957,957,885,0,0.8456888794898987,0.9500000000000004,0,0,0.42857142857142855
648,957,957,912,0,0.45052945613861084,0.9500000000000004,0,0,0.14285714285714285
649,926,926,881,0,0.8029934763908386,0.9500000000000004,0,0,0.5
649,926,926,882,0,0.7075836658477783,0.9500000000000004,0,0,0.5
649,926,926,885,0,0.5026500225067139,0.9500000000000004,0,1,0.5
650,885,885,926,0,0.9524588584899902,0.9500000000000004,1,1,0.4
650,885,885,957,0,0.943838894367218,0.9500000000000004,0,0,0.75
650,885,926,881,1,0.7154034972190857,0.9500000000000004,0,0,0.3333333333333333
650,885,926,882,1,0.5784352421760559,0.9500000000000004,0,0,0.3333333333333333
651,943,943,891,0,0.4006219208240509,0.9500000000000004,0,0,0.07692307692307693
651,943,943,910,0,0.29168328642845154,0.9500000000000004,0,0,0.07692307692307693
651,943,943,934,0,0.7442234754562378,0.9500000000000004,0,0,0.25
651,943,943,935,0,0.5516505241394043,0.9500000000000004,0,0,0.16666666666666666
651,943,943,937,0,0.7453058362007141,0.9500000000000004,0,0,0.2222222222222222
651,943,943,940,0,0.5773360133171082,0.9500000000000004,0,0,0.1111111111111111
651,943,943,942,0,0.1392446905374527,0.9500000000000004,0,0,0.14285714285714285
651,943,943,944,0,0.7319766879081726,0.9500000000000004,0,0,0.23076923076923078
651,943,943,945,0,0.6654256582260132,0.9500000000000004,0,1,0.15384615384615385
651,943,943,955,0,0.17110711336135864,0.9500000000000004,0,0,0.2
651,943,943,956,0,0.19625645875930786,0.9500000000000004,0,0,0.25
651,943,943,967,0,0.8310456275939941,0.9500000000000004,0,0,0.4
652,967,967,107,0,0.5830800533294678,0.9500000000000004,0,0,0.1111111111111111
652,967,967,1106,0,0.5152924060821533,0.9500000000000004,0,0,0.3333333333333333
652,967,967,943,0,0.8172943592071533,0.9500000000000004,0,0,0.2222222222222222
652,967,967,945,0,0.8862629532814026,0.9500000000000004,0,0,0.2222222222222222
652,967,967,956,0,0.18486987054347992,0.9500000000000004,0,0,0.125
652,967,967,966,0,0.6838141083717346,0.9500000000000004,0,0,0.2222222222222222
652,967,967,974,0,0.3235826790332794,0.9500000000000004,0,0,0.14285714285714285
652,967,967,975,0,0.565652072429657,0.9500000000000004,0,0,0.2
653,881,881,1015,0,0.18956470489501953,0.9500000000000004,0,0,0.14285714285714285
653,881,881,107,0,0.6256058216094971,0.9500000000000004,0,0,0.07692307692307693
653,881,881,1104,0,0.2896893322467804,0.9500000000000004,0,0,0.2
653,881,881,1108,0,0.5681518316268921,0.9500000000000004,0,0,0.3333333333333333
653,881,881,1109,0,0.6920819878578186,0.9500000000000004,0,0,0.5
653,881,881,882,0,0.47751477360725403,0.9500000000000004,0,0,0.043478260869565216
653,881,881,883,0,0.0749964490532875,0.9500000000000004,0,0,0.043478260869565216
653,881,881,886,0,0.10989535599946976,0.9500000000000004,0,0,0.043478260869565216
653,881,881,891,0,0.5078606009483337,0.9500000000000004,0,0,0.13333333333333333
653,881,881,897,0,0.4611424505710602,0.9500000000000004,0,0,0.11538461538461539
653,881,881,898,0,0.27009522914886475,0.9500000000000004,0,0,0.1
653,881,881,906,0,0.5034312009811401,0.9500000000000004,0,0,0.08333333333333333
653,881,881,907,0,0.19812537729740143,0.9500000000000004,0,0,0.04
653,881,881,911,0,0.10086818039417267,0.9500000000000004,0,0,0.08333333333333333
653,881,881,914,0,0.28700706362724304,0.9500000000000004,0,0,0.1
653,881,881,924,0,0.0784360021352768,0.9500000000000004,0,0,0.047619047619047616
653,881,881,926,0,0.5394284129142761,0.9500000000000004,0,0,0.05555555555555555
653,881,881,927,0,0.08437781780958176,0.9500000000000004,0,0,0.05555555555555555
653,881,881,932,0,0.42293688654899597,0.9500000000000004,0,0,0.11764705882352941
653,881,881,944,0,0.6992197632789612,0.9500000000000004,0,0,0.2
653,881,881,957,0,0.729098379611969,0.9500000000000004,0,0,0.14285714285714285
653,881,881,969,0,0.7486497163772583,0.9500000000000004,0,0,0.3333333333333333
653,881,881,971,0,0.1284719556570053,0.9500000000000004,0,0,0.1111111111111111
654,957,957,777,0,0.2573468089103699,0.9500000000000004,0,0,0.125
654,957,957,881,0,0.8064027428627014,0.9500000000000004,0,1,0.125
654,957,957,884,0,0.9135844111442566,0.9500000000000004,0,0,0.375
654,957,957,885,0,0.8774304389953613,0.9500000000000004,0,0,0.375
654,957,957,912,0,0.4069311022758484,0.9500000000000004,0,0,0.125
655,881,881,1015,0,0.13471679389476776,0.9500000000000004,0,0,0.1111111111111111
655,881,881,107,0,0.5697365999221802,0.9500000000000004,0,0,0.07142857142857142
655,881,881,1104,0,0.19435752928256989,0.9500000000000004,0,0,0.14285714285714285
655,881,881,1108,0,0.33496958017349243,0.9500000000000004,0,0,0.2
655,881,881,1109,0,0.3771228790283203,0.9500000000000004,0,0,0.25
655,881,881,1112,0,0.8568042516708374,0.9500000000000004,0,0,0.5
655,881,881,882,0,0.42612001299858093,0.9500000000000004,0,0,0.04
655,881,881,883,0,0.05602140352129936,0.9500000000000004,0,0,0.04
655,881,881,886,0,0.0833037942647934,0.9500000000000004,0,0,0.04
655,881,881,891,0,0.43738889694213867,0.9500000000000004,0,0,0.11764705882352941
655,881,881,897,0,0.40053799748420715,0.9500000000000004,0,0,0.10714285714285714
655,881,881,898,0,0.2184455543756485,0.9500000000000004,0,0,0.09090909090909091
655,881,881,906,0,0.4401848614215851,0.9500000000000004,0,0,0.07692307692307693
655,881,881,907,0,0.14885921776294708,0.9500000000000004,0,0,0.037037037037037035
655,881,881,911,0,0.07194654643535614,0.9500000000000004,0,0,0.07142857142857142
655,881,881,914,0,0.22395846247673035,0.9500000000000004,0,0,0.08333333333333333
655,881,881,924,0,0.058186039328575134,0.9500000000000004,0,0,0.043478260869565216
655,881,881,926,0,0.47668570280075073,0.9500000000000004,0,0,0.05
655,881,881,927,0,0.06136235594749451,0.9500000000000004,0,0,0.05
655,881,881,932,0,0.3378990590572357,0.9500000000000004,0,0,0.10526315789473684
655,881,881,944,0,0.6428162455558777,0.9500000000000004,0,0,0.17647058823529413
655,881,881,957,0,0.9578979015350342,0.9500000000000004,1,1,0.2222222222222222
655,881,881,969,0,0.554105281829834,0.9500000000000004,0,0,0.2
655,881,881,971,0,0.09040076285600662,0.9500000000000004,0,0,0.09090909090909091
655,881,957,777,1,0.1990438550710678,0.9500000000000004,0,0,0.1111111111111111
655,881,957,884,1,0.895328164100647,0.9500000000000004,0,0,0.3333333333333333
655,881,957,885,1,0.837322473526001,0.9500000000000004,0,0,0.3333333333333333
655,881,957,912,1,0.32807448506355286,0.9500000000000004,0,0,0.1111111111111111
656,883,883,881,0,0.8068218231201172,0.9500000000000004,0,0,1.0
656,883,883,886,0,0.5404467582702637,0.9500000000000004,0,0,1.0
657,881,881,1015,0,0.14670352637767792,0.9500000000000004,0,0,0.1
657,881,881,107,0,0.5924149751663208,0.9500000000000004,0,0,0.06896551724137931
657,881,881,1104,0,0.5666384696960449,0.9500000000000004,0,0,0.125
657,881,881,1108,0,0.33615073561668396,0.9500000000000004,0,0,0.16666666666666666
657,881,881,1109,0,0.36858415603637695,0.9500000000000004,0,0,0.2
657,881,881,1112,0,0.7902814745903015,0.9500000000000004,0,0,0.3333333333333333
657,881,881,882,0,0.4375515878200531,0.9500000000000004,0,0,0.038461538461538464
657,881,881,883,0,0.32900580763816833,0.9500000000000004,0,0,0.038461538461538464
657,881,881,886,0,0.0952257513999939,0.9500000000000004,0,0,0.038461538461538464
657,881,881,891,0,0.4572756886482239,0.9500000000000004,0,0,0.1111111111111111
657,881,881,897,0,0.42491117119789124,0.9500000000000004,0,0,0.10344827586206896
657,881,881,898,0,0.24002733826637268,0.9500000000000004,0,0,0.08695652173913043
657,881,881,906,0,0.45647120475769043,0.9500000000000004,0,0,0.07407407407407407
657,881,881,907,0,0.15634211897850037,0.9500000000000004,0,0,0.03571428571428571
657,881,881,911,0,0.08481233566999435,0.9500000000000004,0,0,0.06666666666666667
657,881,881,914,0,0.2392599731683731,0.9500000000000004,0,0,0.07692307692307693
657,881,881,924,0,0.0678381621837616,0.9500000000000004,0,0,0.041666666666666664
657,881,881,926,0,0.4787449836730957,0.9500000000000004,0,0,0.047619047619047616
657,881,881,927,0,0.07239982485771179,0.9500000000000004,0,0,0.047619047619047616
657,881,881,932,0,0.3621876835823059,0.9500000000000004,0,0,0.1
657,881,881,944,0,0.6676914095878601,0.9500000000000004,0,0,0.16666666666666666
657,881,881,957,0,0.9277551174163818,0.9500000000000004,0,0,0.3
657,881,881,969,0,0.5397998690605164,0.9500000000000004,0,0,0.16666666666666666
657,881,881,971,0,0.10477238893508911,0.9500000000000004,0,0,0.08333333333333333
658,1009,1009,1008,0,0.950391411781311,0.9500000000000004,1,1,1.0
660,959,959,107,0,0.6637692451477051,0.9500000000000004,0,0,0.25
660,959,959,903,0,0.32576310634613037,0.9500000000000004,0,0,0.25
660,959,959,958,0,0.9342111349105835,0.9500000000000004,0,1,1.0
661,943,943,891,0,0.3408943712711334,0.9500000000000004,0,0,0.07142857142857142
661,943,943,910,0,0.23924747109413147,0.9500000000000004,0,0,0.07142857142857142
661,943,943,934,0,0.6917064785957336,0.9500000000000004,0,0,0.23076923076923078
661,943,943,935,0,0.47749921679496765,0.9500000000000004,0,0,0.15384615384615385
661,943,943,937,0,0.65430748462677,0.9500000000000004,0,0,0.2
661,943,943,940,0,0.4659166634082794,0.9500000000000004,0,0,0.1
661,943,943,942,0,0.10368844866752625,0.9500000000000004,0,0,0.125
661,943,943,944,0,0.6756409406661987,0.9500000000000004,0,1,0.21428571428571427
661,943,943,945,0,0.8602758049964905,0.9500000000000004,0,0,0.21428571428571427
661,943,943,955,0,0.11776798963546753,0.9500000000000004,0,0,0.16666666666666666
661,943,943,956,0,0.1267680823802948,0.9500000000000004,0,0,0.2
661,943,943,967,0,0.776954710483551,0.9500000000000004,0,0,0.3333333333333333
662,945,945,943,0,0.9436023831367493,0.9500000000000004,0,1,0.6
662,945,945,967,0,0.9246239066123962,0.9500000000000004,0,0,0.6666666666666666
663,1120,1120,943,0,0.958238422870636,0.9500000000000004,1,0,1.0
663,1120,1120,945,0,0.9595704674720764,0.9500000000000004,1,1,1.0
663,1120,945,967,1,0.8762044310569763,0.9500000000000004,0,0,0.5
663,1120,943,1109,1,0.9377148151397705,0.9500000000000004,0,0,0.3333333333333333
663,1120,943,891,1,0.25776562094688416,0.9500000000000004,0,0,0.0625
663,1120,943,910,1,0.1721031218767166,0.9500000000000004,0,0,0.0625
663,1120,943,934,1,0.5836451649665833,0.9500000000000004,0,0,0.2
663,1120,943,935,1,0.39241093397140503,0.9500000000000004,0,0,0.13333333333333333
663,1120,943,937,1,0.5558591485023499,0.9500000000000004,0,0,0.16666666666666666
663,1120,943,940,1,0.36019787192344666,0.9500000000000004,0,0,0.08333333333333333
663,1120,943,942,1,0.0635644942522049,0.9500000000000004,0,0,0.1
663,1120,943,944,1,0.9610710740089417,0.9500000000000004,1,0,0.25
664,958,958,107,0,0.45660722255706787,0.9500000000000004,0,0,0.1111111111111111
664,958,958,1119,0,0.9737358689308167,0.9500000000000004,1,0,1.0
664,958,958,903,0,0.20221909880638123,0.9500000000000004,0,0,0.1111111111111111
664,958,958,959,0,0.9772180914878845,0.9500000000000004,1,1,0.5555555555555556
664,958,958,976,0,0.7040941715240479,0.9500000000000004,0,0,0.42857142857142855
664,958,958,977,0,0.3930267095565796,0.9500000000000004,0,0,0.2857142857142857
664,958,958,978,0,0.1312985122203827,0.9500000000000004,0,0,0.25
664,958,959,107,1,0.54286789894104,0.9500000000000004,0,0,0.2
664,958,959,903,1,0.21134990453720093,0.9500000000000004,0,0,0.2
665,958,958,107,0,0.3334651589393616,0.9500000000000004,0,0,0.1
665,958,958,1119,0,0.9609002470970154,0.9500000000000004,1,0,0.5
665,958,958,903,0,0.12580768764019012,0.9500000000000004,0,0,0.1
665,958,958,959,0,0.9884599447250366,0.9500000000000004,1,1,0.6
665,958,958,976,0,0.5759954452514648,0.9500000000000004,0,0,0.375
665,958,958,977,0,0.2660162150859833,0.9500000000000004,0,0,0.25
665,958,958,978,0,0.06841834634542465,0.9500000000000004,0,0,0.2
665,958,959,107,1,0.3932916820049286,0.9500000000000004,0,0,0.16666666666666666
665,958,959,903,1,0.11498911678791046,0.9500000000000004,0,0,0.16666666666666666
666,959,959,107,0,0.4035777747631073,0.9500000000000004,0,0,0.14285714285714285
666,959,959,1119,0,0.9248887896537781,0.9500000000000004,0,1,0.3333333333333333
666,959,959,903,0,0.15483394265174866,0.9500000000000004,0,0,0.14285714285714285
666,959,959,958,0,0.9780489206314087,0.9500000000000004,1,0,1.0
666,959,958,107,1,0.3885668218135834,0.9500000000000004,0,0,0.09090909090909091
666,959,958,1119,1,0.9327189326286316,0.9500000000000004,0,1,0.3333333333333333
666,959,958,903,1,0.16074399650096893,0.9500000000000004,0,0,0.09090909090909091
666,959,958,976,1,0.6183220148086548,0.9500000000000004,0,0,0.3333333333333333
666,959,958,977,1,0.3409297466278076,0.9500000000000004,0,0,0.2222222222222222
666,959,958,978,1,0.10346310585737228,0.9500000000000004,0,0,0.16666666666666666
667,1119,1119,958,0,0.9422993659973145,0.9500000000000004,0,0,0.5
667,1119,1119,959,0,0.9865842461585999,0.9500000000000004,1,1,1.0
667,1119,959,107,1,0.29974794387817383,0.9500000000000004,0,0,0.125
667,1119,959,903,1,0.0922282487154007,0.9500000000000004,0,0,0.125
667,1119,959,958,1,0.9744812846183777,0.9500000000000004,1,0,0.875
667,1119,958,107,2,0.39570188522338867,0.9500000000000004,0,0,0.09090909090909091
667,1119,958,903,2,0.1652931123971939,0.9500000000000004,0,0,0.09090909090909091
667,1119,958,976,2,0.6252452731132507,0.9500000000000004,0,0,0.3333333333333333
667,1119,958,977,2,0.34512463212013245,0.9500000000000004,0,0,0.2222222222222222
667,1119,958,978,2,0.10500209033489227,0.9500000000000004,0,0,0.16666666666666666
668,107,107,21,0,0.4771523177623749,0.9500000000000004,0,0,0.08333333333333333
668,107,107,226,0,0.27479445934295654,0.9500000000000004,0,0,0.09090909090909091
668,107,107,234,0,0.27863961458206177,0.9500000000000004,0,0,0.1
668,107,107,263,0,0.09758128225803375,0.9500000000000004,0,0,0.1
668,107,107,56,0,0.3682728707790375,0.9500000000000004,0,0,0.09090909090909091
668,107,107,67,0,0.445789098739624,0.9500000000000004,0,0,0.08333333333333333
668,107,107,826,0,0.10806357860565186,0.9500000000000004,0,0,0.125
668,107,107,881,0,0.7703012824058533,0.9500000000000004,0,0,0.2857142857142857
668,107,107,958,0,0.6534217596054077,0.9500000000000004,0,0,0.16666666666666666
668,107,107,959,0,0.7542610168457031,0.9500000000000004,0,0,0.16666666666666666
668,107,107,967,0,0.5528116822242737,0.9500000000000004,0,0,0.16666666666666666
668,107,107,975,0,0.4899997115135193,0.9500000000000004,0,0,0.2
669,991,991,1002,0,0.8962103724479675,0.9500000000000004,0,0,0.8333333333333334
669,991,991,981,0,0.6938002705574036,0.9500000000000004,0,0,1.0
669,991,991,983,0,0.6938002705574036,0.9500000000000004,0,0,1.0
670,1007,1007,1118,0,0.9513688087463379,0.9500000000000004,1,1,1.0
670,1007,1118,991,1,0.9694033861160278,0.9500000000000004,1,0,0.5
670,1007,991,1002,2,0.8691856265068054,0.9500000000000004,0,0,0.7142857142857143
670,1007,991,981,2,0.21628190577030182,0.9500000000000004,0,0,0.5
670,1007,991,983,2,0.21628190577030182,0.9500000000000004,0,0,0.5
671,1125,1125,1007,0,0.9636730551719666,0.9500000000000004,1,0,1.0
671,1125,1125,1118,0,0.9638628363609314,0.9500000000000004,1,1,1.0
671,1125,1118,991,1,0.9631151556968689,0.9500000000000004,1,1,0.3333333333333333
672,1007,1007,1118,0,0.9870886206626892,0.9500000000000004,1,1,1.0
672,1007,1007,1125,0,0.9791254997253418,0.9500000000000004,1,0,1.0
672,1007,1125,991,1,0.9804502725601196,0.9500000000000004,1,0,0.5
673,943,943,1109,0,0.9216501712799072,0.9500000000000004,0,0,0.3333333333333333
673,943,943,1120,0,0.9672092795372009,0.9500000000000004,1,1,1.0
673,943,943,891,0,0.3012107014656067,0.9500000000000004,0,0,0.0625
673,943,943,910,0,0.2074042558670044,0.9500000000000004,0,0,0.0625
673,943,943,934,0,0.63357013463974,0.9500000000000004,0,0,0.2
673,943,943,935,0,0.4349622130393982,0.9500000000000004,0,0,0.13333333333333333
673,943,943,937,0,0.5908203721046448,0.9500000000000004,0,0,0.16666666666666666
673,943,943,940,0,0.4012894928455353,0.9500000000000004,0,0,0.08333333333333333
673,943,943,942,0,0.07931572943925858,0.9500000000000004,0,0,0.1
673,943,943,944,0,0.9479808807373047,0.9500000000000004,0,0,0.25
673,943,943,945,0,0.9555355310440063,0.9500000000000004,1,0,0.25
673,943,943,955,0,0.08728582412004471,0.9500000000000004,0,0,0.125
673,943,943,956,0,0.09025660157203674,0.9500000000000004,0,0,0.14285714285714285
673,943,943,967,0,0.6921089291572571,0.9500000000000004,0,0,0.25
673,943,945,967,1,0.8695091009140015,0.9500000000000004,0,0,0.4
674,1121,1121,107,0,0.9544224739074707,0.9500000000000004,1,1,1.0
674,1121,107,21,1,0.4514744281768799,0.9500000000000004,0,0,0.07692307692307693
674,1121,107,226,1,0.23302191495895386,0.9500000000000004,0,0,0.08333333333333333
674,1121,107,234,1,0.23509581387043,0.9500000000000004,0,0,0.09090909090909091
674,1121,107,263,1,0.07543787360191345,0.9500000000000004,0,0,0.09090909090909091
674,1121,107,56,1,0.3261818587779999,0.9500000000000004,0,0,0.08333333333333333
674,1121,107,67,1,0.42657050490379333,0.9500000000000004,0,0,0.07692307692307693
674,1121,107,826,1,0.07745248824357986,0.9500000000000004,0,0,0.1111111111111111
674,1121,107,881,1,0.7111373543739319,0.9500000000000004,0,0,0.25
674,1121,107,958,1,0.6089220643043518,0.9500000000000004,0,0,0.14285714285714285
674,1121,107,959,1,0.6396167874336243,0.9500000000000004,0,0,0.14285714285714285
674,1121,107,967,1,0.5171092748641968,0.9500000000000004,0,0,0.14285714285714285
674,1121,107,975,1,0.4299072325229645,0.9500000000000004,0,0,0.16666666666666666
675,991,991,1002,0,0.8747811317443848,0.9500000000000004,0,0,0.625
675,991,991,1118,0,0.9828342199325562,0.9500000000000004,1,0,1.0
675,991,991,1125,0,0.9703792929649353,0.9500000000000004,1,0,1.0
675,991,991,981,0,0.18188706040382385,0.9500000000000004,0,0,0.3333333333333333
675,991,991,983,0,0.18188706040382385,0.9500000000000004,0,0,0.3333333333333333
675,991,1125,1007,1,0.9644994735717773,0.9500000000000004,1,0,0.5
676,1112,1112,881,0,0.8845809102058411,0.9500000000000004,0,0,1.0
677,1122,1122,1119,0,0.9302937984466553,0.9500000000000004,0,0,1.0
677,1122,1122,959,0,0.9319459795951843,0.9500000000000004,0,1,1.0
678,1122,1122,1119,0,0.9314194917678833,0.9500000000000004,0,0,0.5
678,1122,1122,959,0,0.9803879261016846,0.9500000000000004,1,0,1.0
678,1122,959,107,1,0.4649169445037842,0.9500000000000004,0,0,0.09090909090909091
678,1122,959,1119,1,0.9569068551063538,0.9500000000000004,1,0,0.42857142857142855
678,1122,959,1121,1,0.9371851086616516,0.9500000000000004,0,0,0.5
678,1122,959,903,1,0.12402384728193283,0.9500000000000004,0,0,0.09090909090909091
678,1122,959,958,1,0.9720242023468018,0.9500000000000004,1,0,0.6363636363636364
679,958,958,107,0,0.532552182674408,0.9500000000000004,0,0,0.09090909090909091
679,958,958,1119,0,0.9276766777038574,0.9500000000000004,0,0,0.3333333333333333
679,958,958,903,0,0.19262713193893433,0.9500000000000004,0,0,0.09090909090909091
679,958,958,959,0,0.9770359396934509,0.9500000000000004,1,0,0.6363636363636364
679,958,958,976,0,0.6389503479003906,0.9500000000000004,0,0,0.3333333333333333
679,958,958,977,0,0.36089181900024414,0.9500000000000004,0,0,0.2222222222222222
679,958,958,978,0,0.11610908061265945,0.9500000000000004,0,0,0.16666666666666666
679,958,959,107,1,0.47696176171302795,0.9500000000000004,0,0,0.09090909090909091
679,958,959,1119,1,0.9568613171577454,0.9500000000000004,1,0,0.42857142857142855
679,958,959,1121,1,0.9396462440490723,0.9500000000000004,0,0,0.5
679,958,959,1122,1,0.9780218601226807,0.9500000000000004,1,1,0.6666666666666666
680,966,966,931,0,0.3606050908565521,0.9500000000000004,0,0,0.3333333333333333
680,966,966,967,0,0.8218832612037659,0.9500000000000004,0,0,0.6666666666666666
680,966,966,975,0,0.5472582578659058,0.9500000000000004,0,0,0.5
681,959,959,107,0,0.49862465262413025,0.9500000000000004,0,0,0.09090909090909091
681,959,959,1119,0,0.9378484487533569,0.9500000000000004,0,0,0.42857142857142855
681,959,959,1121,0,0.9062497019767761,0.9500000000000004,0,0,0.5
681,959,959,1122,0,0.9523342847824097,0.9500000000000004,1,1,0.6666666666666666
681,959,959,903,0,0.1660185605287552,0.9500000000000004,0,0,0.09090909090909091
681,959,959,958,0,0.9699968099594116,0.9500000000000004,1,0,0.6363636363636364
681,959,959,991,0,0.7792235612869263,0.9500000000000004,0,0,0.125
681,959,958,107,1,0.4906821548938751,0.9500000000000004,0,0,0.08333333333333333
681,959,958,1119,1,0.8421390652656555,0.9500000000000004,0,0,0.25
681,959,958,903,1,0.17832724750041962,0.9500000000000004,0,0,0.08333333333333333
681,959,958,976,1,0.5929509997367859,0.9500000000000004,0,0,0.3
681,959,958,977,1,0.3187875747680664,0.9500000000000004,0,0,0.2
681,959,958,978,1,0.10191453993320465,0.9500000000000004,0,0,0.14285714285714285
681,959,1122,1119,1,0.799770712852478,0.9500000000000004,0,0,0.25
681,959,1122,957,1,0.8489252924919128,0.9500000000000004,0,0,0.25
682,959,959,107,0,0.4283485412597656,0.9500000000000004,0,0,0.08333333333333333
682,959,959,1119,0,0.9216968417167664,0.9500000000000004,0,0,0.375
682,959,959,1121,0,0.8409653902053833,0.9500000000000004,0,0,0.3333333333333333
682,959,959,1122,0,0.973821222782135,0.9500000000000004,1,0,0.75
682,959,959,903,0,0.13422194123268127,0.9500000000000004,0,0,0.08333333333333333
682,959,959,958,0,0.9629368782043457,0.9500000000000004,1,1,0.5833333333333334
682,959,959,991,0,0.7360740303993225,0.9500000000000004,0,0,0.1111111111111111
682,959,958,107,1,0.49074357748031616,0.9500000000000004,0,0,0.08333333333333333
682,959,958,1119,1,0.8292887210845947,0.9500000000000004,0,0,0.25
682,959,958,903,1,0.1834293156862259,0.9500000000000004,0,0,0.08333333333333333
682,959,958,976,1,0.5973379015922546,0.9500000000000004,0,0,0.3
682,959,958,977,1,0.32280686497688293,0.9500000000000004,0,0,0.2
682,959,958,978,1,0.10421942174434662,0.9500000000000004,0,0,0.14285714285714285
682,959,1122,1119,1,0.7908447980880737,0.9500000000000004,0,0,0.2
682,959,1122,957,1,0.8434274792671204,0.9500000000000004,0,0,0.2
683,964,964,961,0,0.7005099654197693,0.9500000000000004,0,0,1.0
684,901,901,469,0,0.30099812150001526,0.9500000000000004,0,0,0.5
684,901,901,898,0,0.32024869322776794,0.9500000000000004,0,0,0.3333333333333333
684,901,901,900,0,0.6230141520500183,0.9500000000000004,0,0,1.0
684,901,901,903,0,0.5022496581077576,0.9500000000000004,0,0,0.5
685,1121,1121,107,0,0.9376031756401062,0.9500000000000004,0,0,0.6666666666666666
685,1121,1121,1119,0,0.7660166025161743,0.9500000000000004,0,0,0.3333333333333333
685,1121,1121,959,0,0.8351244330406189,0.9500000000000004,0,0,0.3333333333333333
685,1121,1121,991,0,0.7949603199958801,0.9500000000000004,0,1,0.3333333333333333
686,1122,1122,1119,0,0.6083100438117981,0.9500000000000004,0,0,0.16666666666666666
686,1122,1122,1121,0,0.8867716789245605,0.9500000000000004,0,1,0.2
686,1122,1122,957,0,0.6995823383331299,0.9500000000000004,0,0,0.16666666666666666
686,1122,1122,958,0,0.7247704267501831,0.9500000000000004,0,0,0.16666666666666666
686,1122,1122,959,0,0.9429716467857361,0.9500000000000004,0,0,0.5
686,1122,1122,991,0,0.8838604092597961,0.9500000000000004,0,0,0.16666666666666666
687,903,903,469,0,0.267684668302536,0.9500000000000004,0,0,0.3333333333333333
687,903,903,894,0,0.32873159646987915,0.9500000000000004,0,0,0.25
687,903,903,901,0,0.5583199858665466,0.9500000000000004,0,0,0.2
687,903,903,931,0,0.32327356934547424,0.9500000000000004,0,0,0.2
687,903,903,949,0,0.33275890350341797,0.9500000000000004,0,0,0.5
687,903,903,958,0,0.8004688620567322,0.9500000000000004,0,0,1.0
687,903,903,959,0,0.8004688620567322,0.9500000000000004,0,0,1.0
688,881,881,1015,0,0.08584272861480713,0.9500000000000004,0,0,0.08333333333333333
688,881,881,107,0,0.5500614643096924,0.9500000000000004,0,0,0.06451612903225806
688,881,881,1104,0,0.33712896704673767,0.9500000000000004,0,0,0.1
688,881,881,1108,0,0.13307401537895203,0.9500000000000004,0,0,0.125
688,881,881,1109,0,0.28513339161872864,0.9500000000000004,0,0,0.14285714285714285
688,881,881,1112,0,0.4709824025630951,0.9500000000000004,0,1,0.2
688,881,881,1113,0,0.5850760340690613,0.9500000000000004,0,0,0.5
688,881,881,882,0,0.28774747252464294,0.9500000000000004,0,0,0.03571428571428571
688,881,881,883,0,0.12376994639635086,0.9500000000000004,0,0,0.03571428571428571
688,881,881,886,0,0.07536221295595169,0.9500000000000004,0,0,0.03571428571428571
688,881,881,891,0,0.3576836884021759,0.9500000000000004,0,0,0.1
688,881,881,897,0,0.3416716456413269,0.9500000000000004,0,0,0.0967741935483871
688,881,881,898,0,0.18311303853988647,0.9500000000000004,0,0,0.08
688,881,881,903,0,0.8951703310012817,0.9500000000000004,0,0,0.05
688,881,881,906,0,0.35291823744773865,0.9500000000000004,0,0,0.06896551724137931
688,881,881,907,0,0.18614420294761658,0.9500000000000004,0,0,0.03333333333333333
688,881,881,911,0,0.06182854250073433,0.9500000000000004,0,0,0.058823529411764705
688,881,881,914,0,0.15935301780700684,0.9500000000000004,0,0,0.06666666666666667
688,881,881,924,0,0.05411496385931969,0.9500000000000004,0,0,0.038461538461538464
688,881,881,926,0,0.30546000599861145,0.9500000000000004,0,0,0.043478260869565216
688,881,881,927,0,0.055943310260772705,0.9500000000000004,0,0,0.043478260869565216
688,881,881,932,0,0.22327405214309692,0.9500000000000004,0,0,0.09090909090909091
688,881,881,944,0,0.641191303730011,0.9500000000000004,0,0,0.15
688,881,881,957,0,0.821563184261322,0.9500000000000004,0,0,0.25
688,881,881,969,0,0.2499820590019226,0.9500000000000004,0,0,0.125
688,881,881,971,0,0.07044171541929245,0.9500000000000004,0,0,0.07142857142857142
689,1104,1104,1112,0,0.8232460618019104,0.9500000000000004,0,0,0.5
689,1104,1104,881,0,0.6964540481567383,0.9500000000000004,0,0,0.3333333333333333
689,1104,1104,883,0,0.519726037979126,0.9500000000000004,0,0,0.3333333333333333
689,1104,1104,907,0,0.6402382850646973,0.9500000000000004,0,0,0.3333333333333333
690,957,957,1104,0,0.9354238510131836,0.9500000000000004,0,1,0.125
690,957,957,1122,0,0.8811417818069458,0.9500000000000004,0,0,0.5
690,957,957,777,0,0.13699524104595184,0.9500000000000004,0,0,0.08333333333333333
690,957,957,881,0,0.8980868458747864,0.9500000000000004,0,0,0.25
690,957,957,884,0,0.7595251798629761,0.9500000000000004,0,0,0.25
690,957,957,885,0,0.7000327110290527,0.9500000000000004,0,0,0.25
690,957,957,912,0,0.21601295471191406,0.9500000000000004,0,0,0.08333333333333333
691,967,967,107,0,0.5629299879074097,0.9500000000000004,0,0,0.1
691,967,967,1106,0,0.2750692665576935,0.9500000000000004,0,0,0.25
691,967,967,943,0,0.6983753442764282,0.9500000000000004,0,0,0.2
691,967,967,945,0,0.7397541403770447,0.9500000000000004,0,0,0.2
691,967,967,956,0,0.1494675725698471,0.9500000000000004,0,0,0.1111111111111111
691,967,967,966,0,0.6675265431404114,0.9500000000000004,0,0,0.2
691,967,967,969,0,0.5607796907424927,0.9500000000000004,0,0,0.3333333333333333
691,967,967,974,0,0.24732555449008942,0.9500000000000004,0,0,0.125
691,967,967,975,0,0.4045076370239258,0.9500000000000004,0,0,0.16666666666666666
692,1104,1104,1112,0,0.7370473146438599,0.9500000000000004,0,0,0.25
692,1104,1104,881,0,0.6976958513259888,0.9500000000000004,0,0,0.2
692,1104,1104,883,0,0.46806612610816956,0.9500000000000004,0,0,0.2
692,1104,1104,907,0,0.5787044763565063,0.9500000000000004,0,0,0.2
692,1104,1104,957,0,0.9283498525619507,0.9500000000000004,0,1,0.4
693,957,957,1104,0,0.9009584784507751,0.9500000000000004,0,0,0.3
693,957,957,1122,0,0.7313113808631897,0.9500000000000004,0,0,0.25
693,957,957,777,0,0.1490117758512497,0.9500000000000004,0,0,0.07142857142857142
693,957,957,881,0,0.8598582744598389,0.9500000000000004,0,1,0.21428571428571427
693,957,957,884,0,0.7504513263702393,0.9500000000000004,0,0,0.21428571428571427
693,957,957,885,0,0.7025512456893921,0.9500000000000004,0,0,0.21428571428571427
693,957,957,912,0,0.22760984301567078,0.9500000000000004,0,0,0.07142857142857142
694,1119,1119,107,0,0.7363032102584839,0.9500000000000004,0,0,0.25
694,1119,1119,1121,0,0.919784426689148,0.9500000000000004,0,0,1.0
694,1119,1119,1122,0,0.8477832674980164,0.9500000000000004,0,1,0.5
694,1119,1119,958,0,0.7367229461669922,0.9500000000000004,0,0,0.25
694,1119,1119,959,0,0.9444631934165955,0.9500000000000004,0,0,0.75
695,1121,1121,107,0,0.8406575918197632,0.9500000000000004,0,0,0.4
695,1121,1121,1119,0,0.7526931762695312,0.9500000000000004,0,0,0.2
695,1121,1121,1122,0,0.925187885761261,0.9500000000000004,0,1,0.4
695,1121,1121,959,0,0.6877830624580383,0.9500000000000004,0,0,0.2
695,1121,1121,991,0,0.8843196034431458,0.9500000000000004,0,1,0.4
696,903,903,469,0,0.21444810926914215,0.9500000000000004,0,0,0.25
696,903,903,881,0,0.6908366084098816,0.9500000000000004,0,0,0.16666666666666666
696,903,903,894,0,0.2736095190048218,0.9500000000000004,0,0,0.2
696,903,903,901,0,0.44811686873435974,0.9500000000000004,0,0,0.16666666666666666
696,903,903,931,0,0.27123504877090454,0.9500000000000004,0,0,0.16666666666666666
696,903,903,949,0,0.23626476526260376,0.9500000000000004,0,0,0.3333333333333333
696,903,903,958,0,0.6218632459640503,0.9500000000000004,0,0,0.5
696,903,903,959,0,0.6218632459640503,0.9500000000000004,0,0,0.5
697,886,886,881,0,0.6200796365737915,0.9500000000000004,0,0,0.5
697,886,886,883,0,0.4126986265182495,0.9500000000000004,0,0,0.5
697,886,886,892,0,0.4467988908290863,0.9500000000000004,0,0,1.0
698,1119,1119,107,0,0.5921263694763184,0.9500000000000004,0,0,0.2
698,1119,1119,1121,0,0.7966992259025574,0.9500000000000004,0,0,0.5
698,1119,1119,1122,0,0.9126803278923035,0.9500000000000004,0,0,0.6666666666666666
698,1119,1119,958,0,0.5793264508247375,0.9500000000000004,0,0,0.2
698,1119,1119,959,0,0.913854718208313,0.9500000000000004,0,0,0.6
699,1121,1121,107,0,0.7807885408401489,0.9500000000000004,0,0,0.3333333333333333
699,1121,1121,1119,0,0.793303370475769,0.9500000000000004,0,0,0.16666666666666666
699,1121,1121,1122,0,0.9185357093811035,0.9500000000000004,0,0,0.5
699,1121,1121,959,0,0.6039908528327942,0.9500000000000004,0,0,0.16666666666666666
699,1121,1121,991,0,0.9151419997215271,0.9500000000000004,0,1,0.5
700,903,903,1102,0,0.7478198409080505,0.9500000000000004,0,0,0.5
700,903,903,469,0,0.19530193507671356,0.9500000000000004,0,0,0.2
700,903,903,881,0,0.620328426361084,0.9500000000000004,0,0,0.14285714285714285
700,903,903,894,0,0.2555444538593292,0.9500000000000004,0,0,0.16666666666666666
700,903,903,901,0,0.4128269851207733,0.9500000000000004,0,0,0.14285714285714285
700,903,903,931,0,0.2548414468765259,0.9500000000000004,0,0,0.14285714285714285
700,903,903,949,0,0.21053007245063782,0.9500000000000004,0,0,0.25
700,903,903,958,0,0.5518923401832581,0.9500000000000004,0,0,0.3333333333333333
700,903,903,959,0,0.5518923401832581,0.9500000000000004,0,0,0.3333333333333333
701,991,991,1002,0,0.7816873788833618,0.9500000000000004,0,0,0.4166666666666667
701,991,991,1118,0,0.7377433776855469,0.9500000000000004,0,0,0.3333333333333333
701,991,991,1121,0,0.9675163626670837,0.9500000000000004,1,1,0.6666666666666666
701,991,991,1122,0,0.8811455368995667,0.9500000000000004,0,0,0.3333333333333333
701,991,991,1125,0,0.36297306418418884,0.9500000000000004,0,0,0.2
701,991,991,959,0,0.45767664909362793,0.9500000000000004,0,0,0.08333333333333333
701,991,991,981,0,0.09239102154970169,0.9500000000000004,0,0,0.14285714285714285
701,991,991,983,0,0.09239102154970169,0.9500000000000004,0,0,0.14285714285714285
701,991,1121,107,1,0.7502390146255493,0.9500000000000004,0,0,0.2857142857142857
701,991,1121,1119,1,0.5970297455787659,0.9500000000000004,0,0,0.14285714285714285
701,991,1121,1122,1,0.8961083292961121,0.9500000000000004,0,0,0.42857142857142855
701,991,1121,959,1,0.5569212436676025,0.9500000000000004,0,0,0.14285714285714285
702,991,991,1002,0,0.6682778596878052,0.9500000000000004,0,0,0.38461538461538464
702,991,991,1118,0,0.5536639094352722,0.9500000000000004,0,1,0.2857142857142857
702,991,991,1121,0,0.9928313493728638,0.9500000000000004,1,0,0.7142857142857143
702,991,991,1122,0,0.7675918936729431,0.9500000000000004,0,0,0.2857142857142857
702,991,991,1125,0,0.18649503588676453,0.9500000000000004,0,0,0.16666666666666666
702,991,991,959,0,0.32216876745224,0.9500000000000004,0,0,0.07692307692307693
702,991,991,981,0,0.03582931309938431,0.9500000000000004,0,0,0.125
702,991,991,983,0,0.03582931309938431,0.9500000000000004,0,0,0.125
702,991,1121,107,1,0.655036449432373,0.9500000000000004,0,0,0.25
702,991,1121,1119,1,0.413189172744751,0.9500000000000004,0,0,0.125
702,991,1121,1122,1,0.8767557740211487,0.9500000000000004,0,0,0.375
702,991,1121,959,1,0.4093274474143982,0.9500000000000004,0,0,0.125
703,957,957,1104,0,0.8160220384597778,0.9500000000000004,0,1,0.25
703,957,957,1122,0,0.6020560264587402,0.9500000000000004,0,0,0.16666666666666666
703,957,957,777,0,0.1317710131406784,0.9500000000000004,0,0,0.0625
703,957,957,881,0,0.8753334879875183,0.9500000000000004,0,0,0.25
703,957,957,884,0,0.6709452271461487,0.9500000000000004,0,0,0.1875
703,957,957,885,0,0.6437065005302429,0.9500000000000004,0,0,0.1875
703,957,957,886,0,0.6534419655799866,0.9500000000000004,0,0,0.0625
703,957,957,912,0,0.1967645138502121,0.9500000000000004,0,0,0.0625
704,881,881,1015,0,0.09297948330640793,0.9500000000000004,0,0,0.07142857142857142
704,881,881,107,0,0.5240118503570557,0.9500000000000004,0,0,0.06060606060606061
704,881,881,1104,0,0.5114441514015198,0.9500000000000004,0,0,0.08333333333333333
704,881,881,1108,0,0.11899443715810776,0.9500000000000004,0,0,0.1
704,881,881,1109,0,0.2138650119304657,0.9500000000000004,0,0,0.1111111111111111
704,881,881,1112,0,0.7018009424209595,0.9500000000000004,0,0,0.2857142857142857
704,881,881,1113,0,0.22939442098140717,0.9500000000000004,0,0,0.25
704,881,881,1129,0,0.643113911151886,0.9500000000000004,0,0,0.5
704,881,881,882,0,0.2579628825187683,0.9500000000000004,0,0,0.03333333333333333
704,881,881,883,0,0.1245042160153389,0.9500000000000004,0,0,0.03333333333333333
704,881,881,886,0,0.25330811738967896,0.9500000000000004,0,0,0.03333333333333333
704,881,881,891,0,0.34670665860176086,0.9500000000000004,0,0,0.09090909090909091
704,881,881,897,0,0.34739893674850464,0.9500000000000004,0,0,0.09090909090909091
704,881,881,898,0,0.19594338536262512,0.9500000000000004,0,0,0.07407407407407407
704,881,881,903,0,0.5607677102088928,0.9500000000000004,0,0,0.045454545454545456
704,881,881,906,0,0.34341129660606384,0.9500000000000004,0,0,0.06451612903225806
704,881,881,907,0,0.16864845156669617,0.9500000000000004,0,0,0.03125
704,881,881,911,0,0.07311908155679703,0.9500000000000004,0,0,0.05263157894736842
704,881,881,914,0,0.15732191503047943,0.9500000000000004,0,0,0.058823529411764705
704,881,881,924,0,0.06521626561880112,0.9500000000000004,0,0,0.03571428571428571
704,881,881,926,0,0.2704148590564728,0.9500000000000004,0,0,0.04
704,881,881,927,0,0.06737054884433746,0.9500000000000004,0,0,0.04
704,881,881,932,0,0.21830636262893677,0.9500000000000004,0,0,0.08333333333333333
704,881,881,944,0,0.5977957844734192,0.9500000000000004,0,0,0.13636363636363635
704,881,881,957,0,0.8876233696937561,0.9500000000000004,0,1,0.2857142857142857
704,881,881,969,0,0.19771833717823029,0.9500000000000004,0,0,0.1
704,881,881,971,0,0.08086679130792618,0.9500000000000004,0,0,0.0625
705,1121,1121,107,0,0.7354615330696106,0.9500000000000004,0,0,0.25
705,1121,1121,1119,0,0.5326454043388367,0.9500000000000004,0,0,0.125
705,1121,1121,1122,0,0.8842322826385498,0.9500000000000004,0,0,0.375
705,1121,1121,959,0,0.5302746891975403,0.9500000000000004,0,1,0.125
705,1121,1121,991,0,0.9707564115524292,0.9500000000000004,1,1,0.625
705,1121,991,1002,1,0.7464474439620972,0.9500000000000004,0,0,0.35714285714285715
705,1121,991,1118,1,0.9590356349945068,0.9500000000000004,1,0,0.375
705,1121,991,1122,1,0.8470996618270874,0.9500000000000004,0,0,0.25
705,1121,991,1125,1,0.2629587948322296,0.9500000000000004,0,0,0.14285714285714285
705,1121,991,959,1,0.4063657522201538,0.9500000000000004,0,1,0.07142857142857142
705,1121,991,981,1,0.07389648258686066,0.9500000000000004,0,0,0.1111111111111111
705,1121,991,983,1,0.07389648258686066,0.9500000000000004,0,0,0.1111111111111111
705,1121,1118,1007,2,0.8428519368171692,0.9500000000000004,0,0,0.5
705,1121,1118,1125,2,0.7619863152503967,0.9500000000000004,0,0,0.5
706,907,907,1104,0,0.6732909083366394,0.9500000000000004,0,0,0.5
706,907,907,1112,0,0.7415677905082703,0.9500000000000004,0,0,1.0
706,907,907,881,0,0.6017827987670898,0.9500000000000004,0,0,0.3333333333333333
706,907,907,882,0,0.48557111620903015,0.9500000000000004,0,0,0.5
707,967,967,107,0,0.4909091293811798,0.9500000000000004,0,1,0.09090909090909091
707,967,967,1106,0,0.1911752074956894,0.9500000000000004,0,0,0.2
707,967,967,1131,0,0.8445460200309753,0.9500000000000004,0,0,1.0
707,967,967,943,0,0.6279146075248718,0.9500000000000004,0,0,0.18181818181818182
707,967,967,945,0,0.6244908571243286,0.9500000000000004,0,0,0.18181818181818182
707,967,967,956,0,0.12587645649909973,0.9500000000000004,0,0,0.1
707,967,967,966,0,0.5503933429718018,0.9500000000000004,0,0,0.18181818181818182
707,967,967,969,0,0.3666018545627594,0.9500000000000004,0,0,0.25
707,967,967,974,0,0.2065369337797165,0.9500000000000004,0,0,0.1111111111111111
707,967,967,975,0,0.32406729459762573,0.9500000000000004,0,0,0.14285714285714285
708,469,469,901,0,0.6495852470397949,0.9500000000000004,0,0,1.0
708,469,469,903,0,0.718524694442749,0.9500000000000004,0,0,1.0
709,884,884,1101,0,0.15593959391117096,0.9500000000000004,0,0,0.25
709,884,884,928,0,0.13317926228046417,0.9500000000000004,0,0,0.2
709,884,884,957,0,0.9161140322685242,0.9500000000000004,0,0,0.75
710,967,967,107,0,0.790191650390625,0.9500000000000004,0,0,0.16666666666666666
710,967,967,1106,0,0.15535570681095123,0.9500000000000004,0,0,0.16666666666666666
710,967,967,1131,0,0.552250862121582,0.9500000000000004,0,0,0.5
710,967,967,943,0,0.5847787857055664,0.9500000000000004,0,0,0.16666666666666666
710,967,967,945,0,0.568413257598877,0.9500000000000004,0,0,0.16666666666666666
710,967,967,956,0,0.10422886162996292,0.9500000000000004,0,0,0.09090909090909091
710,967,967,966,0,0.4990200102329254,0.9500000000000004,0,0,0.16666666666666666
710,967,967,969,0,0.29529646039009094,0.9500000000000004,0,0,0.2
710,967,967,974,0,0.17742300033569336,0.9500000000000004,0,0,0.1
710,967,967,975,0,0.2794151306152344,0.9500000000000004,0,0,0.125
711,967,967,107,0,0.7679024934768677,0.9500000000000004,0,0,0.15384615384615385
711,967,967,1106,0,0.13390657305717468,0.9500000000000004,0,0,0.14285714285714285
711,967,967,1131,0,0.40211376547813416,0.9500000000000004,0,0,0.3333333333333333
711,967,967,1139,0,0.9295570254325867,0.9500000000000004,0,0,1.0
711,967,967,943,0,0.5566732883453369,0.9500000000000004,0,0,0.15384615384615385
711,967,967,945,0,0.5345171689987183,0.9500000000000004,0,0,0.15384615384615385
711,967,967,956,0,0.09260917454957962,0.9500000000000004,0,0,0.08333333333333333
711,967,967,966,0,0.4708280563354492,0.9500000000000004,0,0,0.15384615384615385
711,967,967,969,0,0.25885701179504395,0.9500000000000004,0,0,0.16666666666666666
711,967,967,974,0,0.15869754552841187,0.9500000000000004,0,0,0.09090909090909091
711,967,967,975,0,0.2522575259208679,0.9500000000000004,0,0,0.1111111111111111
712,1007,1007,1118,0,0.9241824150085449,0.9500000000000004,0,1,1.0
712,1007,1007,1125,0,0.48375824093818665,0.9500000000000004,0,0,0.5
713,991,991,1002,0,0.7453399300575256,0.9500000000000004,0,0,0.3333333333333333
713,991,991,1118,0,0.9475842714309692,0.9500000000000004,0,0,0.3333333333333333
713,991,991,1121,0,0.9651612043380737,0.9500000000000004,1,1,0.6666666666666666
713,991,991,1122,0,0.7865616083145142,0.9500000000000004,0,0,0.2222222222222222
713,991,991,1125,0,0.22688685357570648,0.9500000000000004,0,0,0.125
713,991,991,959,0,0.8449171781539917,0.9500000000000004,0,0,0.13333333333333333
713,991,991,981,0,0.08082719147205353,0.9500000000000004,0,0,0.1
713,991,991,983,0,0.08082719147205353,0.9500000000000004,0,0,0.1
713,991,1121,107,1,0.7723124623298645,0.9500000000000004,0,0,0.2222222222222222
713,991,1121,1119,1,0.44042840600013733,0.9500000000000004,0,0,0.1111111111111111
713,991,1121,1122,1,0.8406727313995361,0.9500000000000004,0,0,0.3333333333333333
713,991,1121,959,1,0.845241367816925,0.9500000000000004,0,0,0.2222222222222222
715,912,912,1107,0,0.32734882831573486,0.9500000000000004,0,0,1.0
715,912,912,777,0,0.35284125804901123,0.9500000000000004,0,0,0.6666666666666666
715,912,912,957,0,0.4939635694026947,0.9500000000000004,0,0,0.5
716,991,991,1002,0,0.7032541036605835,0.9500000000000004,0,0,0.3125
716,991,991,1118,0,0.9046019315719604,0.9500000000000004,0,0,0.3
716,991,991,1121,0,0.9723730683326721,0.9500000000000004,1,1,0.7
716,991,991,1122,0,0.7154474258422852,0.9500000000000004,0,0,0.2
716,991,991,1125,0,0.16880495846271515,0.9500000000000004,0,0,0.1111111111111111
716,991,991,959,0,0.7771316766738892,0.9500000000000004,0,0,0.125
716,991,991,981,0,0.06676968932151794,0.9500000000000004,0,0,0.09090909090909091
716,991,991,983,0,0.06676968932151794,0.9500000000000004,0,0,0.09090909090909091
716,991,1121,107,1,0.7276402115821838,0.9500000000000004,0,0,0.2
716,991,1121,1119,1,0.37012979388237,0.9500000000000004,0,0,0.1
716,991,1121,1122,1,0.8097808957099915,0.9500000000000004,0,0,0.3
716,991,1121,959,1,0.799639880657196,0.9500000000000004,0,0,0.2
717,926,926,881,0,0.6390184164047241,0.9500000000000004,0,0,0.25
717,926,926,882,0,0.32530710101127625,0.9500000000000004,0,0,0.25
717,926,926,885,0,0.8460471034049988,0.9500000000000004,0,0,0.75
718,886,886,881,0,0.5647083520889282,0.9500000000000004,0,0,0.3333333333333333
718,886,886,883,0,0.411695659160614,0.9500000000000004,0,1,0.3333333333333333
718,886,886,892,0,0.21839424967765808,0.9500000000000004,0,0,0.5
718,886,886,957,0,0.8780117630958557,0.9500000000000004,0,0,1.0
719,1123,1123,1119,0,0.783438503742218,0.9500000000000004,0,0,1.0
720,926,926,881,0,0.5703491568565369,0.9500000000000004,0,0,0.2
720,926,926,882,0,0.2849940359592438,0.9500000000000004,0,0,0.2
720,926,926,885,0,0.7883039712905884,0.9500000000000004,0,0,0.6
720,926,926,907,0,0.7237954139709473,0.9500000000000004,0,1,0.2
720,926,926,957,0,0.7749968767166138,0.9500000000000004,0,0,0.25
722,959,959,107,0,0.3121896982192993,0.9500000000000004,0,0,0.07142857142857142
722,959,959,1119,0,0.7174239158630371,0.9500000000000004,0,0,0.3
722,959,959,1121,0,0.8651193976402283,0.9500000000000004,0,0,0.4
722,959,959,1122,0,0.8371801376342773,0.9500000000000004,0,0,0.5
722,959,959,903,0,0.2230706363916397,0.9500000000000004,0,0,0.07142857142857142
722,959,959,958,0,0.9214628338813782,0.9500000000000004,0,0,0.5714285714285714
722,959,959,991,0,0.7744100689888,0.9500000000000004,0,0,0.18181818181818182
723,885,885,926,0,0.8408674597740173,0.9500000000000004,0,1,0.5
723,885,885,957,0,0.8664283156394958,0.9500000000000004,0,0,0.6
724,469,469,1128,0,0.7640570402145386,0.9500000000000004,0,0,1.0
724,469,469,1137,0,0.6772457361221313,0.9500000000000004,0,0,1.0
724,469,469,901,0,0.41169071197509766,0.9500000000000004,0,0,0.5
724,469,469,903,0,0.5000550746917725,0.9500000000000004,0,0,0.5
725,469,469,107,0,0.7950950264930725,0.9500000000000004,0,0,0.3333333333333333
725,469,469,1128,0,0.54182368516922,0.9500000000000004,0,0,0.5
725,469,469,1137,0,0.4693826735019684,0.9500000000000004,0,0,0.5
725,469,469,901,0,0.34133481979370117,0.9500000000000004,0,0,0.3333333333333333
725,469,469,903,0,0.44003263115882874,0.9500000000000004,0,0,0.3333333333333333
727,967,967,107,0,0.7212761044502258,0.9500000000000004,0,0,0.14285714285714285
727,967,967,1106,0,0.13822823762893677,0.9500000000000004,0,0,0.125
727,967,967,1131,0,0.29407167434692383,0.9500000000000004,0,0,0.25
727,967,967,1139,0,0.6050153374671936,0.9500000000000004,0,0,0.5
727,967,967,1140,0,0.8253757357597351,0.9500000000000004,0,0,1.0
727,967,967,943,0,0.5527535676956177,0.9500000000000004,0,0,0.14285714285714285
727,967,967,945,0,0.5209599733352661,0.9500000000000004,0,0,0.14285714285714285
727,967,967,956,0,0.1044311374425888,0.9500000000000004,0,0,0.07692307692307693
727,967,967,966,0,0.44665461778640747,0.9500000000000004,0,0,0.14285714285714285
727,967,967,969,0,0.24345086514949799,0.9500000000000004,0,0,0.14285714285714285
727,967,967,974,0,0.16911421716213226,0.9500000000000004,0,0,0.08333333333333333
727,967,967,975,0,0.25509852170944214,0.9500000000000004,0,0,0.1
728,882,882,1150,0,0.917049765586853,0.9500000000000004,0,0,1.0
728,882,882,881,0,0.5181039571762085,0.9500000000000004,0,0,0.2
728,882,882,907,0,0.4496924579143524,0.9500000000000004,0,0,0.2
728,882,882,913,0,0.1304885596036911,0.9500000000000004,0,0,0.2
728,882,882,926,0,0.4842424690723419,0.9500000000000004,0,0,0.25
728,882,882,937,0,0.36333438754081726,0.9500000000000004,0,0,0.25
728,882,882,940,0,0.3634401261806488,0.9500000000000004,0,0,0.25
728,882,882,967,0,0.8592851758003235,0.9500000000000004,0,0,0.25
729,882,882,1150,0,0.8759828805923462,0.9500000000000004,0,0,0.5
729,882,882,881,0,0.5073137283325195,0.9500000000000004,0,0,0.16666666666666666
729,882,882,907,0,0.43451228737831116,0.9500000000000004,0,0,0.16666666666666666
729,882,882,912,0,0.8829097151756287,0.9500000000000004,0,1,0.16666666666666666
729,882,882,913,0,0.1205877810716629,0.9500000000000004,0,0,0.16666666666666666
729,882,882,926,0,0.4622596204280853,0.9500000000000004,0,0,0.2
729,882,882,937,0,0.34277597069740295,0.9500000000000004,0,0,0.2
729,882,882,940,0,0.34292182326316833,0.9500000000000004,0,0,0.2
729,882,882,967,0,0.8420583605766296,0.9500000000000004,0,0,0.2
730,964,964,961,0,0.4470652937889099,0.9500000000000004,0,0,0.5
730,964,964,965,0,0.5959509611129761,0.9500000000000004,0,0,1.0
731,975,975,107,0,0.5825580358505249,0.9500000000000004,0,0,0.3333333333333333
731,975,975,966,0,0.3932340145111084,0.9500000000000004,0,0,0.3333333333333333
731,975,975,967,0,0.5963385701179504,0.9500000000000004,0,0,0.3333333333333333
731,975,975,974,0,0.27616849541664124,0.9500000000000004,0,0,0.3333333333333333
732,469,469,107,0,0.6918002963066101,0.9500000000000004,0,0,0.25
732,469,469,1128,0,0.43951085209846497,0.9500000000000004,0,0,0.3333333333333333
732,469,469,1137,0,0.37276729941368103,0.9500000000000004,0,0,0.3333333333333333
732,469,469,1149,0,0.8373420238494873,0.9500000000000004,0,0,1.0
732,469,469,901,0,0.3228256106376648,0.9500000000000004,0,0,0.25
732,469,469,903,0,0.4142864942550659,0.9500000000000004,0,0,0.25
733,957,957,1104,0,0.7796871662139893,0.9500000000000004,0,0,0.25
733,957,957,1122,0,0.41761142015457153,0.9500000000000004,0,0,0.1
733,957,957,1136,0,0.36824390292167664,0.9500000000000004,0,1,0.3333333333333333
733,957,957,777,0,0.11027583479881287,0.9500000000000004,0,0,0.05
733,957,957,881,0,0.8428972959518433,0.9500000000000004,0,0,0.25
733,957,957,884,0,0.6246890425682068,0.9500000000000004,0,0,0.15
733,957,957,885,0,0.6575949192047119,0.9500000000000004,0,0,0.15
733,957,957,886,0,0.5079783797264099,0.9500000000000004,0,1,0.05
733,957,957,907,0,0.6882902979850769,0.9500000000000004,0,0,0.1
733,957,957,912,0,0.4091786742210388,0.9500000000000004,0,0,0.05
733,957,957,926,0,0.5181676149368286,0.9500000000000004,0,0,0.05
734,957,957,1104,0,0.7495932579040527,0.9500000000000004,0,0,0.23529411764705882
734,957,957,1122,0,0.33699095249176025,0.9500000000000004,0,0,0.09090909090909091
734,957,957,1136,0,0.9600520133972168,0.9500000000000004,1,0,0.5
734,957,957,777,0,0.08054501563310623,0.9500000000000004,0,0,0.047619047619047616
734,957,957,881,0,0.8271220922470093,0.9500000000000004,0,0,0.23809523809523808
734,957,957,884,0,0.5562934279441833,0.9500000000000004,0,0,0.14285714285714285
734,957,957,885,0,0.5755876898765564,0.9500000000000004,0,1,0.14285714285714285
734,957,957,886,0,0.9168990850448608,0.9500000000000004,0,0,0.09523809523809523
734,957,957,907,0,0.6247663497924805,0.9500000000000004,0,0,0.09523809523809523
734,957,957,912,0,0.3114180266857147,0.9500000000000004,0,0,0.047619047619047616
734,957,957,926,0,0.45412570238113403,0.9500000000000004,0,0,0.047619047619047616
734,957,1136,881,1,0.657065212726593,0.9500000000000004,0,0,0.5
734,957,1136,886,1,0.9448026418685913,0.9500000000000004,0,0,0.5
735,967,967,107,0,0.6631945967674255,0.9500000000000004,0,0,0.13333333333333333
735,967,967,1106,0,0.120147205889225,0.9500000000000004,0,0,0.1111111111111111
735,967,967,1131,0,0.23450149595737457,0.9500000000000004,0,0,0.2
735,967,967,1139,0,0.4088471531867981,0.9500000000000004,0,0,0.3333333333333333
735,967,967,1140,0,0.528424084186554,0.9500000000000004,0,0,0.5
735,967,967,1150,0,0.9147038459777832,0.9500000000000004,0,0,1.0
735,967,967,882,0,0.669543445110321,0.9500000000000004,0,0,0.06666666666666667
735,967,967,943,0,0.5271269679069519,0.9500000000000004,0,0,0.13333333333333333
735,967,967,945,0,0.4821392595767975,0.9500000000000004,0,0,0.13333333333333333
735,967,967,956,0,0.09211244434118271,0.9500000000000004,0,0,0.07142857142857142
735,967,967,966,0,0.41825005412101746,0.9500000000000004,0,0,0.13333333333333333
735,967,967,969,0,0.21512606739997864,0.9500000000000004,0,0,0.125
735,967,967,974,0,0.1537010371685028,0.9500000000000004,0,0,0.07692307692307693
735,967,967,975,0,0.45954519510269165,0.9500000000000004,0,0,0.09090909090909091
736,967,967,107,0,0.6172687411308289,0.9500000000000004,0,0,0.125
736,967,967,1106,0,0.09425719827413559,0.9500000000000004,0,0,0.1
736,967,967,1109,0,0.9104752540588379,0.9500000000000004,0,1,0.1111111111111111
736,967,967,1131,0,0.18120326101779938,0.9500000000000004,0,0,0.16666666666666666
736,967,967,1139,0,0.30051955580711365,0.9500000000000004,0,0,0.25
736,967,967,1140,0,0.3419945538043976,0.9500000000000004,0,0,0.3333333333333333
736,967,967,1150,0,0.7919961810112,0.9500000000000004,0,0,0.5
736,967,967,882,0,0.636689305305481,0.9500000000000004,0,0,0.0625
736,967,967,943,0,0.47920477390289307,0.9500000000000004,0,0,0.125
736,967,967,945,0,0.42929139733314514,0.9500000000000004,0,0,0.125
736,967,967,956,0,0.07414361834526062,0.9500000000000004,0,0,0.06666666666666667
736,967,967,966,0,0.36341017484664917,0.9500000000000004,0,0,0.125
736,967,967,969,0,0.17172303795814514,0.9500000000000004,0,0,0.1111111111111111
736,967,967,974,0,0.1251824051141739,0.9500000000000004,0,0,0.07142857142857142
736,967,967,975,0,0.3762829303741455,0.9500000000000004,0,0,0.08333333333333333
737,967,967,107,0,0.6357951760292053,0.9500000000000004,0,0,0.11764705882352941
737,967,967,1106,0,0.09437073767185211,0.9500000000000004,0,0,0.09090909090909091
737,967,967,1109,0,0.9044256210327148,0.9500000000000004,0,0,0.2
737,967,967,1131,0,0.18091556429862976,0.9500000000000004,0,0,0.14285714285714285
737,967,967,1139,0,0.3032268285751343,0.9500000000000004,0,0,0.2
737,967,967,1140,0,0.32962566614151,0.9500000000000004,0,0,0.25
737,967,967,1150,0,0.7198956608772278,0.9500000000000004,0,0,0.3333333333333333
737,967,967,882,0,0.6323802471160889,0.9500000000000004,0,0,0.058823529411764705
737,967,967,943,0,0.48822569847106934,0.9500000000000004,0,0,0.11764705882352941
737,967,967,945,0,0.4456762671470642,0.9500000000000004,0,0,0.11764705882352941
737,967,967,956,0,0.0743287056684494,0.9500000000000004,0,0,0.0625
737,967,967,966,0,0.37858983874320984,0.9500000000000004,0,0,0.11764705882352941
737,967,967,969,0,0.17662230134010315,0.9500000000000004,0,0,0.1
737,967,967,974,0,0.12462650239467621,0.9500000000000004,0,0,0.06666666666666667
737,967,967,975,0,0.38353800773620605,0.9500000000000004,0,0,0.07692307692307693
738,1151,1151,903,0,0.9494417905807495,0.9500000000000004,0,0,1.0
738,1151,1151,967,0,0.9480602741241455,0.9500000000000004,0,0,1.0
739,1151,1151,1120,0,0.9697189331054688,0.9500000000000004,1,0,0.5
739,1151,1151,1152,0,0.9635883569717407,0.9500000000000004,1,1,1.0
739,1151,1151,903,0,0.9308549761772156,0.9500000000000004,0,0,0.5
739,1151,1151,967,0,0.9300279021263123,0.9500000000000004,0,0,0.5
739,1151,1120,943,1,0.5717028975486755,0.9500000000000004,0,0,0.5
739,1151,1120,945,1,0.5326502919197083,0.9500000000000004,0,0,0.5
740,967,967,107,0,0.6260421276092529,0.9500000000000004,0,0,0.1111111111111111
740,967,967,1106,0,0.09304172545671463,0.9500000000000004,0,0,0.08333333333333333
740,967,967,1109,0,0.9020940661430359,0.9500000000000004,0,0,0.18181818181818182
740,967,967,1131,0,0.17320141196250916,0.9500000000000004,0,0,0.125
740,967,967,1139,0,0.28058958053588867,0.9500000000000004,0,0,0.16666666666666666
740,967,967,1140,0,0.3002271056175232,0.9500000000000004,0,0,0.2
740,967,967,1150,0,0.6506619453430176,0.9500000000000004,0,0,0.25
740,967,967,1151,0,0.9666463136672974,0.9500000000000004,1,0,1.0
740,967,967,882,0,0.6210213899612427,0.9500000000000004,0,0,0.05555555555555555
740,967,967,903,0,0.8798472285270691,0.9500000000000004,0,0,0.05555555555555555
740,967,967,943,0,0.48471635580062866,0.9500000000000004,0,0,0.1111111111111111
740,967,967,945,0,0.44275349378585815,0.9500000000000004,0,0,0.1111111111111111
740,967,967,956,0,0.07366268336772919,0.9500000000000004,0,0,0.058823529411764705
740,967,967,966,0,0.3741021752357483,0.9500000000000004,0,0,0.1111111111111111
740,967,967,969,0,0.1747060865163803,0.9500000000000004,0,0,0.09090909090909091
740,967,967,974,0,0.12535026669502258,0.9500000000000004,0,0,0.0625
740,967,967,975,0,0.3702772855758667,0.9500000000000004,0,0,0.07142857142857142
740,967,1151,1120,1,0.962483286857605,0.9500000000000004,1,0,0.3333333333333333
740,967,1151,1152,1,0.9686083197593689,0.9500000000000004,1,1,1.0
741,885,885,926,0,0.8984745740890503,0.9500000000000004,0,0,0.5
741,885,885,947,0,0.43477311730384827,0.9500000000000004,0,0,0.14285714285714285
741,885,885,957,0,0.9652959108352661,0.9500000000000004,1,1,0.5714285714285714
741,885,957,1104,1,0.7518166899681091,0.9500000000000004,0,0,0.2222222222222222
741,885,957,1122,1,0.3346914052963257,0.9500000000000004,0,0,0.08333333333333333
741,885,957,1136,1,0.9328978061676025,0.9500000000000004,0,0,0.4
741,885,957,777,1,0.10430261492729187,0.9500000000000004,0,0,0.045454545454545456
741,885,957,881,1,0.8345807194709778,0.9500000000000004,0,0,0.22727272727272727
741,885,957,884,1,0.5701923370361328,0.9500000000000004,0,0,0.13636363636363635
741,885,957,886,1,0.8745368123054504,0.9500000000000004,0,0,0.09090909090909091
741,885,957,907,1,0.6200864315032959,0.9500000000000004,0,0,0.09090909090909091
741,885,957,912,1,0.29592302441596985,0.9500000000000004,0,0,0.045454545454545456
741,885,957,926,1,0.43943285942077637,0.9500000000000004,0,0,0.045454545454545456
742,957,957,1104,0,0.6732862591743469,0.9500000000000004,0,0,0.21052631578947367
742,957,957,1122,0,0.22366629540920258,0.9500000000000004,0,0,0.07692307692307693
742,957,957,1136,0,0.9027847051620483,0.9500000000000004,0,0,0.3333333333333333
742,957,957,777,0,0.06402208656072617,0.9500000000000004,0,0,0.043478260869565216
742,957,957,881,0,0.7786823511123657,0.9500000000000004,0,0,0.21739130434782608
742,957,957,884,0,0.42794322967529297,0.9500000000000004,0,0,0.13043478260869565
742,957,957,885,0,0.9824626445770264,0.9500000000000004,1,1,0.21739130434782608
742,957,957,886,0,0.828904926776886,0.9500000000000004,0,0,0.08695652173913043
742,957,957,907,0,0.48660218715667725,0.9500000000000004,0,0,0.08695652173913043
742,957,957,912,0,0.1850113719701767,0.9500000000000004,0,0,0.043478260869565216
742,957,957,926,0,0.31590598821640015,0.9500000000000004,0,0,0.043478260869565216
742,957,885,926,1,0.8705452680587769,0.9500000000000004,0,0,0.4444444444444444
742,957,885,947,1,0.25509050488471985,0.9500000000000004,0,0,0.125
743,943,943,1109,0,0.47407031059265137,0.9500000000000004,0,0,0.25
743,943,943,1120,0,0.8842127919197083,0.9500000000000004,0,0,1.0
743,943,943,891,0,0.19480174779891968,0.9500000000000004,0,0,0.058823529411764705
743,943,943,910,0,0.1465604454278946,0.9500000000000004,0,0,0.058823529411764705
743,943,943,934,0,0.4639662504196167,0.9500000000000004,0,0,0.1875
743,943,943,935,0,0.27522575855255127,0.9500000000000004,0,0,0.125
743,943,943,937,0,0.3512495160102844,0.9500000000000004,0,0,0.15384615384615385
743,943,943,940,0,0.23676300048828125,0.9500000000000004,0,0,0.07692307692307693
743,943,943,942,0,0.0744636282324791,0.9500000000000004,0,0,0.09090909090909091
743,943,943,944,0,0.6403406858444214,0.9500000000000004,0,1,0.23529411764705882
743,943,943,945,0,0.6465490460395813,0.9500000000000004,0,0,0.23529411764705882
743,943,943,955,0,0.07759986072778702,0.9500000000000004,0,0,0.1111111111111111
743,943,943,956,0,0.07871123403310776,0.9500000000000004,0,0,0.125
743,943,943,967,0,0.6789237260818481,0.9500000000000004,0,0,0.2222222222222222
744,903,903,1102,0,0.3416759669780731,0.9500000000000004,0,0,0.25
744,903,903,1134,0,0.38619428873062134,0.9500000000000004,0,0,0.5
744,903,903,1151,0,0.8652258515357971,0.9500000000000004,0,0,1.0
744,903,903,469,0,0.437766969203949,0.9500000000000004,0,0,0.14285714285714285
744,903,903,881,0,0.5268837809562683,0.9500000000000004,0,0,0.1111111111111111
744,903,903,894,0,0.2166871577501297,0.9500000000000004,0,1,0.125
744,903,903,901,0,0.3106112480163574,0.9500000000000004,0,0,0.1111111111111111
744,903,903,931,0,0.21643315255641937,0.9500000000000004,0,0,0.1111111111111111
744,903,903,949,0,0.1730300486087799,0.9500000000000004,0,0,0.16666666666666666
744,903,903,958,0,0.4439358413219452,0.9500000000000004,0,0,0.2
744,903,903,959,0,0.49986544251441956,0.9500000000000004,0,0,0.2
744,903,903,967,0,0.7224279046058655,0.9500000000000004,0,0,0.25
745,911,911,881,0,0.6755725145339966,0.9500000000000004,0,0,1.0
746,967,967,107,0,0.6268764734268188,0.9500000000000004,0,0,0.10526315789473684
746,967,967,1106,0,0.11264930665493011,0.9500000000000004,0,0,0.07692307692307693
746,967,967,1109,0,0.7273756861686707,0.9500000000000004,0,0,0.16666666666666666
746,967,967,1131,0,0.18601368367671967,0.9500000000000004,0,0,0.1111111111111111
746,967,967,1139,0,0.27428409457206726,0.9500000000000004,0,0,0.14285714285714285
746,967,967,1140,0,0.2898047864437103,0.9500000000000004,0,0,0.16666666666666666
746,967,967,1150,0,0.4807056486606598,0.9500000000000004,0,0,0.2
746,967,967,1151,0,0.7909576892852783,0.9500000000000004,0,0,0.5
746,967,967,1152,0,0.9012764692306519,0.9500000000000004,0,0,1.0
746,967,967,882,0,0.5404002070426941,0.9500000000000004,0,0,0.05263157894736842
746,967,967,903,0,0.6645809412002563,0.9500000000000004,0,0,0.05263157894736842
746,967,967,943,0,0.6214296221733093,0.9500000000000004,0,0,0.10526315789473684
746,967,967,945,0,0.4713452160358429,0.9500000000000004,0,0,0.10526315789473684
746,967,967,956,0,0.0915236845612526,0.9500000000000004,0,0,0.05555555555555555
746,967,967,966,0,0.40495628118515015,0.9500000000000004,0,0,0.10526315789473684
746,967,967,969,0,0.20003460347652435,0.9500000000000004,0,0,0.08333333333333333
746,967,967,974,0,0.1485183835029602,0.9500000000000004,0,0,0.058823529411764705
746,967,967,975,0,0.37960532307624817,0.9500000000000004,0,0,0.06666666666666667
747,1130,1130,1147,0,0.7327100038528442,0.9500000000000004,0,0,1.0
748,1140,1140,967,0,0.8215010762214661,0.9500000000000004,0,1,1.0
749,469,469,107,0,0.5717403888702393,0.9500000000000004,0,0,0.2
749,469,469,1127,0,0.7552152276039124,0.9500000000000004,0,0,1.0
749,469,469,1128,0,0.3518998324871063,0.9500000000000004,0,0,0.25
749,469,469,1137,0,0.29251575469970703,0.9500000000000004,0,0,0.25
749,469,469,1149,0,0.5077328085899353,0.9500000000000004,0,0,0.5
749,469,469,901,0,0.30644622445106506,0.9500000000000004,0,0,0.2
749,469,469,903,0,0.5113127827644348,0.9500000000000004,0,1,0.2
750,1148,1148,964,0,0.8011960387229919,0.9500000000000004,0,0,1.0
751,882,882,1150,0,0.4963270425796509,0.9500000000000004,0,0,0.3333333333333333
751,882,882,881,0,0.5263635516166687,0.9500000000000004,0,0,0.14285714285714285
751,882,882,907,0,0.6287879347801208,0.9500000000000004,0,0,0.14285714285714285
751,882,882,912,0,0.7866823077201843,0.9500000000000004,0,0,0.2857142857142857
751,882,882,913,0,0.09000968933105469,0.9500000000000004,0,0,0.14285714285714285
751,882,882,926,0,0.4706234633922577,0.9500000000000004,0,0,0.16666666666666666
751,882,882,937,0,0.38754740357398987,0.9500000000000004,0,0,0.16666666666666666
751,882,882,940,0,0.3876183331012726,0.9500000000000004,0,0,0.16666666666666666
751,882,882,967,0,0.6993551254272461,0.9500000000000004,0,0,0.16666666666666666
752,967,967,107,0,0.5904335975646973,0.9500000000000004,0,0,0.09523809523809523
752,967,967,1106,0,0.0986621156334877,0.9500000000000004,0,0,0.06666666666666667
752,967,967,1109,0,0.648681640625,0.9500000000000004,0,0,0.14285714285714285
752,967,967,1131,0,0.15891601145267487,0.9500000000000004,0,0,0.09090909090909091
752,967,967,1139,0,0.219941183924675,0.9500000000000004,0,0,0.1111111111111111
752,967,967,1140,0,0.8486982583999634,0.9500000000000004,0,0,0.25
752,967,967,1150,0,0.3632186949253082,0.9500000000000004,0,0,0.14285714285714285
752,967,967,1151,0,0.5753389596939087,0.9500000000000004,0,0,0.25
752,967,967,1152,0,0.6351584196090698,0.9500000000000004,0,0,0.3333333333333333
752,967,967,1153,0,0.7914626598358154,0.9500000000000004,0,0,0.5
752,967,967,882,0,0.6015766859054565,0.9500000000000004,0,0,0.047619047619047616
752,967,967,903,0,0.6046237349510193,0.9500000000000004,0,0,0.047619047619047616
752,967,967,943,0,0.5594502091407776,0.9500000000000004,0,1,0.09523809523809523
752,967,967,945,0,0.43996474146842957,0.9500000000000004,0,0,0.09523809523809523
752,967,967,956,0,0.08140331506729126,0.9500000000000004,0,0,0.05
752,967,967,966,0,0.3752518594264984,0.9500000000000004,0,0,0.09523809523809523
752,967,967,969,0,0.1776588261127472,0.9500000000000004,0,0,0.07142857142857142
752,967,967,974,0,0.13480320572853088,0.9500000000000004,0,0,0.05263157894736842
752,967,967,975,0,0.324808269739151,0.9500000000000004,0,0,0.058823529411764705
753,900,900,901,0,0.5738860368728638,0.9500000000000004,0,0,1.0
754,957,957,1104,0,0.6958341002464294,0.9500000000000004,0,0,0.2
754,957,957,1122,0,0.27377089858055115,0.9500000000000004,0,0,0.07142857142857142
754,957,957,1136,0,0.6577139496803284,0.9500000000000004,0,0,0.2857142857142857
754,957,957,777,0,0.08609281480312347,0.9500000000000004,0,0,0.041666666666666664
754,957,957,881,0,0.7801018953323364,0.9500000000000004,0,0,0.20833333333333334
754,957,957,884,0,0.48701491951942444,0.9500000000000004,0,0,0.125
754,957,957,885,0,0.8614956736564636,0.9500000000000004,0,0,0.25
754,957,957,886,0,0.6131680011749268,0.9500000000000004,0,0,0.08333333333333333
754,957,957,907,0,0.5904057025909424,0.9500000000000004,0,0,0.08333333333333333
754,957,957,912,0,0.22398532927036285,0.9500000000000004,0,0,0.041666666666666664
754,957,957,926,0,0.33084195852279663,0.9500000000000004,0,0,0.041666666666666664
755,1134,1134,903,0,0.7451550364494324,0.9500000000000004,0,1,1.0
756,903,903,1102,0,0.24066832661628723,0.9500000000000004,0,0,0.125
756,903,903,1105,0,0.47848835587501526,0.9500000000000004,0,0,0.25
756,903,903,1134,0,0.830946683883667,0.9500000000000004,0,0,0.3333333333333333
756,903,903,1151,0,0.43267926573753357,0.9500000000000004,0,0,0.2
756,903,903,469,0,0.6002134084701538,0.9500000000000004,0,0,0.18181818181818182
756,903,903,881,0,0.4575757086277008,0.9500000000000004,0,0,0.07692307692307693
756,903,903,894,0,0.5717668533325195,0.9500000000000004,0,0,0.16666666666666666
756,903,903,901,0,0.2389027625322342,0.9500000000000004,0,1,0.07692307692307693
756,903,903,911,0,0.4038448929786682,0.9500000000000004,0,0,0.1
756,903,903,931,0,0.15670228004455566,0.9500000000000004,0,0,0.07692307692307693
756,903,903,949,0,0.12085346132516861,0.9500000000000004,0,0,0.1
756,903,903,958,0,0.37090328335762024,0.9500000000000004,0,0,0.1111111111111111
756,903,903,959,0,0.454390287399292,0.9500000000000004,0,0,0.1111111111111111
756,903,903,967,0,0.5400221943855286,0.9500000000000004,0,0,0.125
757,900,900,1127,0,0.7008143067359924,0.9500000000000004,0,0,0.5
757,900,900,901,0,0.9449843168258667,0.9500000000000004,0,1,0.6666666666666666
757,900,900,903,0,0.8956047296524048,0.9500000000000004,0,1,0.3333333333333333
758,903,903,1102,0,0.20319153368473053,0.9500000000000004,0,0,0.1
758,903,903,1105,0,0.4263722598552704,0.9500000000000004,0,0,0.16666666666666666
758,903,903,1134,0,0.7868945002555847,0.9500000000000004,0,0,0.25
758,903,903,1151,0,0.39607033133506775,0.9500000000000004,0,0,0.14285714285714285
758,903,903,469,0,0.5929120779037476,0.9500000000000004,0,0,0.15384615384615385
758,903,903,881,0,0.4351362884044647,0.9500000000000004,0,0,0.06666666666666667
758,903,903,894,0,0.5712214708328247,0.9500000000000004,0,0,0.14285714285714285
758,903,903,900,0,0.8571950793266296,0.9500000000000004,0,0,0.2
758,903,903,901,0,0.8900102972984314,0.9500000000000004,0,0,0.2
758,903,903,911,0,0.3782939016819,0.9500000000000004,0,0,0.08333333333333333
758,903,903,931,0,0.10645962506532669,0.9500000000000004,0,0,0.06666666666666667
758,903,903,949,0,0.06620009988546371,0.9500000000000004,0,0,0.08333333333333333
758,903,903,958,0,0.32930657267570496,0.9500000000000004,0,0,0.09090909090909091
758,903,903,959,0,0.40826743841171265,0.9500000000000004,0,0,0.09090909090909091
758,903,903,967,0,0.5113979578018188,0.9500000000000004,0,0,0.1
