commit_idx,seed,source,target,dfs_depth,probability,threshold,accepted,actual_target,cochange_prior
176,34,34,167,0,0.9695245027542114,0.9500000000000004,1,0,0.4166666666666667
176,34,34,173,0,0.17747528851032257,0.9500000000000004,0,0,0.25
176,34,34,180,0,0.7605983018875122,0.9500000000000004,0,0,0.24489795918367346
176,34,34,21,0,0.8814137578010559,0.9500000000000004,0,0,0.20408163265306123
176,34,34,38,0,0.9517049193382263,0.9500000000000004,1,0,0.34615384615384615
176,34,34,389,0,0.8223907947540283,0.9500000000000004,0,0,0.38095238095238093
176,34,34,66,0,0.6561864614486694,0.9500000000000004,0,1,0.24
176,34,34,680,0,0.8760402798652649,0.9500000000000004,0,0,0.375
176,34,34,816,0,0.6875864267349243,0.9500000000000004,0,0,0.6666666666666666
176,34,34,817,0,0.7687621712684631,0.9500000000000004,0,0,0.2857142857142857
176,34,38,173,1,0.12549179792404175,0.9500000000000004,0,0,0.2
176,34,38,180,1,0.6974970102310181,0.9500000000000004,0,0,0.2037037037037037
176,34,38,21,1,0.8436087369918823,0.9500000000000004,0,0,0.2222222222222222
176,34,38,332,1,0.19307366013526917,0.9500000000000004,0,0,0.2222222222222222
176,34,38,389,1,0.8276647329330444,0.9500000000000004,0,0,0.26666666666666666
176,34,38,55,1,0.8596693277359009,0.9500000000000004,0,0,0.35185185185185186
176,34,38,680,1,0.7709594964981079,0.9500000000000004,0,0,0.5897435897435898
176,34,38,736,1,0.5616449117660522,0.9500000000000004,0,0,0.21052631578947367
176,34,38,817,1,0.7197621464729309,0.9500000000000004,0,0,0.3333333333333333
176,34,167,176,1,0.5547996759414673,0.9500000000000004,0,0,0.22916666666666666
176,34,167,180,1,0.7573848366737366,0.9500000000000004,0,0,0.4375
176,34,167,200,1,0.11812948435544968,0.9500000000000004,0,0,0.2
176,34,167,21,1,0.9026685357093811,0.9500000000000004,0,0,0.375
176,34,167,332,1,0.17289191484451294,0.9500000000000004,0,0,0.2
176,34,167,389,1,0.8905117511749268,0.9500000000000004,0,0,0.39473684210526316
176,34,167,55,1,0.8553862571716309,0.9500000000000004,0,0,0.20833333333333334
176,34,167,680,1,0.7740602493286133,0.9500000000000004,0,0,0.5454545454545454
176,34,167,736,1,0.5999274849891663,0.9500000000000004,0,0,0.23076923076923078
176,34,167,817,1,0.814617395401001,0.9500000000000004,0,0,0.5
178,35,35,167,0,0.8131821155548096,0.9500000000000004,0,1,0.5
178,35,35,174,0,0.5526875853538513,0.9500000000000004,0,0,0.5
178,35,35,178,0,0.8784618377685547,0.9500000000000004,0,1,1.0
178,35,35,180,0,0.7815497517585754,0.9500000000000004,0,0,0.5
178,35,35,189,0,0.6449630260467529,0.9500000000000004,0,0,0.5
178,35,35,190,0,0.612402081489563,0.9500000000000004,0,0,0.5
178,35,35,191,0,0.5162380933761597,0.9500000000000004,0,0,0.5
178,35,35,192,0,0.6559902429580688,0.9500000000000004,0,0,0.5
178,35,35,193,0,0.7268521785736084,0.9500000000000004,0,0,0.5
178,35,35,195,0,0.8132369518280029,0.9500000000000004,0,0,1.0
178,35,35,21,0,0.7855274081230164,0.9500000000000004,0,1,0.5
178,35,35,34,0,0.8297595977783203,0.9500000000000004,0,1,0.5
178,35,35,40,0,0.7882753014564514,0.9500000000000004,0,0,1.0
178,35,35,739,0,0.7247675061225891,0.9500000000000004,0,0,1.0
180,178,178,163,0,0.2887745797634125,0.9500000000000004,0,0,0.25
180,178,178,164,0,0.3858485221862793,0.9500000000000004,0,0,0.2222222222222222
180,178,178,167,0,0.988499104976654,0.9500000000000004,1,0,0.9
180,178,178,176,0,0.7478967308998108,0.9500000000000004,0,0,0.6
180,178,178,177,0,0.7214804291725159,0.9500000000000004,0,0,0.6
180,178,178,180,0,0.8454512357711792,0.9500000000000004,0,0,0.5
180,178,178,187,0,0.5884472727775574,0.9500000000000004,0,0,0.2
180,178,178,200,0,0.3022184669971466,0.9500000000000004,0,0,0.5
180,178,178,21,0,0.970607578754425,0.9500000000000004,1,0,0.4
180,178,178,214,0,0.6266721487045288,0.9500000000000004,0,0,0.2222222222222222
180,178,178,332,0,0.41125965118408203,0.9500000000000004,0,0,0.5
180,178,178,34,0,0.9844451546669006,0.9500000000000004,1,0,0.6
180,178,178,35,0,0.7816987037658691,0.9500000000000004,0,0,0.2
180,178,178,38,0,0.9802906513214111,0.9500000000000004,1,0,0.5
180,178,178,389,0,0.9697107672691345,0.9500000000000004,1,0,0.4444444444444444
181,189,189,162,0,0.42061030864715576,0.9500000000000004,0,0,0.2857142857142857
181,189,189,164,0,0.40354976058006287,0.9500000000000004,0,0,0.25
181,189,189,167,0,0.9900100827217102,0.9500000000000004,1,0,0.8571428571428571
181,189,189,176,0,0.659067690372467,0.9500000000000004,0,0,0.2857142857142857
181,189,189,177,0,0.5770215392112732,0.9500000000000004,0,0,0.25
181,189,189,178,0,0.9025154113769531,0.9500000000000004,0,0,0.25
181,189,189,180,0,0.9581855535507202,0.9500000000000004,1,0,0.5714285714285714
181,189,189,190,0,0.7423567771911621,0.9500000000000004,0,0,0.5
181,189,189,193,0,0.9173282384872437,0.9500000000000004,0,0,0.5
181,189,189,194,0,0.6101232767105103,0.9500000000000004,0,1,0.2
181,189,189,195,0,0.5958724617958069,0.9500000000000004,0,1,0.4
181,189,189,21,0,0.8682271242141724,0.9500000000000004,0,0,0.2857142857142857
181,189,189,27,0,0.2836991250514984,0.9500000000000004,0,0,0.25
181,189,189,28,0,0.2836991250514984,0.9500000000000004,0,0,0.25
181,189,189,34,0,0.9413959383964539,0.9500000000000004,0,0,0.42857142857142855
181,189,189,38,0,0.971550703048706,0.9500000000000004,1,0,0.5714285714285714
181,189,189,389,0,0.92171311378479,0.9500000000000004,0,0,0.25
181,189,189,390,0,0.360459566116333,0.9500000000000004,0,0,0.25
181,189,189,392,0,0.36248162388801575,0.9500000000000004,0,0,0.25
181,189,189,50,0,0.6032016277313232,0.9500000000000004,0,0,0.2
181,189,189,55,0,0.8605170845985413,0.9500000000000004,0,0,0.2857142857142857
181,189,189,680,0,0.9598551392555237,0.9500000000000004,1,0,0.5
181,189,189,737,0,0.7520090341567993,0.9500000000000004,0,0,0.25
181,189,189,740,0,0.2836991250514984,0.9500000000000004,0,0,0.25
181,189,189,813,0,0.5544919967651367,0.9500000000000004,0,0,1.0
181,189,680,21,1,0.9219715595245361,0.9500000000000004,0,0,0.20588235294117646
181,189,680,332,1,0.2793973684310913,0.9500000000000004,0,0,0.25
181,189,680,34,1,0.9395060539245605,0.9500000000000004,0,0,0.20588235294117646
181,189,680,389,1,0.9267142415046692,0.9500000000000004,0,0,0.2647058823529412
181,189,680,55,1,0.9467489123344421,0.9500000000000004,0,0,0.2647058823529412
181,189,680,816,1,0.45467251539230347,0.9500000000000004,0,0,0.5
181,189,680,817,1,0.7600836157798767,0.9500000000000004,0,0,0.3333333333333333
181,189,38,21,1,0.9479695558547974,0.9500000000000004,0,0,0.23636363636363636
181,189,38,332,1,0.24073109030723572,0.9500000000000004,0,0,0.2
181,189,38,34,1,0.9601262807846069,0.9500000000000004,1,0,0.3392857142857143
182,563,563,412,0,0.5733494162559509,0.9500000000000004,0,0,1.0
182,563,563,568,0,0.5733494162559509,0.9500000000000004,0,0,1.0
182,563,563,569,0,0.5733494162559509,0.9500000000000004,0,0,1.0
182,563,563,581,0,0.5733494162559509,0.9500000000000004,0,0,1.0
182,563,563,728,0,0.5733494162559509,0.9500000000000004,0,0,1.0
182,563,563,729,0,0.5733494162559509,0.9500000000000004,0,0,1.0
183,368,368,167,0,0.9314380288124084,0.9500000000000004,0,0,0.2857142857142857
183,368,368,187,0,0.7103476524353027,0.9500000000000004,0,0,0.42857142857142855
183,368,368,34,0,0.936955988407135,0.9500000000000004,0,0,0.5714285714285714
183,368,368,363,0,0.31943124532699585,0.9500000000000004,0,0,0.25
183,368,368,365,0,0.5916804075241089,0.9500000000000004,0,0,0.2857142857142857
183,368,368,367,0,0.7051836252212524,0.9500000000000004,0,0,0.42857142857142855
183,368,368,374,0,0.44904625415802,0.9500000000000004,0,0,0.4
183,368,368,38,0,0.9702210426330566,0.9500000000000004,1,0,0.5714285714285714
183,368,368,46,0,0.6428503394126892,0.9500000000000004,0,0,0.2857142857142857
183,368,368,55,0,0.9272310137748718,0.9500000000000004,0,0,0.2857142857142857
183,368,368,680,0,0.955251157283783,0.9500000000000004,1,0,0.6666666666666666
183,368,368,707,0,0.9236646890640259,0.9500000000000004,0,0,1.0
183,368,368,811,0,0.49443137645721436,0.9500000000000004,0,0,0.5
183,368,680,167,1,0.9690333604812622,0.9500000000000004,1,0,0.5588235294117647
183,368,680,180,1,0.7856382131576538,0.9500000000000004,0,0,0.2647058823529412
183,368,680,21,1,0.910961389541626,0.9500000000000004,0,0,0.20588235294117646
183,368,680,332,1,0.3339598476886749,0.9500000000000004,0,0,0.25
183,368,680,34,1,0.92926025390625,0.9500000000000004,0,0,0.20588235294117646
183,368,680,389,1,0.9127010703086853,0.9500000000000004,0,0,0.2647058823529412
183,368,680,55,1,0.9399133324623108,0.9500000000000004,0,0,0.2647058823529412
183,368,680,816,1,0.45261475443840027,0.9500000000000004,0,0,0.5
183,368,680,817,1,0.7779079675674438,0.9500000000000004,0,0,0.3333333333333333
183,368,167,176,2,0.6553458571434021,0.9500000000000004,0,0,0.22448979591836735
183,368,167,180,2,0.8315181732177734,0.9500000000000004,0,0,0.42857142857142855
183,368,167,21,2,0.9646497964859009,0.9500000000000004,1,0,0.3877551020408163
183,368,167,34,2,0.97139972448349,0.9500000000000004,1,0,0.42857142857142855
184,817,817,167,0,0.926006555557251,0.9500000000000004,0,0,0.3
184,817,817,192,0,0.5431389212608337,0.9500000000000004,0,0,0.2
184,817,817,193,0,0.8416202068328857,0.9500000000000004,0,0,0.4
184,817,817,194,0,0.830532968044281,0.9500000000000004,0,0,0.2
184,817,817,21,0,0.9393054246902466,0.9500000000000004,0,0,0.3
184,817,817,34,0,0.8751563429832458,0.9500000000000004,0,0,0.2
184,817,817,38,0,0.9318564534187317,0.9500000000000004,0,0,0.3
184,817,817,384,0,0.8752868175506592,0.9500000000000004,0,0,0.2
184,817,817,389,0,0.8859551548957825,0.9500000000000004,0,0,0.2
184,817,817,55,0,0.9513117671012878,0.9500000000000004,1,0,0.4
184,817,817,680,0,0.8674657344818115,0.9500000000000004,0,1,0.3
184,817,817,736,0,0.6162926554679871,0.9500000000000004,0,0,0.2
184,817,817,815,0,0.32941389083862305,0.9500000000000004,0,0,0.5
184,817,55,167,1,0.9538294672966003,0.9500000000000004,1,0,0.4230769230769231
184,817,55,173,1,0.1709585189819336,0.9500000000000004,0,0,0.2
184,817,55,21,1,0.974518358707428,0.9500000000000004,1,0,0.6153846153846154
184,817,55,332,1,0.3153073191642761,0.9500000000000004,0,0,0.2222222222222222
184,817,55,34,1,0.9416845440864563,0.9500000000000004,0,0,0.3076923076923077
184,817,55,38,1,0.9770097732543945,0.9500000000000004,1,0,0.7692307692307693
184,817,55,384,1,0.9462047815322876,0.9500000000000004,0,0,0.38095238095238093
184,817,55,389,1,0.9268263578414917,0.9500000000000004,0,0,0.23809523809523808
184,817,55,680,1,0.9474438428878784,0.9500000000000004,0,1,0.47368421052631576
184,817,55,736,1,0.6118770241737366,0.9500000000000004,0,0,0.21428571428571427
184,817,55,815,1,0.23196569085121155,0.9500000000000004,0,0,0.3333333333333333
184,817,38,180,2,0.7585418820381165,0.9500000000000004,0,0,0.2
184,817,38,332,2,0.2770978510379791,0.9500000000000004,0,0,0.2
184,817,38,34,2,0.9339087009429932,0.9500000000000004,0,0,0.3392857142857143
184,817,38,389,2,0.9275426864624023,0.9500000000000004,0,0,0.2826086956521739
184,817,38,680,2,0.9476894736289978,0.9500000000000004,0,1,0.6
184,817,38,736,2,0.5718120336532593,0.9500000000000004,0,0,0.2
184,817,21,173,2,0.1620534509420395,0.9500000000000004,0,0,0.2
184,817,21,176,2,0.6591188311576843,0.9500000000000004,0,0,0.21875
184,817,21,180,2,0.8679978251457214,0.9500000000000004,0,0,0.24242424242424243
184,817,21,332,2,0.3068433105945587,0.9500000000000004,0,0,0.25
184,817,21,34,2,0.9528570175170898,0.9500000000000004,1,0,0.3333333333333333
185,177,177,164,0,0.44463223218917847,0.9500000000000004,0,0,0.25
185,177,177,167,0,0.9648650288581848,0.9500000000000004,1,1,0.8
185,177,177,176,0,0.8122178316116333,0.9500000000000004,0,1,0.7
185,177,177,178,0,0.929833710193634,0.9500000000000004,0,1,0.6
185,177,177,180,0,0.9244288206100464,0.9500000000000004,0,0,0.6
185,177,177,187,0,0.6020511388778687,0.9500000000000004,0,0,0.2
185,177,177,21,0,0.847314178943634,0.9500000000000004,0,0,0.3
185,177,177,34,0,0.9067779183387756,0.9500000000000004,0,0,0.4
185,177,177,38,0,0.9226823449134827,0.9500000000000004,0,0,0.5
185,177,177,383,0,0.5065383315086365,0.9500000000000004,0,0,0.3333333333333333
185,177,177,389,0,0.8872474431991577,0.9500000000000004,0,0,0.375
185,177,177,55,0,0.8156887292861938,0.9500000000000004,0,0,0.2
185,177,177,680,0,0.9707344770431519,0.9500000000000004,1,1,0.75
185,177,177,741,0,0.5575231909751892,0.9500000000000004,0,0,0.4
185,177,177,746,0,0.48222240805625916,0.9500000000000004,0,0,0.5
185,177,177,747,0,0.3311174511909485,0.9500000000000004,0,0,0.5
185,177,177,748,0,0.48222240805625916,0.9500000000000004,0,0,0.5
185,177,680,180,1,0.6750961542129517,0.9500000000000004,0,0,0.2571428571428571
185,177,680,21,1,0.8322436213493347,0.9500000000000004,0,0,0.2
185,177,680,332,1,0.19073718786239624,0.9500000000000004,0,0,0.2222222222222222
185,177,680,34,1,0.8642491698265076,0.9500000000000004,0,0,0.2
185,177,680,38,1,0.9466105699539185,0.9500000000000004,0,0,0.6857142857142857
185,177,680,389,1,0.8238039612770081,0.9500000000000004,0,0,0.2571428571428571
185,177,680,55,1,0.8665932416915894,0.9500000000000004,0,0,0.2571428571428571
185,177,680,816,1,0.22400148212909698,0.9500000000000004,0,0,0.3333333333333333
185,177,680,817,1,0.9176491498947144,0.9500000000000004,0,1,0.4
185,177,167,176,1,0.6485391855239868,0.9500000000000004,0,1,0.22448979591836735
185,177,167,180,1,0.8262177109718323,0.9500000000000004,0,0,0.42857142857142855
185,177,167,21,1,0.9579587578773499,0.9500000000000004,1,0,0.3877551020408163
185,177,167,34,1,0.9656927585601807,0.9500000000000004,1,0,0.42857142857142855
185,177,167,38,1,0.9668263792991638,0.9500000000000004,1,0,0.4897959183673469
186,7,7,1,0,0.9842966198921204,0.9500000000000004,1,1,0.75
186,7,7,149,0,0.7822070121765137,0.9500000000000004,0,0,0.25
186,7,7,167,0,0.9359089136123657,0.9500000000000004,0,0,0.2
186,7,7,180,0,0.8058066368103027,0.9500000000000004,0,0,0.2
186,7,7,2,0,0.605193018913269,0.9500000000000004,0,0,0.4444444444444444
186,7,7,38,0,0.9453970193862915,0.9500000000000004,0,0,0.2727272727272727
186,7,7,682,0,0.2376863956451416,0.9500000000000004,0,0,0.25
186,7,7,73,0,0.5113099813461304,0.9500000000000004,0,0,0.25
186,7,7,737,0,0.6527407765388489,0.9500000000000004,0,0,0.25
186,7,7,789,0,0.321461021900177,0.9500000000000004,0,0,0.25
186,7,7,795,0,0.2376863956451416,0.9500000000000004,0,0,0.25
186,7,1,173,1,0.32214075326919556,0.9500000000000004,0,0,0.5
186,7,1,34,1,0.9050167202949524,0.9500000000000004,0,1,0.2
187,817,817,167,0,0.9585638642311096,0.9500000000000004,1,1,0.3333333333333333
187,817,817,193,0,0.7286298274993896,0.9500000000000004,0,0,0.3333333333333333
187,817,817,21,0,0.8668057322502136,0.9500000000000004,0,0,0.25
187,817,817,38,0,0.868617832660675,0.9500000000000004,0,1,0.25
187,817,817,55,0,0.8748277425765991,0.9500000000000004,0,0,0.3333333333333333
187,817,817,680,0,0.9807407259941101,0.9500000000000004,1,1,0.4166666666666667
187,817,817,815,0,0.20473697781562805,0.9500000000000004,0,0,0.25
187,817,680,180,1,0.7655698657035828,0.9500000000000004,0,0,0.25
187,817,680,332,1,0.29654115438461304,0.9500000000000004,0,0,0.2
187,817,680,38,1,0.9352062940597534,0.9500000000000004,0,1,0.6666666666666666
187,817,680,389,1,0.8831074833869934,0.9500000000000004,0,1,0.25
187,817,680,55,1,0.8915074467658997,0.9500000000000004,0,0,0.25
187,817,680,816,1,0.32894861698150635,0.9500000000000004,0,0,0.25
187,817,167,176,1,0.9366798996925354,0.9500000000000004,0,0,0.24
187,817,167,178,1,0.9419533610343933,0.9500000000000004,0,0,0.2127659574468085
187,817,167,180,1,0.8030454516410828,0.9500000000000004,0,0,0.42
187,817,167,21,1,0.917705237865448,0.9500000000000004,0,0,0.38
187,817,167,34,1,0.9756870269775391,0.9500000000000004,1,0,0.42
187,817,167,38,1,0.9327521920204163,0.9500000000000004,0,1,0.48
187,817,167,389,1,0.9063709378242493,0.9500000000000004,0,1,0.4
187,817,167,55,1,0.8912615180015564,0.9500000000000004,0,0,0.22
187,817,167,736,1,0.5403726696968079,0.9500000000000004,0,0,0.2
187,817,34,180,2,0.7155651450157166,0.9500000000000004,0,0,0.23076923076923078
187,817,34,21,2,0.8603516221046448,0.9500000000000004,0,0,0.21153846153846154
187,817,34,38,2,0.8934515714645386,0.9500000000000004,0,1,0.34545454545454546
187,817,34,389,2,0.8532854914665222,0.9500000000000004,0,1,0.375
187,817,34,66,2,0.8921203017234802,0.9500000000000004,0,0,0.2641509433962264
187,817,34,816,2,0.3433513045310974,0.9500000000000004,0,0,0.3333333333333333
188,811,811,0,0,0.3613397479057312,0.9500000000000004,0,0,0.3333333333333333
188,811,811,1,0,0.9504033923149109,0.9500000000000004,1,0,0.3333333333333333
188,811,811,167,0,0.8875506520271301,0.9500000000000004,0,0,0.3333333333333333
188,811,811,21,0,0.7970744371414185,0.9500000000000004,0,0,0.3333333333333333
188,811,811,328,0,0.3800971806049347,0.9500000000000004,0,0,0.3333333333333333
188,811,811,34,0,0.9582937955856323,0.9500000000000004,1,0,0.3333333333333333
188,811,811,365,0,0.4792894423007965,0.9500000000000004,0,0,0.3333333333333333
188,811,811,368,0,0.7434244155883789,0.9500000000000004,0,0,0.3333333333333333
188,811,811,38,0,0.8867804408073425,0.9500000000000004,0,0,0.3333333333333333
188,811,811,55,0,0.784670352935791,0.9500000000000004,0,0,0.3333333333333333
188,811,811,680,0,0.8814911246299744,0.9500000000000004,0,0,0.3333333333333333
188,811,811,7,0,0.9339141249656677,0.9500000000000004,0,0,0.3333333333333333
188,811,811,707,0,0.6134182214736938,0.9500000000000004,0,0,0.3333333333333333
188,811,811,812,0,0.29930219054222107,0.9500000000000004,0,0,0.3333333333333333
188,811,34,167,1,0.9703885316848755,0.9500000000000004,1,0,0.4117647058823529
188,811,34,180,1,0.7187911868095398,0.9500000000000004,0,0,0.23076923076923078
188,811,34,21,1,0.861274242401123,0.9500000000000004,0,0,0.21153846153846154
188,811,34,38,1,0.9556966423988342,0.9500000000000004,1,0,0.34545454545454546
188,811,34,389,1,0.9312345385551453,0.9500000000000004,0,0,0.375
188,811,34,66,1,0.8931318521499634,0.9500000000000004,0,0,0.2641509433962264
188,811,34,680,1,0.947384238243103,0.9500000000000004,0,0,0.3684210526315789
188,811,34,816,1,0.3347280025482178,0.9500000000000004,0,0,0.3333333333333333
188,811,34,817,1,0.8360974788665771,0.9500000000000004,0,0,0.2
188,811,38,21,2,0.8063210844993591,0.9500000000000004,0,0,0.23214285714285715
188,811,38,389,2,0.9505816102027893,0.9500000000000004,1,0,0.2978723404255319
189,747,747,167,0,0.9224022030830383,0.9500000000000004,0,1,1.0
189,747,747,177,0,0.8972684144973755,0.9500000000000004,0,1,1.0
189,747,747,178,0,0.8991669416427612,0.9500000000000004,0,0,1.0
189,747,747,180,0,0.8777468204498291,0.9500000000000004,0,1,1.0
189,747,747,34,0,0.918285608291626,0.9500000000000004,0,0,1.0
189,747,747,36,0,0.6434265375137329,0.9500000000000004,0,1,1.0
189,747,747,389,0,0.9167982935905457,0.9500000000000004,0,0,1.0
189,747,747,680,0,0.9209911227226257,0.9500000000000004,0,0,1.0
189,747,747,746,0,0.7121775150299072,0.9500000000000004,0,0,1.0
189,747,747,748,0,0.7121775150299072,0.9500000000000004,0,0,1.0
190,34,34,167,0,0.9709008932113647,0.9500000000000004,1,0,0.4117647058823529
190,34,34,180,0,0.8362894058227539,0.9500000000000004,0,0,0.23076923076923078
190,34,34,21,0,0.8741743564605713,0.9500000000000004,0,0,0.21153846153846154
190,34,34,38,0,0.9429122805595398,0.9500000000000004,0,0,0.34545454545454546
190,34,34,389,0,0.9230982065200806,0.9500000000000004,0,0,0.375
190,34,34,66,0,0.9065146446228027,0.9500000000000004,0,0,0.2641509433962264
190,34,34,680,0,0.9427892565727234,0.9500000000000004,0,0,0.3684210526315789
190,34,34,816,0,0.4016726016998291,0.9500000000000004,0,0,0.3333333333333333
190,34,34,817,0,0.8519691824913025,0.9500000000000004,0,0,0.2
190,34,167,176,1,0.9060555100440979,0.9500000000000004,0,0,0.23076923076923078
190,34,167,177,1,0.9529365301132202,0.9500000000000004,1,0,0.20408163265306123
190,34,167,178,1,0.8941178917884827,0.9500000000000004,0,0,0.20408163265306123
190,34,167,180,1,0.9650459885597229,0.9500000000000004,1,0,0.4230769230769231
190,34,167,21,1,0.8582233190536499,0.9500000000000004,0,0,0.36538461538461536
190,34,167,38,1,0.9646048545837402,0.9500000000000004,1,0,0.4807692307692308
190,34,167,389,1,0.952246367931366,0.9500000000000004,1,0,0.40476190476190477
191,817,817,167,0,0.9782364964485168,0.9500000000000004,1,1,0.42857142857142855
191,817,817,192,0,0.8761828541755676,0.9500000000000004,0,0,0.21428571428571427
191,817,817,193,0,0.718092143535614,0.9500000000000004,0,0,0.2857142857142857
191,817,817,21,0,0.8245587348937988,0.9500000000000004,0,0,0.21428571428571427
191,817,817,38,0,0.944471538066864,0.9500000000000004,0,0,0.2857142857142857
191,817,817,389,0,0.9312387704849243,0.9500000000000004,0,0,0.21428571428571427
191,817,817,55,0,0.8515119552612305,0.9500000000000004,0,0,0.2857142857142857
191,817,817,680,0,0.9724255800247192,0.9500000000000004,1,0,0.42857142857142855
191,817,817,828,0,0.7371037602424622,0.9500000000000004,0,0,1.0
191,817,680,180,1,0.8500719666481018,0.9500000000000004,0,0,0.24324324324324326
191,817,680,38,1,0.9734377861022949,0.9500000000000004,1,0,0.6756756756756757
191,817,680,389,1,0.9440526366233826,0.9500000000000004,0,0,0.2702702702702703
191,817,680,55,1,0.8604551553726196,0.9500000000000004,0,0,0.24324324324324326
191,817,680,816,1,0.2931126356124878,0.9500000000000004,0,0,0.2
191,817,38,21,2,0.848116397857666,0.9500000000000004,0,0,0.23214285714285715
191,817,38,34,2,0.9532984495162964,0.9500000000000004,1,0,0.3333333333333333
191,817,38,389,2,0.9424754977226257,0.9500000000000004,0,0,0.2978723404255319
191,817,38,55,2,0.8672407269477844,0.9500000000000004,0,0,0.35714285714285715
191,817,34,180,3,0.781892716884613,0.9500000000000004,0,0,0.22641509433962265
191,817,34,21,3,0.8151887655258179,0.9500000000000004,0,0,0.20754716981132076
191,817,34,389,3,0.868642270565033,0.9500000000000004,0,0,0.36
191,817,34,66,3,0.8435083627700806,0.9500000000000004,0,0,0.25925925925925924
191,817,34,816,3,0.28232693672180176,0.9500000000000004,0,0,0.2857142857142857
191,817,34,829,3,0.6583507657051086,0.9500000000000004,0,0,1.0
191,817,34,830,3,0.6583507657051086,0.9500000000000004,0,0,1.0
191,817,167,176,1,0.8976502418518066,0.9500000000000004,0,0,0.23076923076923078
191,817,167,177,1,0.941470742225647,0.9500000000000004,0,0,0.20408163265306123
191,817,167,178,1,0.8824709057807922,0.9500000000000004,0,0,0.20408163265306123
191,817,167,180,1,0.9588909149169922,0.9500000000000004,1,0,0.4230769230769231
192,73,73,1,0,0.9628458023071289,0.9500000000000004,1,1,1.0
192,73,73,149,0,0.850127100944519,0.9500000000000004,0,0,0.75
192,73,73,156,0,0.2620248794555664,0.9500000000000004,0,0,0.25
192,73,73,157,0,0.2620248794555664,0.9500000000000004,0,0,0.25
192,73,73,158,0,0.2620248794555664,0.9500000000000004,0,0,0.25
192,73,73,167,0,0.848953902721405,0.9500000000000004,0,0,0.3333333333333333
192,73,73,168,0,0.3451680541038513,0.9500000000000004,0,0,0.3333333333333333
192,73,73,180,0,0.8133040070533752,0.9500000000000004,0,0,0.3333333333333333
192,73,73,198,0,0.3464026153087616,0.9500000000000004,0,0,0.3333333333333333
192,73,73,2,0,0.6544646620750427,0.9500000000000004,0,0,1.0
192,73,73,6,0,0.29984766244888306,0.9500000000000004,0,0,0.25
192,73,73,7,0,0.8942810893058777,0.9500000000000004,0,0,0.75
192,73,1,173,1,0.2053198218345642,0.9500000000000004,0,0,0.25
192,73,1,34,1,0.9784195423126221,0.9500000000000004,1,0,0.25925925925925924
192,73,1,7,1,0.9513491988182068,0.9500000000000004,1,0,0.35714285714285715
192,73,1,829,1,0.7519407868385315,0.9500000000000004,0,0,1.0
192,73,1,830,1,0.7519407868385315,0.9500000000000004,0,0,1.0
192,73,7,149,2,0.6962326169013977,0.9500000000000004,0,0,0.23076923076923078
192,73,7,2,2,0.5886721014976501,0.9500000000000004,0,0,0.4
192,73,7,38,2,0.9396020174026489,0.9500000000000004,0,0,0.25
192,73,7,682,2,0.2602649927139282,0.9500000000000004,0,0,0.2
192,73,7,737,2,0.5934984683990479,0.9500000000000004,0,0,0.2
192,73,7,789,2,0.3432362973690033,0.9500000000000004,0,0,0.2
192,73,7,795,2,0.2602649927139282,0.9500000000000004,0,0,0.2
192,73,7,811,2,0.8057608604431152,0.9500000000000004,0,0,0.25
192,73,34,167,2,0.9647913575172424,0.9500000000000004,1,0,0.40384615384615385
192,73,34,180,2,0.7893319725990295,0.9500000000000004,0,0,0.22641509433962265
192,73,34,21,2,0.8338565826416016,0.9500000000000004,0,0,0.20754716981132076
192,73,34,38,2,0.9106509685516357,0.9500000000000004,0,0,0.3392857142857143
192,73,34,389,2,0.8822337985038757,0.9500000000000004,0,0,0.36
192,73,34,66,2,0.8644848465919495,0.9500000000000004,0,0,0.25925925925925924
192,73,34,680,2,0.9115618467330933,0.9500000000000004,0,0,0.35
192,73,34,816,2,0.3241148293018341,0.9500000000000004,0,0,0.2857142857142857
192,73,34,829,2,0.6147898435592651,0.9500000000000004,0,0,1.0
192,73,34,830,2,0.6147898435592651,0.9500000000000004,0,0,1.0
192,73,167,176,3,0.8623297810554504,0.9500000000000004,0,0,0.22641509433962265
192,73,167,177,3,0.912547767162323,0.9500000000000004,0,0,0.2
192,73,167,178,3,0.8371722102165222,0.9500000000000004,0,0,0.2
192,73,167,180,3,0.9390808343887329,0.9500000000000004,0,0,0.41509433962264153
192,73,167,21,3,0.8235827088356018,0.9500000000000004,0,0,0.3584905660377358
192,73,167,38,3,0.93613201379776,0.9500000000000004,0,0,0.4716981132075472
192,73,167,389,3,0.913928210735321,0.9500000000000004,0,0,0.3953488372093023
192,73,167,55,3,0.7946439385414124,0.9500000000000004,0,0,0.20754716981132076
192,73,167,680,3,0.9535938501358032,0.9500000000000004,1,0,0.5526315789473685
193,38,38,167,0,0.9689912796020508,0.9500000000000004,1,1,0.44642857142857145
193,38,38,21,0,0.8421980738639832,0.9500000000000004,0,0,0.23214285714285715
193,38,38,34,0,0.9296485185623169,0.9500000000000004,0,0,0.3333333333333333
193,38,38,389,0,0.928652286529541,0.9500000000000004,0,1,0.2978723404255319
193,38,38,55,0,0.8644964098930359,0.9500000000000004,0,0,0.35714285714285715
193,38,38,680,0,0.957310140132904,0.9500000000000004,1,1,0.6097560975609756
193,38,38,817,0,0.9397489428520203,0.9500000000000004,0,0,0.36363636363636365
193,38,680,180,1,0.8312592506408691,0.9500000000000004,0,0,0.24324324324324326
193,38,680,389,1,0.9305082559585571,0.9500000000000004,0,1,0.2702702702702703
193,38,680,55,1,0.8518638014793396,0.9500000000000004,0,0,0.24324324324324326
193,38,680,816,1,0.29207074642181396,0.9500000000000004,0,0,0.2
193,38,680,817,1,0.9736721515655518,0.9500000000000004,1,0,0.5
193,38,817,192,2,0.827812671661377,0.9500000000000004,0,0,0.2
193,38,817,193,2,0.7035399675369263,0.9500000000000004,0,0,0.26666666666666666
193,38,817,21,2,0.799434244632721,0.9500000000000004,0,0,0.2
193,38,817,389,2,0.8987073302268982,0.9500000000000004,0,1,0.2
193,38,817,55,2,0.8262993693351746,0.9500000000000004,0,0,0.26666666666666666
193,38,817,828,2,0.5067442655563354,0.9500000000000004,0,0,0.5
193,38,167,176,1,0.8743449449539185,0.9500000000000004,0,0,0.22641509433962265
193,38,167,177,1,0.9145658016204834,0.9500000000000004,0,0,0.2
193,38,167,178,1,0.851044237613678,0.9500000000000004,0,0,0.2
193,38,167,180,1,0.9403525590896606,0.9500000000000004,0,0,0.41509433962264153
193,38,167,21,1,0.8344732522964478,0.9500000000000004,0,0,0.3584905660377358
193,38,167,34,1,0.8912836909294128,0.9500000000000004,0,0,0.39622641509433965
193,38,167,389,1,0.9213911890983582,0.9500000000000004,0,1,0.3953488372093023
193,38,167,55,1,0.8106958270072937,0.9500000000000004,0,0,0.20754716981132076
193,38,167,828,1,0.44272664189338684,0.9500000000000004,0,0,0.5
194,194,194,167,0,0.963508665561676,0.9500000000000004,1,1,0.6666666666666666
194,194,194,175,0,0.12380361557006836,0.9500000000000004,0,0,0.2
194,194,194,189,0,0.5598280429840088,0.9500000000000004,0,0,0.3333333333333333
194,194,194,192,0,0.5228129625320435,0.9500000000000004,0,1,0.3333333333333333
194,194,194,193,0,0.4695863425731659,0.9500000000000004,0,1,0.3333333333333333
194,194,194,195,0,0.39431390166282654,0.9500000000000004,0,0,0.3333333333333333
194,194,194,21,0,0.7814923524856567,0.9500000000000004,0,1,0.5
194,194,194,367,0,0.22755661606788635,0.9500000000000004,0,0,0.2
194,194,194,38,0,0.9730147123336792,0.9500000000000004,1,1,0.8333333333333334
194,194,194,384,0,0.6627017259597778,0.9500000000000004,0,1,0.4
194,194,194,389,0,0.942390501499176,0.9500000000000004,0,1,0.6
194,194,194,40,0,0.700075089931488,0.9500000000000004,0,0,0.2
194,194,194,55,0,0.7613418698310852,0.9500000000000004,0,1,0.5
194,194,194,680,0,0.9017757773399353,0.9500000000000004,0,0,0.4
194,194,194,704,0,0.1574624925851822,0.9500000000000004,0,0,0.2
194,194,194,706,0,0.22755661606788635,0.9500000000000004,0,0,0.2
194,194,194,707,0,0.3644882142543793,0.9500000000000004,0,0,0.2
194,194,194,736,0,0.49832668900489807,0.9500000000000004,0,1,0.6
194,194,194,817,0,0.8383954763412476,0.9500000000000004,0,1,0.5
194,194,194,820,0,0.1642928570508957,0.9500000000000004,0,0,0.5
194,194,38,21,1,0.7140578627586365,0.9500000000000004,0,1,0.22807017543859648
194,194,38,34,1,0.8280922770500183,0.9500000000000004,0,0,0.3275862068965517
194,194,38,389,1,0.9355296492576599,0.9500000000000004,0,1,0.3125
194,194,38,55,1,0.7297438979148865,0.9500000000000004,0,1,0.3508771929824561
194,194,38,680,1,0.9620634913444519,0.9500000000000004,1,0,0.6190476190476191
194,194,38,817,1,0.7726881504058838,0.9500000000000004,0,1,0.3333333333333333
194,194,680,180,2,0.7043765783309937,0.9500000000000004,0,0,0.23684210526315788
194,194,680,389,2,0.9305118322372437,0.9500000000000004,0,1,0.2894736842105263
194,194,680,55,2,0.7020810842514038,0.9500000000000004,0,1,0.23684210526315788
194,194,680,817,2,0.8926281929016113,0.9500000000000004,0,1,0.46153846153846156
194,194,167,176,1,0.6909509897232056,0.9500000000000004,0,0,0.2222222222222222
194,194,167,180,1,0.8459590673446655,0.9500000000000004,0,0,0.4074074074074074
194,194,167,21,1,0.7162415385246277,0.9500000000000004,0,1,0.35185185185185186
194,194,167,34,1,0.8068585991859436,0.9500000000000004,0,0,0.3888888888888889
194,194,167,389,1,0.9342232346534729,0.9500000000000004,0,1,0.4090909090909091
194,194,167,55,1,0.6642231345176697,0.9500000000000004,0,1,0.2037037037037037
194,194,167,817,1,0.9078903198242188,0.9500000000000004,0,1,0.5833333333333334
194,194,167,828,1,0.15803895890712738,0.9500000000000004,0,0,0.3333333333333333
195,680,680,167,0,0.9769232869148254,0.9500000000000004,1,0,0.5789473684210527
195,680,680,180,0,0.7421432137489319,0.9500000000000004,0,0,0.23684210526315788
195,680,680,38,0,0.9782309532165527,0.9500000000000004,1,1,0.6842105263157895
195,680,680,389,0,0.951601505279541,0.9500000000000004,1,0,0.2894736842105263
195,680,680,55,0,0.8980220556259155,0.9500000000000004,0,0,0.23684210526315788
195,680,680,817,0,0.9577275514602661,0.9500000000000004,1,0,0.46153846153846156
195,680,817,192,1,0.8233588337898254,0.9500000000000004,0,0,0.25
195,680,817,193,1,0.8580933213233948,0.9500000000000004,0,0,0.3125
195,680,817,21,1,0.8981626033782959,0.9500000000000004,0,0,0.25
195,680,817,55,1,0.9049983620643616,0.9500000000000004,0,0,0.3125
195,680,817,828,1,0.18419642746448517,0.9500000000000004,0,0,0.3333333333333333
195,680,389,163,1,0.1656520515680313,0.9500000000000004,0,0,0.2
195,680,389,180,1,0.7752687335014343,0.9500000000000004,0,0,0.30434782608695654
195,680,389,193,1,0.9090009331703186,0.9500000000000004,0,0,0.21739130434782608
195,680,389,21,1,0.959135890007019,0.9500000000000004,1,0,0.30434782608695654
196,38,38,167,0,0.9799222946166992,0.9500000000000004,1,0,0.4576271186440678
196,38,38,21,0,0.9355816841125488,0.9500000000000004,0,0,0.23728813559322035
196,38,38,34,0,0.8503525257110596,0.9500000000000004,0,0,0.31666666666666665
196,38,38,384,0,0.9042753577232361,0.9500000000000004,0,0,0.2
196,38,38,389,0,0.9669546484947205,0.9500000000000004,1,0,0.32
196,38,38,55,0,0.9429767727851868,0.9500000000000004,0,0,0.3559322033898305
196,38,38,680,0,0.9791025519371033,0.9500000000000004,1,0,0.6136363636363636
196,38,38,736,0,0.7932636737823486,0.9500000000000004,0,0,0.20833333333333334
196,38,38,817,0,0.9079750180244446,0.9500000000000004,0,0,0.35714285714285715
196,38,680,180,1,0.7005541324615479,0.9500000000000004,0,0,0.23076923076923078
196,38,680,55,1,0.8632892966270447,0.9500000000000004,0,0,0.23076923076923078
196,38,680,817,1,0.9263662099838257,0.9500000000000004,0,0,0.42857142857142855
196,38,389,163,1,0.16575957834720612,0.9500000000000004,0,0,0.2
196,38,389,180,1,0.7866842746734619,0.9500000000000004,0,0,0.30434782608695654
196,38,389,193,1,0.8998156785964966,0.9500000000000004,0,0,0.21739130434782608
196,38,389,21,1,0.9573292136192322,0.9500000000000004,1,0,0.30434782608695654
196,38,389,34,1,0.8972632884979248,0.9500000000000004,0,0,0.391304347826087
196,38,389,384,1,0.9581016302108765,0.9500000000000004,1,0,0.4782608695652174
197,812,812,0,0,0.6737753748893738,0.9500000000000004,0,0,1.0
197,812,812,811,0,0.847314178943634,0.9500000000000004,0,1,1.0
198,817,817,167,0,0.9428373575210571,0.9500000000000004,0,0,0.47058823529411764
198,817,817,192,0,0.7722784280776978,0.9500000000000004,0,0,0.23529411764705882
198,817,817,193,0,0.8304070234298706,0.9500000000000004,0,0,0.29411764705882354
198,817,817,21,0,0.8781265020370483,0.9500000000000004,0,0,0.23529411764705882
198,817,817,38,0,0.929180920124054,0.9500000000000004,0,0,0.29411764705882354
198,817,817,389,0,0.8777327537536621,0.9500000000000004,0,0,0.23529411764705882
198,817,817,55,0,0.8827316761016846,0.9500000000000004,0,0,0.29411764705882354
198,817,817,680,0,0.8476237058639526,0.9500000000000004,0,0,0.35294117647058826
198,817,817,827,0,0.6178284883499146,0.9500000000000004,0,0,0.25
198,817,817,828,0,0.16624176502227783,0.9500000000000004,0,0,0.25
198,817,817,829,0,0.6340570449829102,0.9500000000000004,0,0,0.3333333333333333
198,817,817,831,0,0.6412660479545593,0.9500000000000004,0,0,1.0
198,817,817,832,0,0.6412660479545593,0.9500000000000004,0,0,1.0
199,193,193,167,0,0.9721419215202332,0.9500000000000004,1,1,0.8888888888888888
199,193,193,180,0,0.7817177772521973,0.9500000000000004,0,1,0.3333333333333333
199,193,193,189,0,0.6468450427055359,0.9500000000000004,0,0,0.3333333333333333
199,193,193,190,0,0.4423346221446991,0.9500000000000004,0,0,0.2222222222222222
199,193,193,192,0,0.8777530789375305,0.9500000000000004,0,0,0.4444444444444444
199,193,193,194,0,0.8703367710113525,0.9500000000000004,0,0,0.375
199,193,193,200,0,0.1951357126235962,0.9500000000000004,0,0,0.2
199,193,193,21,0,0.9515106081962585,0.9500000000000004,1,0,0.5555555555555556
199,193,193,332,0,0.2596138119697571,0.9500000000000004,0,0,0.2
199,193,193,34,0,0.7993634343147278,0.9500000000000004,0,0,0.2222222222222222
199,193,193,38,0,0.960097074508667,0.9500000000000004,1,0,0.5555555555555556
199,193,193,384,0,0.904599130153656,0.9500000000000004,0,0,0.375
199,193,193,389,0,0.9518911242485046,0.9500000000000004,1,0,0.625
199,193,193,55,0,0.9363232254981995,0.9500000000000004,0,0,0.4444444444444444
199,193,193,680,0,0.8460211753845215,0.9500000000000004,0,0,0.375
199,193,193,736,0,0.8374643921852112,0.9500000000000004,0,0,0.375
199,193,193,817,0,0.9718660116195679,0.9500000000000004,1,1,0.8333333333333334
200,33,33,167,0,0.9152690172195435,0.9500000000000004,0,0,0.25
200,33,33,180,0,0.94952791929245,0.9500000000000004,0,0,0.25
200,33,33,186,0,0.36116766929626465,0.9500000000000004,0,0,0.2
200,33,33,203,0,0.34690016508102417,0.9500000000000004,0,0,0.25
200,33,33,215,0,0.7046807408332825,0.9500000000000004,0,0,0.36363636363636365
200,33,33,34,0,0.9481897354125977,0.9500000000000004,0,0,0.5
200,33,33,38,0,0.9231327772140503,0.9500000000000004,0,0,0.3333333333333333
200,33,33,380,0,0.7213740348815918,0.9500000000000004,0,0,0.375
200,33,33,384,0,0.9058746099472046,0.9500000000000004,0,0,0.42857142857142855
200,33,33,389,0,0.8260653018951416,0.9500000000000004,0,0,0.2857142857142857
200,33,33,391,0,0.45005419850349426,0.9500000000000004,0,0,0.2857142857142857
200,33,33,55,0,0.8943179249763489,0.9500000000000004,0,0,0.25
200,33,33,65,0,0.7003775238990784,0.9500000000000004,0,0,0.25
200,33,33,66,0,0.7855319976806641,0.9500000000000004,0,0,0.4166666666666667
200,33,33,680,0,0.9499788880348206,0.9500000000000004,0,0,0.5
200,33,33,681,0,0.5851120948791504,0.9500000000000004,0,0,0.6666666666666666
200,33,33,683,0,0.687247097492218,0.9500000000000004,0,0,0.6666666666666666
200,33,33,704,0,0.4042609632015228,0.9500000000000004,0,0,0.25
200,33,33,705,0,0.27645987272262573,0.9500000000000004,0,0,0.25
200,33,33,706,0,0.4932032525539398,0.9500000000000004,0,0,0.25
200,33,33,707,0,0.7460962533950806,0.9500000000000004,0,0,0.5
200,33,33,749,0,0.41292184591293335,0.9500000000000004,0,0,0.5
200,33,33,750,0,0.5265991687774658,0.9500000000000004,0,0,0.5
200,33,33,816,0,0.6817036867141724,0.9500000000000004,0,0,1.0
201,210,210,167,0,0.9441049695014954,0.9500000000000004,0,1,0.42857142857142855
201,210,210,180,0,0.9322735667228699,0.9500000000000004,0,0,0.2857142857142857
201,210,210,203,0,0.3474780321121216,0.9500000000000004,0,0,0.2
201,210,210,204,0,0.448313444852829,0.9500000000000004,0,1,0.5
201,210,210,260,0,0.44266265630722046,0.9500000000000004,0,0,0.2
201,210,210,296,0,0.41640615463256836,0.9500000000000004,0,0,0.25
201,210,210,297,0,0.41640615463256836,0.9500000000000004,0,0,0.25
201,210,210,38,0,0.9808627367019653,0.9500000000000004,1,1,0.8571428571428571
201,210,210,41,0,0.929455578327179,0.9500000000000004,0,1,0.7142857142857143
201,210,210,46,0,0.865168035030365,0.9500000000000004,0,0,0.7142857142857143
201,210,210,54,0,0.5319839715957642,0.9500000000000004,0,0,0.2
201,210,210,55,0,0.9127514958381653,0.9500000000000004,0,0,0.2857142857142857
201,210,210,680,0,0.9807502627372742,0.9500000000000004,1,0,1.0
201,210,210,704,0,0.4024354815483093,0.9500000000000004,0,0,0.2
201,210,210,705,0,0.28718748688697815,0.9500000000000004,0,1,0.2
201,210,210,706,0,0.4829408526420593,0.9500000000000004,0,1,0.2
201,210,210,707,0,0.7366349697113037,0.9500000000000004,0,0,0.4
201,210,680,167,1,0.978580892086029,0.9500000000000004,1,1,0.5641025641025641
201,210,680,180,1,0.8598414659500122,0.9500000000000004,0,0,0.23076923076923078
201,210,680,389,1,0.9326075315475464,0.9500000000000004,0,0,0.28205128205128205
201,210,680,55,1,0.8829140663146973,0.9500000000000004,0,0,0.23076923076923078
201,210,680,817,1,0.9765017628669739,0.9500000000000004,1,1,0.42857142857142855
201,210,817,192,2,0.581005871295929,0.9500000000000004,0,0,0.2
201,210,817,193,2,0.8961004614830017,0.9500000000000004,0,0,0.3
201,210,817,21,2,0.7970553040504456,0.9500000000000004,0,0,0.2
201,210,817,389,2,0.7772167921066284,0.9500000000000004,0,0,0.2
201,210,817,55,2,0.7987548112869263,0.9500000000000004,0,0,0.25
201,210,817,831,2,0.23877812922000885,0.9500000000000004,0,0,0.25
201,210,817,832,2,0.23877812922000885,0.9500000000000004,0,0,0.25
201,210,817,833,2,0.2895071804523468,0.9500000000000004,0,0,0.3333333333333333
201,210,167,176,2,0.7870819568634033,0.9500000000000004,0,0,0.21428571428571427
201,210,167,180,2,0.9636848568916321,0.9500000000000004,1,0,0.4107142857142857
202,210,210,167,0,0.9659756422042847,0.9500000000000004,1,0,0.5
202,210,210,180,0,0.8094578981399536,0.9500000000000004,0,0,0.25
202,210,210,204,0,0.8896847367286682,0.9500000000000004,0,0,0.6666666666666666
202,210,210,296,0,0.3263237774372101,0.9500000000000004,0,0,0.2
202,210,210,297,0,0.3263237774372101,0.9500000000000004,0,0,0.2
202,210,210,33,0,0.9230571985244751,0.9500000000000004,0,0,0.25
202,210,210,38,0,0.9886111617088318,0.9500000000000004,1,1,0.875
202,210,210,41,0,0.9648199677467346,0.9500000000000004,1,0,0.75
202,210,210,46,0,0.6838124990463257,0.9500000000000004,0,1,0.625
202,210,210,55,0,0.76662677526474,0.9500000000000004,0,0,0.25
202,210,210,680,0,0.901483416557312,0.9500000000000004,0,1,0.8333333333333334
202,210,210,705,0,0.8045552372932434,0.9500000000000004,0,0,0.3333333333333333
202,210,210,706,0,0.8799436092376709,0.9500000000000004,0,1,0.3333333333333333
202,210,210,707,0,0.5950151681900024,0.9500000000000004,0,1,0.3333333333333333
202,210,210,817,0,0.9536231756210327,0.9500000000000004,1,1,1.0
202,210,817,193,1,0.8796185255050659,0.9500000000000004,0,0,0.2857142857142857
202,210,817,55,1,0.8135132193565369,0.9500000000000004,0,0,0.23809523809523808
202,210,817,680,1,0.817357063293457,0.9500000000000004,0,1,0.2857142857142857
202,210,817,831,1,0.26853105425834656,0.9500000000000004,0,0,0.2
202,210,817,832,1,0.26853105425834656,0.9500000000000004,0,0,0.2
202,210,817,833,1,0.31055745482444763,0.9500000000000004,0,0,0.25
202,210,41,204,1,0.8650621771812439,0.9500000000000004,0,0,0.5
202,210,41,46,1,0.6158159375190735,0.9500000000000004,0,1,0.4166666666666667
202,210,41,680,1,0.8529155850410461,0.9500000000000004,0,1,0.5
202,210,41,705,1,0.7644641995429993,0.9500000000000004,0,0,0.2
202,210,41,706,1,0.8550252318382263,0.9500000000000004,0,1,0.2
202,210,41,824,1,0.29082930088043213,0.9500000000000004,0,0,0.5
202,210,41,826,1,0.29082930088043213,0.9500000000000004,0,0,0.5
202,210,38,21,1,0.8467679023742676,0.9500000000000004,0,0,0.22950819672131148
202,210,38,34,1,0.8242203593254089,0.9500000000000004,0,0,0.3064516129032258
202,210,38,389,1,0.8885390162467957,0.9500000000000004,0,0,0.3076923076923077
202,210,38,55,1,0.8721488118171692,0.9500000000000004,0,0,0.3442622950819672
202,210,38,680,1,0.9227609038352966,0.9500000000000004,0,1,0.5869565217391305
202,210,167,176,1,0.7256262898445129,0.9500000000000004,0,0,0.21052631578947367
202,210,167,180,1,0.9219855666160583,0.9500000000000004,0,0,0.40350877192982454
202,210,167,21,1,0.8501532077789307,0.9500000000000004,0,0,0.3508771929824561
202,210,167,34,1,0.8226865530014038,0.9500000000000004,0,0,0.3684210526315789
202,210,167,389,1,0.8866103291511536,0.9500000000000004,0,0,0.40425531914893614
202,210,167,55,1,0.8431426882743835,0.9500000000000004,0,0,0.21052631578947367
202,210,167,680,1,0.8687188625335693,0.9500000000000004,0,1,0.5238095238095238
203,167,167,176,0,0.7699084877967834,0.9500000000000004,0,0,0.21052631578947367
203,167,167,180,0,0.9341150522232056,0.9500000000000004,0,1,0.40350877192982454
203,167,167,21,0,0.8726097941398621,0.9500000000000004,0,0,0.3508771929824561
203,167,167,34,0,0.8487180471420288,0.9500000000000004,0,0,0.3684210526315789
203,167,167,38,0,0.9858339428901672,0.9500000000000004,1,1,0.49122807017543857
203,167,167,389,0,0.90725177526474,0.9500000000000004,0,1,0.40425531914893614
203,167,167,55,0,0.8715618252754211,0.9500000000000004,0,0,0.21052631578947367
203,167,167,680,0,0.9310027956962585,0.9500000000000004,0,1,0.5238095238095238
203,167,167,817,0,0.9783496856689453,0.9500000000000004,1,1,0.6666666666666666
203,167,817,193,1,0.8811364769935608,0.9500000000000004,0,1,0.2727272727272727
203,167,817,55,1,0.8612284660339355,0.9500000000000004,0,0,0.22727272727272727
203,167,817,680,1,0.9677216410636902,0.9500000000000004,1,1,0.3181818181818182
203,167,817,833,1,0.3689263164997101,0.9500000000000004,0,0,0.2
203,167,680,180,2,0.7953782677650452,0.9500000000000004,0,1,0.225
203,167,680,389,2,0.8748977780342102,0.9500000000000004,0,1,0.275
203,167,680,55,2,0.8085209131240845,0.9500000000000004,0,0,0.225
203,167,38,21,1,0.8740680813789368,0.9500000000000004,0,0,0.22580645161290322
203,167,38,34,1,0.8550440669059753,0.9500000000000004,0,0,0.30158730158730157
203,167,38,389,1,0.868624210357666,0.9500000000000004,0,1,0.3018867924528302
203,167,38,55,1,0.8765541315078735,0.9500000000000004,0,0,0.3387096774193548
204,817,817,167,0,0.9795506000518799,0.9500000000000004,1,1,0.4782608695652174
204,817,817,193,0,0.9540234804153442,0.9500000000000004,1,0,0.30434782608695654
204,817,817,38,0,0.981299102306366,0.9500000000000004,1,1,0.34782608695652173
204,817,817,389,0,0.9516482353210449,0.9500000000000004,1,0,0.21739130434782608
204,817,817,55,0,0.8421429395675659,0.9500000000000004,0,0,0.21739130434782608
204,817,817,680,0,0.9761859774589539,0.9500000000000004,1,0,0.34782608695652173
205,707,707,167,0,0.9579246044158936,0.9500000000000004,1,0,0.45454545454545453
205,707,707,175,0,0.18788713216781616,0.9500000000000004,0,0,0.25
205,707,707,21,0,0.7156359553337097,0.9500000000000004,0,0,0.2727272727272727
205,707,707,210,0,0.8558260202407837,0.9500000000000004,0,0,0.2727272727272727
205,707,707,368,0,0.870827853679657,0.9500000000000004,0,1,0.2727272727272727
205,707,707,38,0,0.9821173548698425,0.9500000000000004,1,1,0.6363636363636364
205,707,707,46,0,0.8912461996078491,0.9500000000000004,0,0,0.36363636363636365
205,707,707,680,0,0.9361275434494019,0.9500000000000004,0,1,0.5454545454545454
205,707,707,681,0,0.32718512415885925,0.9500000000000004,0,0,0.25
205,707,707,706,0,0.8515366911888123,0.9500000000000004,0,1,0.36363636363636365
205,707,707,749,0,0.28825655579566956,0.9500000000000004,0,0,0.25
205,707,707,811,0,0.47279825806617737,0.9500000000000004,0,0,0.2
205,707,707,817,0,0.9681130051612854,0.9500000000000004,1,0,0.6666666666666666
205,707,707,824,0,0.7324551939964294,0.9500000000000004,0,0,0.5
205,707,707,836,0,0.7054629921913147,0.9500000000000004,0,0,1.0
205,707,817,193,1,0.8836913704872131,0.9500000000000004,0,0,0.2916666666666667
205,707,817,389,1,0.8938606977462769,0.9500000000000004,0,0,0.20833333333333334
205,707,817,55,1,0.7493336200714111,0.9500000000000004,0,0,0.20833333333333334
205,707,817,680,1,0.9418525695800781,0.9500000000000004,0,1,0.3333333333333333
205,707,817,834,1,0.4008121192455292,0.9500000000000004,0,0,0.5
205,707,817,836,1,0.6483615636825562,0.9500000000000004,0,0,1.0
205,707,38,21,1,0.7945975065231323,0.9500000000000004,0,0,0.21875
205,707,38,34,1,0.7847580313682556,0.9500000000000004,0,0,0.2923076923076923
205,707,38,389,1,0.9111068248748779,0.9500000000000004,0,0,0.3090909090909091
205,707,38,55,1,0.799390971660614,0.9500000000000004,0,0,0.328125
205,707,38,680,1,0.950032651424408,0.9500000000000004,1,1,0.5918367346938775
205,707,38,834,1,0.398312509059906,0.9500000000000004,0,0,0.5
205,707,38,836,1,0.6234090924263,0.9500000000000004,0,0,1.0
205,707,680,180,2,0.9477227926254272,0.9500000000000004,0,0,0.24390243902439024
205,707,680,389,2,0.9605681300163269,0.9500000000000004,1,0,0.2926829268292683
206,38,38,167,0,0.969083845615387,0.9500000000000004,1,0,0.46153846153846156
206,38,38,21,0,0.8212129473686218,0.9500000000000004,0,0,0.2153846153846154
206,38,38,34,0,0.8147385120391846,0.9500000000000004,0,0,0.2878787878787879
206,38,38,389,0,0.9114127159118652,0.9500000000000004,0,0,0.30357142857142855
206,38,38,55,0,0.8249576091766357,0.9500000000000004,0,0,0.3230769230769231
206,38,38,680,0,0.979604959487915,0.9500000000000004,1,0,0.6
206,38,38,817,0,0.9560577273368835,0.9500000000000004,1,1,0.45
206,38,38,834,0,0.3688821792602539,0.9500000000000004,0,0,0.3333333333333333
206,38,38,836,0,0.536527693271637,0.9500000000000004,0,0,0.5
206,38,817,193,1,0.8960670828819275,0.9500000000000004,0,0,0.2916666666666667
206,38,817,389,1,0.9056078791618347,0.9500000000000004,0,0,0.20833333333333334
206,38,817,55,1,0.7876465916633606,0.9500000000000004,0,0,0.20833333333333334
206,38,817,834,1,0.40948042273521423,0.9500000000000004,0,0,0.5
206,38,817,836,1,0.6334654092788696,0.9500000000000004,0,0,1.0
206,38,680,180,1,0.9099102020263672,0.9500000000000004,0,0,0.23809523809523808
206,38,680,389,1,0.9171006679534912,0.9500000000000004,0,0,0.2857142857142857
206,38,680,55,1,0.756400465965271,0.9500000000000004,0,0,0.21428571428571427
206,38,680,834,1,0.4278208315372467,0.9500000000000004,0,0,0.5
206,38,167,176,1,0.7218873500823975,0.9500000000000004,0,0,0.2033898305084746
206,38,167,180,1,0.9352691769599915,0.9500000000000004,0,0,0.4067796610169492
206,38,167,21,1,0.829053521156311,0.9500000000000004,0,0,0.3389830508474576
206,38,167,34,1,0.8129528760910034,0.9500000000000004,0,0,0.3559322033898305
206,38,167,389,1,0.92652428150177,0.9500000000000004,0,0,0.40816326530612246
206,38,167,55,1,0.802937388420105,0.9500000000000004,0,0,0.2033898305084746
206,38,167,834,1,0.40035879611968994,0.9500000000000004,0,0,0.5
206,38,167,836,1,0.6008085608482361,0.9500000000000004,0,0,1.0
207,829,829,1,0,0.8229255676269531,0.9500000000000004,0,1,0.5
207,829,829,34,0,0.813872218132019,0.9500000000000004,0,1,0.5
207,829,829,811,0,0.8296694159507751,0.9500000000000004,0,0,0.5
207,829,829,812,0,0.7026397585868835,0.9500000000000004,0,0,0.5
207,829,829,817,0,0.9543395042419434,0.9500000000000004,1,1,0.5
207,829,829,827,0,0.6988312602043152,0.9500000000000004,0,0,0.5
207,829,829,830,0,0.39041775465011597,0.9500000000000004,0,0,0.5
207,829,829,831,0,0.609793484210968,0.9500000000000004,0,0,1.0
207,829,829,832,0,0.609793484210968,0.9500000000000004,0,0,1.0
207,829,817,167,1,0.9668379426002502,0.9500000000000004,1,0,0.48
207,829,817,193,1,0.8787176012992859,0.9500000000000004,0,0,0.28
207,829,817,38,1,0.9811151623725891,0.9500000000000004,1,0,0.4
207,829,817,389,1,0.8942990899085999,0.9500000000000004,0,0,0.2
207,829,817,55,1,0.7777485251426697,0.9500000000000004,0,0,0.2
207,829,817,680,1,0.9516206979751587,0.9500000000000004,1,0,0.32
207,829,817,834,1,0.34367045760154724,0.9500000000000004,0,0,0.3333333333333333
207,829,817,836,1,0.49998795986175537,0.9500000000000004,0,0,0.5
207,829,680,180,2,0.9118260145187378,0.9500000000000004,0,0,0.23809523809523808
207,829,680,389,2,0.919432520866394,0.9500000000000004,0,0,0.2857142857142857
207,829,680,55,2,0.7738203406333923,0.9500000000000004,0,0,0.21428571428571427
207,829,680,834,2,0.41165950894355774,0.9500000000000004,0,0,0.5
207,829,38,21,2,0.8196112513542175,0.9500000000000004,0,0,0.21212121212121213
207,829,38,34,2,0.8129898905754089,0.9500000000000004,0,1,0.2835820895522388
207,829,38,389,2,0.9067606925964355,0.9500000000000004,0,0,0.2982456140350877
207,829,38,55,2,0.8231099247932434,0.9500000000000004,0,0,0.3181818181818182
207,829,38,834,2,0.3328409194946289,0.9500000000000004,0,0,0.25
207,829,38,836,2,0.46401140093803406,0.9500000000000004,0,0,0.3333333333333333
207,829,167,176,2,0.7293934226036072,0.9500000000000004,0,0,0.2033898305084746
207,829,167,180,2,0.9333066940307617,0.9500000000000004,0,0,0.4067796610169492
207,829,167,21,2,0.8276156783103943,0.9500000000000004,0,0,0.3389830508474576
207,829,167,34,2,0.8118414878845215,0.9500000000000004,0,1,0.3559322033898305
207,829,167,389,2,0.9245882630348206,0.9500000000000004,0,0,0.40816326530612246
207,829,167,55,2,0.8027058243751526,0.9500000000000004,0,0,0.2033898305084746
207,829,167,834,2,0.3710065186023712,0.9500000000000004,0,0,0.5
207,829,167,836,2,0.5553165078163147,0.9500000000000004,0,0,1.0
208,680,680,167,0,0.9545766711235046,0.9500000000000004,1,1,0.5476190476190477
208,680,680,180,0,0.9072795510292053,0.9500000000000004,0,0,0.23809523809523808
208,680,680,38,0,0.9822577834129333,0.9500000000000004,1,0,0.7142857142857143
208,680,680,389,0,0.9171597361564636,0.9500000000000004,0,0,0.2857142857142857
208,680,680,55,0,0.7783253192901611,0.9500000000000004,0,0,0.21428571428571427
208,680,680,817,0,0.9708799719810486,0.9500000000000004,1,1,0.47058823529411764
208,680,680,834,0,0.38666945695877075,0.9500000000000004,0,0,0.5
208,680,817,193,1,0.841549277305603,0.9500000000000004,0,0,0.2692307692307692
208,680,817,834,1,0.3311982750892639,0.9500000000000004,0,0,0.25
208,680,817,836,1,0.41004952788352966,0.9500000000000004,0,0,0.3333333333333333
208,680,38,21,1,0.8085374236106873,0.9500000000000004,0,0,0.21212121212121213
208,680,38,34,1,0.8850307464599609,0.9500000000000004,0,1,0.2835820895522388
208,680,38,389,1,0.9047045707702637,0.9500000000000004,0,0,0.2982456140350877
208,680,38,55,1,0.8130283951759338,0.9500000000000004,0,0,0.3181818181818182
208,680,38,834,1,0.29486283659935,0.9500000000000004,0,0,0.25
208,680,38,836,1,0.3782702684402466,0.9500000000000004,0,0,0.3333333333333333
208,680,167,176,1,0.726839542388916,0.9500000000000004,0,0,0.2033898305084746
208,680,167,180,1,0.9299173951148987,0.9500000000000004,0,0,0.4067796610169492
208,680,167,21,1,0.8152465224266052,0.9500000000000004,0,0,0.3389830508474576
208,680,167,34,1,0.8800051808357239,0.9500000000000004,0,1,0.3559322033898305
208,680,167,389,1,0.9215179085731506,0.9500000000000004,0,0,0.40816326530612246
208,680,167,55,1,0.792550265789032,0.9500000000000004,0,0,0.2033898305084746
208,680,167,834,1,0.34521663188934326,0.9500000000000004,0,0,0.5
208,680,167,836,1,0.5106430649757385,0.9500000000000004,0,0,1.0
209,38,38,167,0,0.9698679447174072,0.9500000000000004,1,0,0.45454545454545453
209,38,38,21,0,0.8029538989067078,0.9500000000000004,0,1,0.21212121212121213
209,38,38,34,0,0.8907551169395447,0.9500000000000004,0,1,0.2835820895522388
209,38,38,389,0,0.8978531360626221,0.9500000000000004,0,0,0.2982456140350877
209,38,38,55,0,0.807824969291687,0.9500000000000004,0,0,0.3181818181818182
209,38,38,680,0,0.9795851707458496,0.9500000000000004,1,1,0.5882352941176471
209,38,38,817,0,0.9755315184593201,0.9500000000000004,1,1,0.47619047619047616
209,38,38,834,0,0.2614200711250305,0.9500000000000004,0,0,0.25
209,38,38,836,0,0.3356612026691437,0.9500000000000004,0,0,0.3333333333333333
209,38,817,193,1,0.8013787865638733,0.9500000000000004,0,0,0.25925925925925924
209,38,817,834,1,0.253362238407135,0.9500000000000004,0,0,0.2
209,38,817,836,1,0.3161085546016693,0.9500000000000004,0,0,0.25
209,38,680,180,1,0.8800289034843445,0.9500000000000004,0,0,0.23255813953488372
209,38,680,389,1,0.8828381299972534,0.9500000000000004,0,0,0.27906976744186046
209,38,680,55,1,0.735774576663971,0.9500000000000004,0,0,0.20930232558139536
209,38,680,834,1,0.2831074595451355,0.9500000000000004,0,0,0.3333333333333333
209,38,167,176,1,0.6819864511489868,0.9500000000000004,0,0,0.2
209,38,167,180,1,0.8915581107139587,0.9500000000000004,0,0,0.4
209,38,167,21,1,0.7866200804710388,0.9500000000000004,0,1,0.3333333333333333
209,38,167,34,1,0.9580134153366089,0.9500000000000004,1,1,0.36666666666666664
209,38,167,389,1,0.8802726864814758,0.9500000000000004,0,0,0.4
209,38,167,55,1,0.7568628787994385,0.9500000000000004,0,0,0.2
209,38,167,834,1,0.25754040479660034,0.9500000000000004,0,0,0.3333333333333333
209,38,167,836,1,0.35220566391944885,0.9500000000000004,0,0,0.5
209,38,34,180,2,0.7564201951026917,0.9500000000000004,0,0,0.21818181818181817
209,38,34,21,2,0.7758386731147766,0.9500000000000004,0,1,0.2
209,38,34,389,2,0.8358727097511292,0.9500000000000004,0,0,0.3333333333333333
209,38,34,66,2,0.7446592450141907,0.9500000000000004,0,0,0.25
209,38,34,816,2,0.3025667369365692,0.9500000000000004,0,1,0.2222222222222222
209,38,34,829,2,0.8582789897918701,0.9500000000000004,0,0,0.6666666666666666
209,38,34,830,2,0.22168096899986267,0.9500000000000004,0,0,0.3333333333333333
210,567,567,155,0,0.7272787690162659,0.9500000000000004,0,0,1.0
210,567,567,410,0,0.5588303208351135,0.9500000000000004,0,0,1.0
210,567,567,513,0,0.5588303208351135,0.9500000000000004,0,0,1.0
210,567,567,531,0,0.5588303208351135,0.9500000000000004,0,0,1.0
210,567,567,731,0,0.5588303208351135,0.9500000000000004,0,0,1.0
210,567,567,758,0,0.5588303208351135,0.9500000000000004,0,0,1.0
211,828,828,167,0,0.8871421813964844,0.9500000000000004,0,1,0.5
211,828,828,177,0,0.6983914375305176,0.9500000000000004,0,0,0.5
211,828,828,180,0,0.8419873714447021,0.9500000000000004,0,0,0.5
211,828,828,192,0,0.5948784947395325,0.9500000000000004,0,0,0.5
211,828,828,21,0,0.9240150451660156,0.9500000000000004,0,0,0.5
211,828,828,34,0,0.9342652559280396,0.9500000000000004,0,0,0.5
211,828,828,35,0,0.8091282248497009,0.9500000000000004,0,0,0.5
211,828,828,36,0,0.479625940322876,0.9500000000000004,0,0,0.5
211,828,828,38,0,0.934741735458374,0.9500000000000004,0,1,0.5
211,828,828,388,0,0.768977165222168,0.9500000000000004,0,0,0.5
211,828,828,680,0,0.9299441576004028,0.9500000000000004,0,0,0.5
211,828,828,747,0,0.9473345875740051,0.9500000000000004,0,0,1.0
211,828,828,789,0,0.8191718459129333,0.9500000000000004,0,0,0.5
211,828,828,816,0,0.7806734442710876,0.9500000000000004,0,0,0.5
211,828,828,817,0,0.9783333539962769,0.9500000000000004,1,0,1.0
211,828,817,167,1,0.9550477862358093,0.9500000000000004,1,1,0.4642857142857143
211,828,817,193,1,0.7475488781929016,0.9500000000000004,0,0,0.25
211,828,817,38,1,0.9679248929023743,0.9500000000000004,1,1,0.39285714285714285
211,828,817,680,1,0.9700493216514587,0.9500000000000004,1,0,0.35714285714285715
211,828,817,836,1,0.21150316298007965,0.9500000000000004,0,0,0.2
211,828,680,180,2,0.814272403717041,0.9500000000000004,0,0,0.22727272727272727
211,828,680,34,2,0.9545810222625732,0.9500000000000004,1,0,0.20454545454545456
212,34,34,167,0,0.9677643775939941,0.9500000000000004,1,0,0.4
212,34,34,180,0,0.745606541633606,0.9500000000000004,0,0,0.21428571428571427
212,34,34,21,0,0.9459595084190369,0.9500000000000004,0,0,0.21428571428571427
212,34,34,38,0,0.9707372784614563,0.9500000000000004,1,1,0.3389830508474576
212,34,34,389,0,0.7949981093406677,0.9500000000000004,0,0,0.32142857142857145
212,34,34,66,0,0.7075142860412598,0.9500000000000004,0,0,0.24561403508771928
212,34,34,680,0,0.9750475287437439,0.9500000000000004,1,0,0.391304347826087
212,34,34,816,0,0.7714990377426147,0.9500000000000004,0,1,0.3
212,34,34,817,0,0.9669751524925232,0.9500000000000004,1,1,0.35714285714285715
212,34,34,828,0,0.7599325776100159,0.9500000000000004,0,0,0.25
212,34,34,829,0,0.6943665146827698,0.9500000000000004,0,0,0.5
212,34,34,830,0,0.13622930645942688,0.9500000000000004,0,0,0.25
212,34,817,193,1,0.7661075592041016,0.9500000000000004,0,0,0.25
212,34,817,836,1,0.21899841725826263,0.9500000000000004,0,0,0.2
212,34,680,180,1,0.8267408013343811,0.9500000000000004,0,0,0.22727272727272727
212,34,680,389,1,0.8171634674072266,0.9500000000000004,0,0,0.2727272727272727
212,34,680,55,1,0.7203611135482788,0.9500000000000004,0,0,0.20454545454545456
212,34,680,834,1,0.17585903406143188,0.9500000000000004,0,0,0.25
212,34,38,21,1,0.9312914609909058,0.9500000000000004,0,0,0.22058823529411764
212,34,38,389,1,0.8245010375976562,0.9500000000000004,0,0,0.288135593220339
212,34,38,55,1,0.7864661812782288,0.9500000000000004,0,0,0.3088235294117647
212,34,38,836,1,0.2083868533372879,0.9500000000000004,0,0,0.2
212,34,167,180,1,0.8095653057098389,0.9500000000000004,0,0,0.39344262295081966
212,34,167,21,1,0.8393934965133667,0.9500000000000004,0,0,0.32786885245901637
212,34,167,389,1,0.8209816217422485,0.9500000000000004,0,0,0.39215686274509803
212,34,167,828,1,0.6838068962097168,0.9500000000000004,0,0,0.2
212,34,167,834,1,0.15000101923942566,0.9500000000000004,0,0,0.25
212,34,167,836,1,0.20484909415245056,0.9500000000000004,0,0,0.3333333333333333
213,817,817,167,0,0.956916332244873,0.9500000000000004,1,1,0.4482758620689655
213,817,817,193,0,0.7517353892326355,0.9500000000000004,0,1,0.2413793103448276
213,817,817,34,0,0.9704136848449707,0.9500000000000004,1,0,0.20689655172413793
213,817,817,38,0,0.9822906851768494,0.9500000000000004,1,1,0.41379310344827586
213,817,817,680,0,0.9556048512458801,0.9500000000000004,1,0,0.3448275862068966
213,817,680,180,1,0.8271583318710327,0.9500000000000004,0,0,0.22727272727272727
213,817,680,389,1,0.818231999874115,0.9500000000000004,0,0,0.2727272727272727
213,817,680,55,1,0.7283740043640137,0.9500000000000004,0,0,0.20454545454545456
213,817,680,834,1,0.17916397750377655,0.9500000000000004,0,0,0.25
213,817,38,21,1,0.9373119473457336,0.9500000000000004,0,0,0.21739130434782608
213,817,38,389,1,0.8472241163253784,0.9500000000000004,0,0,0.2833333333333333
213,817,38,55,1,0.8099094033241272,0.9500000000000004,0,0,0.30434782608695654
213,817,34,180,1,0.7513611912727356,0.9500000000000004,0,0,0.21052631578947367
213,817,34,21,1,0.9375312924385071,0.9500000000000004,0,0,0.21052631578947367
213,817,34,389,1,0.7966848611831665,0.9500000000000004,0,0,0.3103448275862069
213,817,34,66,1,0.7108149528503418,0.9500000000000004,0,0,0.2413793103448276
213,817,34,816,1,0.9345515966415405,0.9500000000000004,0,0,0.36363636363636365
213,817,34,828,1,0.719653308391571,0.9500000000000004,0,0,0.2
213,817,34,829,1,0.6530275940895081,0.9500000000000004,0,0,0.4
213,817,34,830,1,0.13348940014839172,0.9500000000000004,0,0,0.2
213,817,167,180,1,0.8208557963371277,0.9500000000000004,0,0,0.39344262295081966
213,817,167,21,1,0.844270646572113,0.9500000000000004,0,0,0.32786885245901637
213,817,167,389,1,0.8376480340957642,0.9500000000000004,0,0,0.39215686274509803
213,817,167,828,1,0.6554453372955322,0.9500000000000004,0,0,0.2
213,817,167,834,1,0.16475510597229004,0.9500000000000004,0,0,0.25
213,817,167,836,1,0.21719349920749664,0.9500000000000004,0,0,0.3333333333333333
214,622,622,155,0,0.547412633895874,0.9500000000000004,0,0,0.5
214,622,622,402,0,0.5391219258308411,0.9500000000000004,0,0,1.0
214,622,622,464,0,0.5391219258308411,0.9500000000000004,0,0,1.0
214,622,622,475,0,0.7936257123947144,0.9500000000000004,0,0,1.0
214,622,622,476,0,0.5391219258308411,0.9500000000000004,0,0,1.0
214,622,622,477,0,0.3887884318828583,0.9500000000000004,0,0,0.5
214,622,622,481,0,0.5391219258308411,0.9500000000000004,0,1,1.0
214,622,622,490,0,0.3887884318828583,0.9500000000000004,0,0,0.5
214,622,622,496,0,0.5391219258308411,0.9500000000000004,0,1,1.0
214,622,622,503,0,0.5391219258308411,0.9500000000000004,0,0,1.0
214,622,622,504,0,0.5391219258308411,0.9500000000000004,0,0,1.0
214,622,622,507,0,0.7891987562179565,0.9500000000000004,0,0,1.0
214,622,622,515,0,0.3887884318828583,0.9500000000000004,0,0,0.5
214,622,622,520,0,0.3887884318828583,0.9500000000000004,0,0,0.5
214,622,622,526,0,0.3887884318828583,0.9500000000000004,0,0,0.5
214,622,622,539,0,0.3887884318828583,0.9500000000000004,0,0,0.5
214,622,622,554,0,0.5391219258308411,0.9500000000000004,0,0,1.0
214,622,622,558,0,0.5391219258308411,0.9500000000000004,0,0,1.0
214,622,622,563,0,0.5898199081420898,0.9500000000000004,0,0,0.5
214,622,622,596,0,0.5391219258308411,0.9500000000000004,0,0,1.0
214,622,622,598,0,0.3887884318828583,0.9500000000000004,0,0,0.5
214,622,622,616,0,0.3887884318828583,0.9500000000000004,0,0,0.5
214,622,622,623,0,0.3887884318828583,0.9500000000000004,0,0,0.5
214,622,622,625,0,0.3887884318828583,0.9500000000000004,0,0,0.5
214,622,622,635,0,0.4907512366771698,0.9500000000000004,0,0,0.5
214,622,622,641,0,0.3887884318828583,0.9500000000000004,0,0,0.5
215,569,569,412,0,0.5398530960083008,0.9500000000000004,0,0,1.0
215,569,569,563,0,0.7060927152633667,0.9500000000000004,0,0,1.0
215,569,569,568,0,0.5398530960083008,0.9500000000000004,0,0,1.0
215,569,569,581,0,0.5398530960083008,0.9500000000000004,0,0,1.0
215,569,569,728,0,0.5398530960083008,0.9500000000000004,0,0,1.0
215,569,569,729,0,0.5398530960083008,0.9500000000000004,0,0,1.0
216,149,149,1,0,0.954675018787384,0.9500000000000004,1,1,0.6666666666666666
216,149,149,154,0,0.7644999623298645,0.9500000000000004,0,1,0.25
216,149,149,2,0,0.5247859358787537,0.9500000000000004,0,0,0.25
216,149,149,38,0,0.9142389893531799,0.9500000000000004,0,0,0.25
216,149,149,7,0,0.8700884580612183,0.9500000000000004,0,1,0.4444444444444444
216,149,149,73,0,0.8272492289543152,0.9500000000000004,0,0,0.4444444444444444
216,149,149,817,0,0.8599728941917419,0.9500000000000004,0,0,0.2
216,149,149,820,0,0.27391478419303894,0.9500000000000004,0,0,0.3333333333333333
216,149,149,833,0,0.548166036605835,0.9500000000000004,0,0,1.0
216,149,1,34,1,0.9634674787521362,0.9500000000000004,1,1,0.26666666666666666
216,149,1,7,1,0.8647911548614502,0.9500000000000004,0,1,0.3548387096774194
216,149,1,829,1,0.7056481838226318,0.9500000000000004,0,0,0.5
216,149,1,830,1,0.21043331921100616,0.9500000000000004,0,0,0.25
216,149,34,167,2,0.9470405578613281,0.9500000000000004,0,0,0.39285714285714285
216,149,34,180,2,0.7364100217819214,0.9500000000000004,0,0,0.21052631578947367
216,149,34,21,2,0.9103973507881165,0.9500000000000004,0,0,0.21052631578947367
216,149,34,38,2,0.9716042876243591,0.9500000000000004,1,0,0.35
216,149,34,389,2,0.7852397561073303,0.9500000000000004,0,0,0.3103448275862069
216,149,34,66,2,0.7231855392456055,0.9500000000000004,0,0,0.2413793103448276
216,149,34,680,2,0.9462653994560242,0.9500000000000004,0,0,0.375
216,149,34,816,2,0.8724728226661682,0.9500000000000004,0,0,0.36363636363636365
216,149,34,817,2,0.9666529893875122,0.9500000000000004,1,0,0.4
216,149,34,828,2,0.5264331698417664,0.9500000000000004,0,0,0.2
216,149,34,829,2,0.6147996187210083,0.9500000000000004,0,0,0.4
216,149,34,830,2,0.1858142763376236,0.9500000000000004,0,0,0.2
216,149,817,167,3,0.9634719491004944,0.9500000000000004,1,0,0.4666666666666667
217,41,41,167,0,0.8931984305381775,0.9500000000000004,0,0,0.38461538461538464
217,41,41,204,0,0.7089695930480957,0.9500000000000004,0,0,0.4
217,41,41,210,0,0.8248077034950256,0.9500000000000004,0,0,0.5
217,41,41,213,0,0.724216103553772,0.9500000000000004,0,0,1.0
217,41,41,38,0,0.9321194291114807,0.9500000000000004,0,1,0.7692307692307693
217,41,41,46,0,0.7168537378311157,0.9500000000000004,0,0,0.38461538461538464
217,41,41,59,0,0.724216103553772,0.9500000000000004,0,0,1.0
217,41,41,680,0,0.8015746474266052,0.9500000000000004,0,0,0.45454545454545453
217,41,41,737,0,0.8386519551277161,0.9500000000000004,0,0,0.2
217,41,41,817,0,0.8512284755706787,0.9500000000000004,0,0,0.25
217,41,41,824,0,0.9363333582878113,0.9500000000000004,0,0,0.6666666666666666
217,41,41,826,0,0.2655194401741028,0.9500000000000004,0,0,0.3333333333333333
218,368,368,167,0,0.838303804397583,0.9500000000000004,0,0,0.2
218,368,368,187,0,0.8980074524879456,0.9500000000000004,0,0,0.4
218,368,368,34,0,0.8493027091026306,0.9500000000000004,0,0,0.4
218,368,368,365,0,0.47291702032089233,0.9500000000000004,0,0,0.2
218,368,368,367,0,0.6534725427627563,0.9500000000000004,0,0,0.3
218,368,368,374,0,0.389595627784729,0.9500000000000004,0,0,0.25
218,368,368,38,0,0.9855439066886902,0.9500000000000004,1,0,0.6
218,368,368,46,0,0.818362832069397,0.9500000000000004,0,0,0.3
218,368,368,55,0,0.743965208530426,0.9500000000000004,0,0,0.2
218,368,368,680,0,0.964701235294342,0.9500000000000004,1,0,0.6666666666666666
218,368,368,682,0,0.3336676061153412,0.9500000000000004,0,0,0.2
218,368,368,705,0,0.4465925097465515,0.9500000000000004,0,0,0.2
218,368,368,706,0,0.8337732553482056,0.9500000000000004,0,0,0.4
218,368,368,707,0,0.9576284885406494,0.9500000000000004,1,1,0.8
218,368,368,811,0,0.5534436702728271,0.9500000000000004,0,0,0.2
218,368,368,817,0,0.8882085084915161,0.9500000000000004,0,0,0.25
218,368,368,824,0,0.7632229328155518,0.9500000000000004,0,0,0.3333333333333333
218,368,368,826,0,0.2575657069683075,0.9500000000000004,0,0,0.3333333333333333
218,368,707,167,1,0.933801531791687,0.9500000000000004,0,0,0.4166666666666667
218,368,707,175,1,0.24718107283115387,0.9500000000000004,0,0,0.2
218,368,707,21,1,0.7909795045852661,0.9500000000000004,0,0,0.25
218,368,707,210,1,0.7368831634521484,0.9500000000000004,0,0,0.25
218,368,707,46,1,0.7972374558448792,0.9500000000000004,0,0,0.3333333333333333
218,368,707,681,1,0.4172753691673279,0.9500000000000004,0,0,0.2222222222222222
218,368,707,706,1,0.8753489255905151,0.9500000000000004,0,0,0.4166666666666667
218,368,707,749,1,0.3692920207977295,0.9500000000000004,0,0,0.2222222222222222
218,368,707,817,1,0.9396730661392212,0.9500000000000004,0,0,0.5
218,368,707,824,1,0.8093337416648865,0.9500000000000004,0,0,0.3333333333333333
218,368,707,836,1,0.3332800567150116,0.9500000000000004,0,0,0.5
218,368,680,167,1,0.9414838552474976,0.9500000000000004,0,0,0.5454545454545454
218,368,680,180,1,0.7867463827133179,0.9500000000000004,0,0,0.22727272727272727
218,368,680,34,1,0.9511039853096008,0.9500000000000004,1,0,0.20454545454545456
218,368,680,389,1,0.7781476378440857,0.9500000000000004,0,0,0.2727272727272727
218,368,680,55,1,0.7236663103103638,0.9500000000000004,0,0,0.20454545454545456
218,368,680,817,1,0.9486833214759827,0.9500000000000004,0,0,0.5263157894736842
218,368,680,834,1,0.1825331598520279,0.9500000000000004,0,0,0.25
218,368,34,167,2,0.8817961812019348,0.9500000000000004,0,0,0.38596491228070173
218,368,34,180,2,0.7056134343147278,0.9500000000000004,0,0,0.20689655172413793
218,368,34,21,2,0.8363831043243408,0.9500000000000004,0,0,0.20689655172413793
218,368,34,213,2,0.6091220378875732,0.9500000000000004,0,0,1.0
218,368,34,389,2,0.744781494140625,0.9500000000000004,0,0,0.3
218,368,34,59,2,0.6091220378875732,0.9500000000000004,0,0,1.0
218,368,34,65,2,0.9390193223953247,0.9500000000000004,0,0,0.2033898305084746
218,368,34,66,2,0.6803792119026184,0.9500000000000004,0,0,0.23728813559322035
218,368,34,816,2,0.7525367140769958,0.9500000000000004,0,0,0.3333333333333333
218,368,34,817,2,0.9266021251678467,0.9500000000000004,0,0,0.375
218,368,34,829,2,0.4520317018032074,0.9500000000000004,0,0,0.3333333333333333
218,368,38,167,1,0.8951425552368164,0.9500000000000004,0,0,0.4507042253521127
218,368,38,21,1,0.714332103729248,0.9500000000000004,0,0,0.2112676056338028
218,368,38,389,1,0.6460458636283875,0.9500000000000004,0,0,0.27419354838709675
218,368,38,55,1,0.625872015953064,0.9500000000000004,0,0,0.29577464788732394
218,368,38,817,1,0.8838416337966919,0.9500000000000004,0,0,0.5
219,204,204,1,0,0.9139633774757385,0.9500000000000004,0,0,0.25
219,204,204,154,0,0.8950068354606628,0.9500000000000004,0,0,0.25
219,204,204,156,0,0.3917539715766907,0.9500000000000004,0,0,0.25
219,204,204,167,0,0.8871227502822876,0.9500000000000004,0,0,0.25
219,204,204,210,0,0.8449102640151978,0.9500000000000004,0,0,0.5
219,204,204,33,0,0.750465452671051,0.9500000000000004,0,0,0.25
219,204,204,34,0,0.9231557250022888,0.9500000000000004,0,0,0.25
219,204,204,364,0,0.680945098400116,0.9500000000000004,0,0,0.25
219,204,204,371,0,0.5213196873664856,0.9500000000000004,0,0,0.25
219,204,204,38,0,0.9467811584472656,0.9500000000000004,0,0,0.5
219,204,204,380,0,0.6336815357208252,0.9500000000000004,0,0,0.25
219,204,204,41,0,0.9415396451950073,0.9500000000000004,0,0,0.5
219,204,204,680,0,0.870203971862793,0.9500000000000004,0,0,0.5
219,204,204,705,0,0.52715665102005,0.9500000000000004,0,0,0.25
219,204,204,706,0,0.6958221197128296,0.9500000000000004,0,0,0.25
219,204,204,789,0,0.6426016688346863,0.9500000000000004,0,0,0.25
219,204,204,817,0,0.9721575975418091,0.9500000000000004,1,0,1.0
219,204,204,829,0,0.6872100234031677,0.9500000000000004,0,0,0.5
219,204,817,167,1,0.9485495686531067,0.9500000000000004,0,0,0.4666666666666667
219,204,817,193,1,0.8970114588737488,0.9500000000000004,0,0,0.26666666666666666
219,204,817,34,1,0.9567946195602417,0.9500000000000004,1,0,0.2
219,204,817,38,1,0.9794976711273193,0.9500000000000004,1,0,0.43333333333333335
219,204,817,680,1,0.9089918732643127,0.9500000000000004,0,0,0.3333333333333333
219,204,38,167,2,0.9198030233383179,0.9500000000000004,0,0,0.4507042253521127
219,204,38,21,2,0.7675898671150208,0.9500000000000004,0,0,0.2112676056338028
219,204,38,389,2,0.7134276628494263,0.9500000000000004,0,0,0.27419354838709675
219,204,38,55,2,0.691826581954956,0.9500000000000004,0,0,0.29577464788732394
219,204,38,680,2,0.8497410416603088,0.9500000000000004,0,0,0.5535714285714286
219,204,34,167,2,0.8785249590873718,0.9500000000000004,0,0,0.38596491228070173
219,204,34,180,2,0.7072593569755554,0.9500000000000004,0,0,0.20689655172413793
219,204,34,21,2,0.8339323997497559,0.9500000000000004,0,0,0.20689655172413793
219,204,34,213,2,0.5737244486808777,0.9500000000000004,0,0,1.0
219,204,34,389,2,0.7471048831939697,0.9500000000000004,0,0,0.3
219,204,34,59,2,0.5737244486808777,0.9500000000000004,0,0,1.0
219,204,34,65,2,0.9309973120689392,0.9500000000000004,0,0,0.2033898305084746
219,204,34,66,2,0.686376690864563,0.9500000000000004,0,0,0.23728813559322035
219,204,34,680,2,0.8938285708427429,0.9500000000000004,0,0,0.36
219,204,34,816,2,0.7448498010635376,0.9500000000000004,0,0,0.3333333333333333
219,204,34,829,2,0.4464222490787506,0.9500000000000004,0,0,0.3333333333333333
220,816,816,21,0,0.8961116671562195,0.9500000000000004,0,0,0.25
220,816,816,33,0,0.7180064916610718,0.9500000000000004,0,0,0.25
220,816,816,34,0,0.9881742000579834,0.9500000000000004,1,0,1.0
220,816,816,35,0,0.921262800693512,0.9500000000000004,0,0,0.5
220,816,816,38,0,0.9772105813026428,0.9500000000000004,1,0,0.5
220,816,816,388,0,0.6110315918922424,0.9500000000000004,0,0,0.25
220,816,816,65,0,0.9198604822158813,0.9500000000000004,0,0,0.25
220,816,816,680,0,0.9339986443519592,0.9500000000000004,0,0,0.5
220,816,816,747,0,0.610291063785553,0.9500000000000004,0,0,0.25
220,816,816,789,0,0.6777544617652893,0.9500000000000004,0,0,0.25
220,816,816,817,0,0.9609887003898621,0.9500000000000004,1,0,0.5
220,816,816,828,0,0.7707144021987915,0.9500000000000004,0,0,0.5
220,816,817,167,1,0.9437265396118164,0.9500000000000004,0,0,0.4666666666666667
220,816,817,193,1,0.8885151147842407,0.9500000000000004,0,0,0.26666666666666666
220,816,817,680,1,0.9040098190307617,0.9500000000000004,0,0,0.3333333333333333
220,816,38,167,1,0.934560239315033,0.9500000000000004,0,0,0.4507042253521127
220,816,38,21,1,0.8005274534225464,0.9500000000000004,0,0,0.2112676056338028
220,816,38,389,1,0.7589895725250244,0.9500000000000004,0,0,0.27419354838709675
220,816,38,55,1,0.7380349040031433,0.9500000000000004,0,0,0.29577464788732394
220,816,38,680,1,0.8775320649147034,0.9500000000000004,0,0,0.5535714285714286
220,816,34,167,1,0.8748201131820679,0.9500000000000004,0,0,0.38596491228070173
220,816,34,180,1,0.7139484882354736,0.9500000000000004,0,0,0.20689655172413793
220,816,34,21,1,0.8332173228263855,0.9500000000000004,0,0,0.20689655172413793
220,816,34,213,1,0.554405927658081,0.9500000000000004,0,0,1.0
220,816,34,389,1,0.7535930871963501,0.9500000000000004,0,0,0.3
220,816,34,59,1,0.554405927658081,0.9500000000000004,0,0,1.0
220,816,34,65,1,0.923485517501831,0.9500000000000004,0,0,0.2033898305084746
220,816,34,66,1,0.7023097276687622,0.9500000000000004,0,0,0.23728813559322035
220,816,34,680,1,0.897942841053009,0.9500000000000004,0,0,0.36
220,816,34,829,1,0.47225522994995117,0.9500000000000004,0,0,0.3333333333333333
221,192,192,163,0,0.5670085549354553,0.9500000000000004,0,0,0.2
221,192,192,167,0,0.9802431464195251,0.9500000000000004,1,1,1.0
221,192,192,177,0,0.6341220736503601,0.9500000000000004,0,0,0.2
221,192,192,180,0,0.839478075504303,0.9500000000000004,0,0,0.3333333333333333
221,192,192,193,0,0.9634907245635986,0.9500000000000004,1,0,0.8333333333333334
221,192,192,194,0,0.8592316508293152,0.9500000000000004,0,0,0.6
221,192,192,21,0,0.9268178343772888,0.9500000000000004,0,0,0.6666666666666666
221,192,192,36,0,0.44352689385414124,0.9500000000000004,0,0,0.2
221,192,192,38,0,0.9714502692222595,0.9500000000000004,1,0,0.6666666666666666
221,192,192,384,0,0.859818696975708,0.9500000000000004,0,0,0.6
221,192,192,389,0,0.8892675042152405,0.9500000000000004,0,0,0.6
221,192,192,55,0,0.8572402596473694,0.9500000000000004,0,0,0.5
221,192,192,736,0,0.792095959186554,0.9500000000000004,0,0,0.6
221,192,192,747,0,0.5580398440361023,0.9500000000000004,0,0,0.2
221,192,192,817,0,0.9772606492042542,0.9500000000000004,1,0,1.0
221,192,192,828,0,0.6259095072746277,0.9500000000000004,0,0,0.3333333333333333
221,192,817,34,1,0.945315420627594,0.9500000000000004,0,0,0.2
221,192,817,680,1,0.8988825082778931,0.9500000000000004,0,0,0.3333333333333333
221,192,38,21,1,0.7967227697372437,0.9500000000000004,0,0,0.2112676056338028
221,192,38,34,1,0.9245349764823914,0.9500000000000004,0,0,0.2916666666666667
221,192,38,389,1,0.7566713690757751,0.9500000000000004,0,0,0.27419354838709675
221,192,38,55,1,0.7374823689460754,0.9500000000000004,0,0,0.29577464788732394
221,192,38,680,1,0.8755937814712524,0.9500000000000004,0,0,0.5535714285714286
221,192,193,180,1,0.9043413400650024,0.9500000000000004,0,0,0.4166666666666667
221,192,193,189,1,0.6065635085105896,0.9500000000000004,0,0,0.25
221,192,193,194,1,0.7275163531303406,0.9500000000000004,0,0,0.2727272727272727
221,192,193,21,1,0.8697499632835388,0.9500000000000004,0,0,0.4166666666666667
221,192,193,384,1,0.7752701640129089,0.9500000000000004,0,0,0.2727272727272727
221,192,193,389,1,0.9164460301399231,0.9500000000000004,0,0,0.5454545454545454
221,192,193,55,1,0.8289334774017334,0.9500000000000004,0,0,0.3333333333333333
221,192,193,680,1,0.8975425958633423,0.9500000000000004,0,0,0.36363636363636365
221,192,193,736,1,0.6471750140190125,0.9500000000000004,0,0,0.2727272727272727
221,192,193,834,1,0.3575877547264099,0.9500000000000004,0,0,0.5
221,192,167,180,1,0.8001173734664917,0.9500000000000004,0,0,0.3870967741935484
221,192,167,21,1,0.8014535307884216,0.9500000000000004,0,0,0.3225806451612903
221,192,167,34,1,0.9141137599945068,0.9500000000000004,0,0,0.3548387096774194
221,192,167,389,1,0.7886598706245422,0.9500000000000004,0,0,0.38461538461538464
221,192,167,680,1,0.8969666361808777,0.9500000000000004,0,0,0.5106382978723404
221,192,167,834,1,0.16751430928707123,0.9500000000000004,0,0,0.2
221,192,167,836,1,0.1827949732542038,0.9500000000000004,0,0,0.25
222,817,817,167,0,0.9749631285667419,0.9500000000000004,1,1,0.4666666666666667
222,817,817,193,0,0.870096743106842,0.9500000000000004,0,1,0.26666666666666666
222,817,817,34,0,0.9405303597450256,0.9500000000000004,0,0,0.2
222,817,817,38,0,0.9703317284584045,0.9500000000000004,1,0,0.43333333333333335
222,817,817,680,0,0.8940306305885315,0.9500000000000004,0,0,0.3333333333333333
222,817,38,21,1,0.7931965589523315,0.9500000000000004,0,0,0.2112676056338028
222,817,38,34,1,0.9183864593505859,0.9500000000000004,0,0,0.2916666666666667
222,817,38,389,1,0.7547571659088135,0.9500000000000004,0,0,0.27419354838709675
222,817,38,55,1,0.7372969388961792,0.9500000000000004,0,0,0.29577464788732394
222,817,38,680,1,0.8737970590591431,0.9500000000000004,0,0,0.5535714285714286
222,817,167,180,1,0.7514553070068359,0.9500000000000004,0,0,0.38095238095238093
222,817,167,21,1,0.7479127645492554,0.9500000000000004,0,0,0.31746031746031744
222,817,167,34,1,0.8514295816421509,0.9500000000000004,0,0,0.3492063492063492
222,817,167,389,1,0.7326866388320923,0.9500000000000004,0,0,0.37735849056603776
222,817,167,680,1,0.8311884999275208,0.9500000000000004,0,0,0.5
222,817,167,836,1,0.13128629326820374,0.9500000000000004,0,0,0.2
222,817,167,852,1,0.6073916554450989,0.9500000000000004,0,0,1.0
223,200,200,14,0,0.6872258186340332,0.9500000000000004,0,0,1.0
223,200,200,163,0,0.8173853158950806,0.9500000000000004,0,0,1.0
223,200,200,167,0,0.9262495636940002,0.9500000000000004,0,0,1.0
223,200,200,178,0,0.8304920792579651,0.9500000000000004,0,0,1.0
223,200,200,193,0,0.9149512648582458,0.9500000000000004,0,0,1.0
223,200,200,21,0,0.8890994787216187,0.9500000000000004,0,0,1.0
223,200,200,214,0,0.7647097110748291,0.9500000000000004,0,0,1.0
223,200,200,332,0,0.6438158750534058,0.9500000000000004,0,0,1.0
223,200,200,34,0,0.9071305394172668,0.9500000000000004,0,0,1.0
223,200,200,364,0,0.83531254529953,0.9500000000000004,0,0,1.0
223,200,200,38,0,0.9101579189300537,0.9500000000000004,0,0,1.0
223,200,200,389,0,0.8736948370933533,0.9500000000000004,0,0,1.0
223,200,200,55,0,0.8634596467018127,0.9500000000000004,0,0,1.0
223,200,200,680,0,0.8914654850959778,0.9500000000000004,0,0,1.0
224,830,830,1,0,0.9115323424339294,0.9500000000000004,0,0,1.0
224,830,830,34,0,0.9149256348609924,0.9500000000000004,0,0,1.0
224,830,830,829,0,0.7946227192878723,0.9500000000000004,0,1,1.0
225,706,706,167,0,0.9583739638328552,0.9500000000000004,1,0,0.42857142857142855
225,706,706,175,0,0.23225557804107666,0.9500000000000004,0,0,0.25
225,706,706,187,0,0.8819254040718079,0.9500000000000004,0,1,0.42857142857142855
225,706,706,204,0,0.7620173096656799,0.9500000000000004,0,0,0.25
225,706,706,210,0,0.8302608728408813,0.9500000000000004,0,0,0.42857142857142855
225,706,706,33,0,0.7734143733978271,0.9500000000000004,0,0,0.2857142857142857
225,706,706,368,0,0.9010298848152161,0.9500000000000004,0,0,0.2857142857142857
225,706,706,38,0,0.9864487051963806,0.9500000000000004,1,1,1.0
225,706,706,41,0,0.8864176273345947,0.9500000000000004,0,0,0.2857142857142857
225,706,706,46,0,0.7910252213478088,0.9500000000000004,0,0,0.2857142857142857
225,706,706,680,0,0.9480210542678833,0.9500000000000004,0,0,0.5714285714285714
225,706,706,682,0,0.33138808608055115,0.9500000000000004,0,0,0.25
225,706,706,704,0,0.37113043665885925,0.9500000000000004,0,0,0.2857142857142857
225,706,706,705,0,0.7293542623519897,0.9500000000000004,0,0,0.42857142857142855
225,706,706,707,0,0.9663482308387756,0.9500000000000004,1,1,0.7142857142857143
225,706,706,736,0,0.521892786026001,0.9500000000000004,0,0,0.25
225,706,706,817,0,0.9826362133026123,0.9500000000000004,1,0,0.6666666666666666
225,706,817,193,1,0.9295182228088379,0.9500000000000004,0,0,0.2903225806451613
225,706,817,680,1,0.8252428770065308,0.9500000000000004,0,0,0.3225806451612903
225,706,817,853,1,0.5799164175987244,0.9500000000000004,0,0,1.0
225,706,817,854,1,0.5799164175987244,0.9500000000000004,0,0,1.0
225,706,707,21,1,0.7275920510292053,0.9500000000000004,0,0,0.23076923076923078
225,706,707,210,1,0.6711072325706482,0.9500000000000004,0,0,0.23076923076923078
225,706,707,368,1,0.9269142150878906,0.9500000000000004,0,0,0.38461538461538464
225,706,707,46,1,0.734819769859314,0.9500000000000004,0,0,0.3076923076923077
225,706,707,680,1,0.8911324143409729,0.9500000000000004,0,0,0.5384615384615384
225,706,707,681,1,0.3859764337539673,0.9500000000000004,0,0,0.2
225,706,707,749,1,0.3393462598323822,0.9500000000000004,0,0,0.2
225,706,707,824,1,0.7654909491539001,0.9500000000000004,0,0,0.25
225,706,707,836,1,0.2210204005241394,0.9500000000000004,0,0,0.3333333333333333
225,706,38,21,1,0.7784321308135986,0.9500000000000004,0,0,0.2112676056338028
225,706,38,34,1,0.9009091258049011,0.9500000000000004,0,0,0.2916666666666667
225,706,38,389,1,0.7448735237121582,0.9500000000000004,0,0,0.27419354838709675
225,706,38,55,1,0.7309242486953735,0.9500000000000004,0,0,0.29577464788732394
225,706,38,680,1,0.8647220134735107,0.9500000000000004,0,0,0.5535714285714286
225,706,167,180,1,0.7754347920417786,0.9500000000000004,0,0,0.375
225,706,167,21,1,0.7720783948898315,0.9500000000000004,0,0,0.3125
225,706,167,34,1,0.8621997833251953,0.9500000000000004,0,0,0.34375
225,706,167,389,1,0.752207338809967,0.9500000000000004,0,0,0.37037037037037035
225,706,167,680,1,0.8423619866371155,0.9500000000000004,0,0,0.4897959183673469
225,706,167,824,1,0.8268810510635376,0.9500000000000004,0,0,0.2
225,706,167,852,1,0.43622270226478577,0.9500000000000004,0,0,0.5
225,706,167,853,1,0.5887201428413391,0.9500000000000004,0,0,1.0
225,706,167,854,1,0.5887201428413391,0.9500000000000004,0,0,1.0
226,34,34,167,0,0.8972699046134949,0.9500000000000004,0,0,0.38596491228070173
226,34,34,180,0,0.706740140914917,0.9500000000000004,0,0,0.20689655172413793
226,34,34,21,0,0.8041924834251404,0.9500000000000004,0,0,0.20689655172413793
226,34,34,213,0,0.4516547918319702,0.9500000000000004,0,0,1.0
226,34,34,38,0,0.9721996188163757,0.9500000000000004,1,1,0.3442622950819672
226,34,34,389,0,0.7396141290664673,0.9500000000000004,0,0,0.3
226,34,34,59,0,0.4516547918319702,0.9500000000000004,0,0,1.0
226,34,34,65,0,0.8755195140838623,0.9500000000000004,0,0,0.2033898305084746
226,34,34,66,0,0.6999582052230835,0.9500000000000004,0,0,0.23728813559322035
226,34,34,680,0,0.8734735250473022,0.9500000000000004,0,1,0.36
226,34,34,816,0,0.8615434169769287,0.9500000000000004,0,0,0.3333333333333333
226,34,34,817,0,0.9536184668540955,0.9500000000000004,1,0,0.375
226,34,34,829,0,0.7578113675117493,0.9500000000000004,0,0,0.3333333333333333
226,34,817,167,1,0.9683529138565063,0.9500000000000004,1,0,0.4838709677419355
226,34,817,193,1,0.9311673045158386,0.9500000000000004,0,0,0.2903225806451613
226,34,817,680,1,0.845343291759491,0.9500000000000004,0,1,0.3225806451612903
226,34,817,853,1,0.5600094795227051,0.9500000000000004,0,0,1.0
226,34,817,854,1,0.5600094795227051,0.9500000000000004,0,0,1.0
226,34,167,180,2,0.7858993411064148,0.9500000000000004,0,0,0.375
226,34,167,21,2,0.7831040024757385,0.9500000000000004,0,0,0.3125
226,34,167,389,2,0.7670483589172363,0.9500000000000004,0,0,0.37037037037037035
226,34,167,680,2,0.8553177118301392,0.9500000000000004,0,1,0.4897959183673469
226,34,167,824,2,0.792217493057251,0.9500000000000004,0,0,0.2
226,34,167,852,2,0.38816431164741516,0.9500000000000004,0,0,0.5
226,34,167,853,2,0.5322117209434509,0.9500000000000004,0,0,1.0
226,34,167,854,2,0.5322117209434509,0.9500000000000004,0,0,1.0
226,34,38,21,1,0.7666946649551392,0.9500000000000004,0,0,0.20833333333333334
226,34,38,389,1,0.7269185185432434,0.9500000000000004,0,0,0.2698412698412698
226,34,38,55,1,0.7131658792495728,0.9500000000000004,0,0,0.2916666666666667
226,34,38,680,1,0.8104711174964905,0.9500000000000004,0,1,0.543859649122807
227,38,38,167,0,0.9149208068847656,0.9500000000000004,0,1,0.4383561643835616
227,38,38,21,0,0.7817167043685913,0.9500000000000004,0,0,0.2054794520547945
227,38,38,34,0,0.9748005270957947,0.9500000000000004,1,0,0.2972972972972973
227,38,38,389,0,0.7443150281906128,0.9500000000000004,0,0,0.265625
227,38,38,55,0,0.7312598824501038,0.9500000000000004,0,0,0.2876712328767123
227,38,38,680,0,0.9730421304702759,0.9500000000000004,1,1,0.5517241379310345
227,38,38,817,0,0.919670820236206,0.9500000000000004,0,0,0.4642857142857143
227,38,38,856,0,0.672896146774292,0.9500000000000004,0,0,1.0
227,38,38,857,0,0.672896146774292,0.9500000000000004,0,0,1.0
227,38,680,167,1,0.9013779163360596,0.9500000000000004,0,1,0.5333333333333333
227,38,680,180,1,0.7359852194786072,0.9500000000000004,0,0,0.2222222222222222
227,38,680,389,1,0.7313709259033203,0.9500000000000004,0,0,0.26666666666666666
227,38,680,55,1,0.6832627058029175,0.9500000000000004,0,0,0.2
227,38,680,817,1,0.9113994240760803,0.9500000000000004,0,0,0.5
227,38,680,834,1,0.19581402838230133,0.9500000000000004,0,0,0.2
227,38,680,856,1,0.6555143594741821,0.9500000000000004,0,0,1.0
227,38,680,857,1,0.6555143594741821,0.9500000000000004,0,0,1.0
227,38,34,167,1,0.8554466962814331,0.9500000000000004,0,1,0.3793103448275862
227,38,34,180,1,0.675796389579773,0.9500000000000004,0,0,0.2033898305084746
227,38,34,21,1,0.7717016935348511,0.9500000000000004,0,0,0.2033898305084746
227,38,34,213,1,0.3292756676673889,0.9500000000000004,0,0,0.5
227,38,34,389,1,0.7054808735847473,0.9500000000000004,0,0,0.2903225806451613
227,38,34,59,1,0.3292756676673889,0.9500000000000004,0,0,0.5
227,38,34,65,1,0.8301175236701965,0.9500000000000004,0,0,0.2
227,38,34,66,1,0.6678645014762878,0.9500000000000004,0,0,0.23333333333333334
227,38,34,816,1,0.7819440960884094,0.9500000000000004,0,0,0.3076923076923077
227,38,34,817,1,0.9081035256385803,0.9500000000000004,0,0,0.35294117647058826
227,38,34,829,1,0.6609182953834534,0.9500000000000004,0,0,0.2857142857142857
227,38,34,856,1,0.6797534227371216,0.9500000000000004,0,0,1.0
227,38,34,857,1,0.6797534227371216,0.9500000000000004,0,0,1.0
228,736,736,167,0,0.9748991131782532,0.9500000000000004,1,0,0.8
228,736,736,175,0,0.2691092789173126,0.9500000000000004,0,0,0.25
228,736,736,192,0,0.9237194061279297,0.9500000000000004,0,0,0.6
228,736,736,193,0,0.9357489943504333,0.9500000000000004,0,0,0.6
228,736,736,194,0,0.9052509069442749,0.9500000000000004,0,0,0.8
228,736,736,21,0,0.9595333337783813,0.9500000000000004,1,0,1.0
228,736,736,367,0,0.5354216694831848,0.9500000000000004,0,0,0.2
228,736,736,38,0,0.9814832806587219,0.9500000000000004,1,0,1.0
228,736,736,384,0,0.9137771725654602,0.9500000000000004,0,0,0.8
228,736,736,389,0,0.9032379984855652,0.9500000000000004,0,0,0.6
228,736,736,55,0,0.9249758720397949,0.9500000000000004,0,0,0.8
228,736,736,680,0,0.8991909623146057,0.9500000000000004,0,0,0.2
228,736,736,704,0,0.3252681791782379,0.9500000000000004,0,0,0.2
228,736,736,706,0,0.7863675355911255,0.9500000000000004,0,0,0.2
228,736,736,707,0,0.8492187857627869,0.9500000000000004,0,0,0.2
228,736,736,734,0,0.2627701461315155,0.9500000000000004,0,0,0.2
228,736,736,817,0,0.9681056141853333,0.9500000000000004,1,0,1.0
228,736,817,193,1,0.9201048612594604,0.9500000000000004,0,0,0.2903225806451613
228,736,817,680,1,0.950188934803009,0.9500000000000004,1,0,0.3225806451612903
229,816,816,34,0,0.9797260165214539,0.9500000000000004,1,1,0.6666666666666666
229,816,816,35,0,0.7689629197120667,0.9500000000000004,0,1,0.3333333333333333
229,816,816,38,0,0.9623242020606995,0.9500000000000004,1,1,0.3333333333333333
229,816,816,680,0,0.9404886960983276,0.9500000000000004,0,1,0.3333333333333333
229,816,816,817,0,0.9309764504432678,0.9500000000000004,0,0,0.3333333333333333
229,816,816,824,0,0.7758380770683289,0.9500000000000004,0,0,0.25
229,816,816,828,0,0.5261902809143066,0.9500000000000004,0,0,0.25
229,816,816,851,0,0.6684075593948364,0.9500000000000004,0,0,0.5
229,816,816,852,0,0.696539044380188,0.9500000000000004,0,1,1.0
229,816,38,167,1,0.9733405709266663,0.9500000000000004,1,0,0.44594594594594594
229,816,38,21,1,0.7737046480178833,0.9500000000000004,0,0,0.20270270270270271
229,816,38,389,1,0.7426707148551941,0.9500000000000004,0,0,0.26153846153846155
229,816,38,55,1,0.7296746373176575,0.9500000000000004,0,0,0.28378378378378377
229,816,38,680,1,0.9717665910720825,0.9500000000000004,1,1,0.559322033898305
229,816,38,817,1,0.9090229272842407,0.9500000000000004,0,0,0.4482758620689655
229,816,38,856,1,0.4534382224082947,0.9500000000000004,0,0,0.5
229,816,38,857,1,0.4534382224082947,0.9500000000000004,0,0,0.5
229,816,680,180,2,0.7383196949958801,0.9500000000000004,0,0,0.21739130434782608
229,816,680,389,2,0.7351834774017334,0.9500000000000004,0,0,0.2608695652173913
229,816,680,817,2,0.8995888233184814,0.9500000000000004,0,0,0.47619047619047616
229,816,680,856,2,0.457203209400177,0.9500000000000004,0,0,0.5
229,816,680,857,2,0.457203209400177,0.9500000000000004,0,0,0.5
229,816,167,180,2,0.7835150361061096,0.9500000000000004,0,0,0.36923076923076925
229,816,167,21,2,0.7793461084365845,0.9500000000000004,0,0,0.3076923076923077
229,816,167,389,2,0.7684990763664246,0.9500000000000004,0,0,0.36363636363636365
229,816,167,817,2,0.9531615376472473,0.9500000000000004,1,0,0.6521739130434783
230,680,680,167,0,0.8983592987060547,0.9500000000000004,0,1,0.5319148936170213
230,680,680,180,0,0.6388551592826843,0.9500000000000004,0,0,0.2127659574468085
230,680,680,34,0,0.95072340965271,0.9500000000000004,1,0,0.23404255319148937
230,680,680,38,0,0.9773271679878235,0.9500000000000004,1,1,0.723404255319149
230,680,680,389,0,0.6264917254447937,0.9500000000000004,0,0,0.2553191489361702
230,680,680,816,0,0.7635319828987122,0.9500000000000004,0,0,0.2
230,680,680,817,0,0.7758947610855103,0.9500000000000004,0,0,0.45454545454545453
230,680,680,852,0,0.5688270926475525,0.9500000000000004,0,0,0.3333333333333333
230,680,680,856,0,0.21197158098220825,0.9500000000000004,0,0,0.3333333333333333
230,680,680,857,0,0.21197158098220825,0.9500000000000004,0,0,0.3333333333333333
230,680,38,167,1,0.8975300192832947,0.9500000000000004,0,1,0.44
230,680,38,21,1,0.685016930103302,0.9500000000000004,0,0,0.2
230,680,38,389,1,0.6483198404312134,0.9500000000000004,0,0,0.25757575757575757
230,680,38,55,1,0.644557535648346,0.9500000000000004,0,0,0.28
230,680,38,817,1,0.7941721081733704,0.9500000000000004,0,0,0.43333333333333335
230,680,38,852,1,0.5402372479438782,0.9500000000000004,0,0,0.25
230,680,38,856,1,0.20532874763011932,0.9500000000000004,0,0,0.3333333333333333
230,680,38,857,1,0.20532874763011932,0.9500000000000004,0,0,0.3333333333333333
230,680,34,167,1,0.80118727684021,0.9500000000000004,0,1,0.3728813559322034
230,680,34,180,1,0.594799280166626,0.9500000000000004,0,0,0.2
230,680,34,21,1,0.6686031818389893,0.9500000000000004,0,0,0.2
230,680,34,213,1,0.13731692731380463,0.9500000000000004,0,0,0.3333333333333333
230,680,34,389,1,0.6036633849143982,0.9500000000000004,0,0,0.28125
230,680,34,59,1,0.13731692731380463,0.9500000000000004,0,0,0.3333333333333333
230,680,34,66,1,0.5721777081489563,0.9500000000000004,0,1,0.22950819672131148
230,680,34,816,1,0.8604338765144348,0.9500000000000004,0,0,0.35714285714285715
230,680,34,817,1,0.7258579730987549,0.9500000000000004,0,0,0.3333333333333333
230,680,34,829,1,0.4111134111881256,0.9500000000000004,0,0,0.25
230,680,34,852,1,0.611196756362915,0.9500000000000004,0,0,0.5
230,680,34,856,1,0.271065890789032,0.9500000000000004,0,0,0.5
230,680,34,857,1,0.271065890789032,0.9500000000000004,0,0,0.5
231,680,680,167,0,0.9781253933906555,0.9500000000000004,1,0,0.5416666666666666
231,680,680,180,0,0.7247940897941589,0.9500000000000004,0,0,0.20833333333333334
231,680,680,34,0,0.9563170075416565,0.9500000000000004,1,0,0.22916666666666666
231,680,680,38,0,0.9866629242897034,0.9500000000000004,1,0,0.7291666666666666
231,680,680,389,0,0.7202815413475037,0.9500000000000004,0,0,0.25
231,680,680,817,0,0.8115403652191162,0.9500000000000004,0,0,0.43478260869565216
231,680,680,852,0,0.6141940355300903,0.9500000000000004,0,0,0.25
231,680,680,856,0,0.2988416850566864,0.9500000000000004,0,0,0.25
231,680,680,857,0,0.2988416850566864,0.9500000000000004,0,0,0.25
231,680,38,389,1,0.7217614650726318,0.9500000000000004,0,0,0.2537313432835821
231,680,38,55,1,0.7128468751907349,0.9500000000000004,0,0,0.27631578947368424
231,680,38,817,1,0.8165461421012878,0.9500000000000004,0,0,0.41935483870967744
231,680,38,852,1,0.5641499757766724,0.9500000000000004,0,0,0.2
231,680,38,856,1,0.28201067447662354,0.9500000000000004,0,0,0.25
231,680,38,857,1,0.28201067447662354,0.9500000000000004,0,0,0.25
231,680,34,180,1,0.6602430939674377,0.9500000000000004,0,0,0.2
231,680,34,21,1,0.7258806824684143,0.9500000000000004,0,0,0.2
231,680,34,213,1,0.22761498391628265,0.9500000000000004,0,0,0.3333333333333333
231,680,34,389,1,0.6785174012184143,0.9500000000000004,0,0,0.28125
231,680,34,59,1,0.22761498391628265,0.9500000000000004,0,0,0.3333333333333333
231,680,34,66,1,0.7812109589576721,0.9500000000000004,0,0,0.22950819672131148
231,680,34,816,1,0.8894849419593811,0.9500000000000004,0,0,0.35714285714285715
231,680,34,817,1,0.773750901222229,0.9500000000000004,0,0,0.3333333333333333
231,680,34,829,1,0.5616125464439392,0.9500000000000004,0,0,0.25
231,680,34,852,1,0.5915609002113342,0.9500000000000004,0,0,0.5
231,680,34,856,1,0.346650093793869,0.9500000000000004,0,0,0.5
231,680,34,857,1,0.346650093793869,0.9500000000000004,0,0,0.5
231,680,167,180,1,0.7583659887313843,0.9500000000000004,0,0,0.36363636363636365
231,680,167,21,1,0.7511698603630066,0.9500000000000004,0,0,0.30303030303030304
231,680,167,389,1,0.7401949763298035,0.9500000000000004,0,0,0.35714285714285715
231,680,167,817,1,0.9184746146202087,0.9500000000000004,0,0,0.625
231,680,167,852,1,0.5618771314620972,0.9500000000000004,0,0,0.25
231,680,167,853,1,0.2664695978164673,0.9500000000000004,0,0,0.3333333333333333
231,680,167,854,1,0.2664695978164673,0.9500000000000004,0,0,0.3333333333333333
232,34,34,167,0,0.8342575430870056,0.9500000000000004,0,0,0.3728813559322034
232,34,34,180,0,0.6593810319900513,0.9500000000000004,0,0,0.2
232,34,34,21,0,0.720894992351532,0.9500000000000004,0,0,0.2
232,34,34,213,0,0.21550242602825165,0.9500000000000004,0,0,0.3333333333333333
232,34,34,38,0,0.9663178324699402,0.9500000000000004,1,0,0.36507936507936506
232,34,34,389,0,0.6759982705116272,0.9500000000000004,0,0,0.28125
232,34,34,59,0,0.21550242602825165,0.9500000000000004,0,0,0.3333333333333333
232,34,34,66,0,0.7654247283935547,0.9500000000000004,0,0,0.22950819672131148
232,34,34,680,0,0.9706583619117737,0.9500000000000004,1,0,0.4074074074074074
232,34,34,816,0,0.8665412664413452,0.9500000000000004,0,0,0.35714285714285715
232,34,34,817,0,0.7664276957511902,0.9500000000000004,0,0,0.3333333333333333
232,34,34,829,0,0.5388432741165161,0.9500000000000004,0,0,0.25
232,34,34,852,0,0.5438497066497803,0.9500000000000004,0,0,0.5
232,34,34,856,0,0.3184133470058441,0.9500000000000004,0,0,0.5
232,34,34,857,0,0.3184133470058441,0.9500000000000004,0,0,0.5
232,34,680,167,1,0.9655720591545105,0.9500000000000004,1,0,0.5306122448979592
232,34,680,180,1,0.6847771406173706,0.9500000000000004,0,0,0.20408163265306123
232,34,680,389,1,0.675058126449585,0.9500000000000004,0,0,0.24489795918367346
232,34,680,817,1,0.7763899564743042,0.9500000000000004,0,0,0.4166666666666667
232,34,680,844,1,0.6636540293693542,0.9500000000000004,0,0,1.0
232,34,680,852,1,0.4578534662723541,0.9500000000000004,0,0,0.2
232,34,680,856,1,0.19050754606723785,0.9500000000000004,0,0,0.2
232,34,680,857,1,0.19050754606723785,0.9500000000000004,0,0,0.2
232,34,167,180,2,0.7581725120544434,0.9500000000000004,0,0,0.36363636363636365
232,34,167,21,2,0.7511047124862671,0.9500000000000004,0,0,0.30303030303030304
232,34,167,389,2,0.7401559948921204,0.9500000000000004,0,0,0.35714285714285715
232,34,167,817,2,0.9186108112335205,0.9500000000000004,0,0,0.625
232,34,167,852,2,0.49600979685783386,0.9500000000000004,0,0,0.25
232,34,167,853,2,0.24272789061069489,0.9500000000000004,0,0,0.3333333333333333
232,34,167,854,2,0.24272789061069489,0.9500000000000004,0,0,0.3333333333333333
232,34,38,389,1,0.7188546061515808,0.9500000000000004,0,0,0.2537313432835821
232,34,38,55,1,0.71039879322052,0.9500000000000004,0,0,0.27631578947368424
232,34,38,817,1,0.8115279674530029,0.9500000000000004,0,0,0.41935483870967744
232,34,38,852,1,0.49442416429519653,0.9500000000000004,0,0,0.2
232,34,38,856,1,0.24565798044204712,0.9500000000000004,0,0,0.25
232,34,38,857,1,0.24565798044204712,0.9500000000000004,0,0,0.25
233,504,504,402,0,0.593529462814331,0.9500000000000004,0,1,1.0
233,504,504,464,0,0.593529462814331,0.9500000000000004,0,0,1.0
233,504,504,475,0,0.6713936924934387,0.9500000000000004,0,0,1.0
233,504,504,476,0,0.593529462814331,0.9500000000000004,0,0,1.0
233,504,504,481,0,0.752987802028656,0.9500000000000004,0,0,1.0
233,504,504,496,0,0.752987802028656,0.9500000000000004,0,0,1.0
233,504,504,503,0,0.593529462814331,0.9500000000000004,0,0,1.0
233,504,504,507,0,0.6713936924934387,0.9500000000000004,0,0,1.0
233,504,504,554,0,0.593529462814331,0.9500000000000004,0,0,1.0
233,504,504,558,0,0.593529462814331,0.9500000000000004,0,0,1.0
233,504,504,563,0,0.6713936924934387,0.9500000000000004,0,0,1.0
233,504,504,596,0,0.593529462814331,0.9500000000000004,0,0,1.0
233,504,504,622,0,0.7891833186149597,0.9500000000000004,0,0,1.0
234,683,683,180,0,0.8939327597618103,0.9500000000000004,0,0,0.5
234,683,683,187,0,0.846251904964447,0.9500000000000004,0,0,0.25
234,683,683,21,0,0.8475766777992249,0.9500000000000004,0,0,0.25
234,683,683,215,0,0.7322088479995728,0.9500000000000004,0,0,0.5
234,683,683,33,0,0.8521645665168762,0.9500000000000004,0,0,0.5
234,683,683,364,0,0.8717191815376282,0.9500000000000004,0,0,0.25
234,683,683,380,0,0.7858014702796936,0.9500000000000004,0,0,0.5
234,683,683,384,0,0.8517923951148987,0.9500000000000004,0,0,0.5
234,683,683,389,0,0.7789496183395386,0.9500000000000004,0,0,0.25
234,683,683,393,0,0.4423082768917084,0.9500000000000004,0,0,0.25
234,683,683,54,0,0.5560306906700134,0.9500000000000004,0,0,0.25
234,683,683,55,0,0.798967719078064,0.9500000000000004,0,0,0.25
234,683,683,66,0,0.9461476802825928,0.9500000000000004,0,0,0.5
234,683,683,680,0,0.9347371459007263,0.9500000000000004,0,1,0.25
234,683,683,681,0,0.6250011920928955,0.9500000000000004,0,0,0.6666666666666666
234,683,683,707,0,0.8612233400344849,0.9500000000000004,0,0,0.25
234,683,683,738,0,0.5566959977149963,0.9500000000000004,0,0,0.5
234,683,683,749,0,0.46188920736312866,0.9500000000000004,0,0,0.5
234,683,683,750,0,0.5155338048934937,0.9500000000000004,0,0,0.5
234,683,683,818,0,0.526308000087738,0.9500000000000004,0,0,1.0
235,817,817,167,0,0.9635066986083984,0.9500000000000004,1,0,0.4838709677419355
235,817,817,193,0,0.8856527805328369,0.9500000000000004,0,0,0.2903225806451613
235,817,817,38,0,0.9790279269218445,0.9500000000000004,1,0,0.41935483870967744
235,817,817,680,0,0.9615757465362549,0.9500000000000004,1,0,0.3225806451612903
235,817,817,853,0,0.513155996799469,0.9500000000000004,0,0,1.0
235,817,817,854,0,0.513155996799469,0.9500000000000004,0,0,1.0
235,817,680,180,1,0.7103021740913391,0.9500000000000004,0,0,0.2
235,817,680,34,1,0.9113788604736328,0.9500000000000004,0,0,0.22
235,817,680,389,1,0.7045766711235046,0.9500000000000004,0,0,0.24
235,817,680,844,1,0.39645519852638245,0.9500000000000004,0,0,0.5
235,817,38,34,1,0.9170097708702087,0.9500000000000004,0,0,0.2948717948717949
235,817,38,389,1,0.7010334134101868,0.9500000000000004,0,0,0.25
235,817,38,55,1,0.6947451829910278,0.9500000000000004,0,0,0.2727272727272727
235,817,38,856,1,0.21700190007686615,0.9500000000000004,0,0,0.2
235,817,38,857,1,0.21700190007686615,0.9500000000000004,0,0,0.2
235,817,167,180,1,0.780238926410675,0.9500000000000004,0,0,0.36363636363636365
235,817,167,21,1,0.7748008966445923,0.9500000000000004,0,0,0.30303030303030304
235,817,167,34,1,0.8749147057533264,0.9500000000000004,0,0,0.3333333333333333
235,817,167,389,1,0.7653799057006836,0.9500000000000004,0,0,0.35714285714285715
235,817,167,852,1,0.4290591776371002,0.9500000000000004,0,0,0.25
235,817,167,853,1,0.26062846183776855,0.9500000000000004,0,0,0.3333333333333333
235,817,167,854,1,0.26062846183776855,0.9500000000000004,0,0,0.3333333333333333
236,47,47,1,0,0.7815043926239014,0.9500000000000004,0,0,0.25
236,47,47,154,0,0.686933159828186,0.9500000000000004,0,0,0.25
236,47,47,167,0,0.9668211340904236,0.9500000000000004,1,0,0.875
236,47,47,180,0,0.8362643718719482,0.9500000000000004,0,0,0.625
236,47,47,181,0,0.6104148030281067,0.9500000000000004,0,0,0.25
236,47,47,185,0,0.4746488630771637,0.9500000000000004,0,0,0.25
236,47,47,186,0,0.46753841638565063,0.9500000000000004,0,0,0.4
236,47,47,21,0,0.762424647808075,0.9500000000000004,0,0,0.25
236,47,47,214,0,0.6739839911460876,0.9500000000000004,0,0,0.5
236,47,47,33,0,0.6603615283966064,0.9500000000000004,0,0,0.25
236,47,47,34,0,0.8529006242752075,0.9500000000000004,0,0,0.5
236,47,47,38,0,0.9794045686721802,0.9500000000000004,1,0,0.875
236,47,47,384,0,0.7068699598312378,0.9500000000000004,0,0,0.3333333333333333
236,47,47,389,0,0.7136207818984985,0.9500000000000004,0,0,0.3333333333333333
236,47,47,40,0,0.6088466644287109,0.9500000000000004,0,0,0.25
236,47,47,55,0,0.7634495496749878,0.9500000000000004,0,0,0.375
236,47,47,65,0,0.6853902339935303,0.9500000000000004,0,0,0.25
236,47,47,66,0,0.7715651392936707,0.9500000000000004,0,0,0.25
236,47,47,680,0,0.9125425815582275,0.9500000000000004,0,0,0.5
236,47,47,682,0,0.5320465564727783,0.9500000000000004,0,0,0.5
236,47,47,708,0,0.645787239074707,0.9500000000000004,0,0,0.5
236,47,47,709,0,0.48384642601013184,0.9500000000000004,0,0,0.5
236,47,47,71,0,0.5747854709625244,0.9500000000000004,0,0,0.3333333333333333
236,47,47,741,0,0.4881691038608551,0.9500000000000004,0,0,0.3333333333333333
236,47,47,789,0,0.6531674861907959,0.9500000000000004,0,0,0.5
236,47,47,795,0,0.36219653487205505,0.9500000000000004,0,0,0.5
236,47,47,828,0,0.9041154384613037,0.9500000000000004,0,1,1.0
236,47,38,34,1,0.9158908128738403,0.9500000000000004,0,0,0.2948717948717949
236,47,38,389,1,0.7069163918495178,0.9500000000000004,0,0,0.25
236,47,38,55,1,0.7018197178840637,0.9500000000000004,0,0,0.2727272727272727
236,47,38,680,1,0.9790887236595154,0.9500000000000004,1,0,0.5806451612903226
236,47,38,817,1,0.8653757572174072,0.9500000000000004,0,0,0.40625
236,47,38,856,1,0.2150479108095169,0.9500000000000004,0,0,0.2
236,47,38,857,1,0.2150479108095169,0.9500000000000004,0,0,0.2
236,47,680,180,2,0.7183024287223816,0.9500000000000004,0,0,0.2
236,47,680,34,2,0.9088194370269775,0.9500000000000004,0,0,0.22
236,47,680,389,2,0.7130600810050964,0.9500000000000004,0,0,0.24
236,47,680,817,2,0.8627710342407227,0.9500000000000004,0,0,0.4
236,47,680,844,2,0.3793518841266632,0.9500000000000004,0,0,0.5
236,47,167,180,1,0.7815651893615723,0.9500000000000004,0,0,0.36363636363636365
236,47,167,21,1,0.7762433886528015,0.9500000000000004,0,0,0.30303030303030304
236,47,167,34,1,0.8706957101821899,0.9500000000000004,0,0,0.3333333333333333
236,47,167,389,1,0.7665712237358093,0.9500000000000004,0,0,0.35714285714285715
236,47,167,817,1,0.9738605618476868,0.9500000000000004,1,0,0.625
236,47,167,852,1,0.41206806898117065,0.9500000000000004,0,0,0.25
236,47,167,853,1,0.25731638073921204,0.9500000000000004,0,0,0.3333333333333333
236,47,167,854,1,0.25731638073921204,0.9500000000000004,0,0,0.3333333333333333
236,47,817,193,2,0.8362802863121033,0.9500000000000004,0,0,0.28125
236,47,817,853,2,0.3692691922187805,0.9500000000000004,0,0,0.5
236,47,817,854,2,0.3692691922187805,0.9500000000000004,0,0,0.5
236,47,817,860,2,0.7681259512901306,0.9500000000000004,0,0,1.0
237,174,174,167,0,0.9528807997703552,0.9500000000000004,1,0,1.0
237,174,174,180,0,0.8101147413253784,0.9500000000000004,0,0,0.6666666666666666
237,174,174,186,0,0.32709330320358276,0.9500000000000004,0,0,0.5
237,174,174,189,0,0.4938270151615143,0.9500000000000004,0,0,0.3333333333333333
237,174,174,190,0,0.419235497713089,0.9500000000000004,0,0,0.3333333333333333
237,174,174,191,0,0.46690991520881653,0.9500000000000004,0,0,0.6666666666666666
237,174,174,192,0,0.569831907749176,0.9500000000000004,0,0,0.3333333333333333
237,174,174,193,0,0.6074973940849304,0.9500000000000004,0,0,0.3333333333333333
237,174,174,21,0,0.8097750544548035,0.9500000000000004,0,0,0.6666666666666666
237,174,174,214,0,0.500380277633667,0.9500000000000004,0,0,0.5
237,174,174,33,0,0.6326882243156433,0.9500000000000004,0,0,0.5
237,174,174,34,0,0.8919960260391235,0.9500000000000004,0,0,0.6666666666666666
237,174,174,35,0,0.5840497612953186,0.9500000000000004,0,0,0.3333333333333333
237,174,174,38,0,0.8307622075080872,0.9500000000000004,0,1,0.3333333333333333
237,174,174,384,0,0.6368139982223511,0.9500000000000004,0,0,0.5
237,174,174,388,0,0.49317681789398193,0.9500000000000004,0,0,0.5
237,174,174,389,0,0.6768242716789246,0.9500000000000004,0,0,0.5
237,174,174,391,0,0.35673731565475464,0.9500000000000004,0,0,0.5
237,174,174,47,0,0.8162844181060791,0.9500000000000004,0,0,0.5
237,174,174,65,0,0.6146014332771301,0.9500000000000004,0,0,0.3333333333333333
237,174,174,66,0,0.7264791131019592,0.9500000000000004,0,0,0.3333333333333333
237,174,167,180,1,0.7794321179389954,0.9500000000000004,0,0,0.36363636363636365
237,174,167,21,1,0.7737523317337036,0.9500000000000004,0,0,0.30303030303030304
237,174,167,34,1,0.8653489351272583,0.9500000000000004,0,0,0.3333333333333333
237,174,167,38,1,0.976695716381073,0.9500000000000004,1,1,0.5151515151515151
237,174,167,389,1,0.764085054397583,0.9500000000000004,0,0,0.35714285714285715
237,174,167,680,1,0.9663718342781067,0.9500000000000004,1,0,0.5098039215686274
237,174,167,817,1,0.9694759845733643,0.9500000000000004,1,0,0.625
237,174,167,852,1,0.39036715030670166,0.9500000000000004,0,0,0.25
237,174,167,853,1,0.24785283207893372,0.9500000000000004,0,0,0.3333333333333333
237,174,167,854,1,0.24785283207893372,0.9500000000000004,0,0,0.3333333333333333
237,174,817,193,2,0.8362289071083069,0.9500000000000004,0,0,0.28125
237,174,817,853,2,0.3419273793697357,0.9500000000000004,0,0,0.5
237,174,817,854,2,0.3419273793697357,0.9500000000000004,0,0,0.5
237,174,817,860,2,0.7204231023788452,0.9500000000000004,0,0,1.0
237,174,680,180,2,0.7159978151321411,0.9500000000000004,0,0,0.2
237,174,680,34,2,0.9015266299247742,0.9500000000000004,0,0,0.22
237,174,680,389,2,0.7103049755096436,0.9500000000000004,0,0,0.24
237,174,680,844,2,0.3503585457801819,0.9500000000000004,0,0,0.5
237,174,38,34,2,0.9099319577217102,0.9500000000000004,0,0,0.2948717948717949
237,174,38,389,2,0.7038854956626892,0.9500000000000004,0,0,0.25
237,174,38,55,2,0.6995184421539307,0.9500000000000004,0,0,0.2727272727272727
237,174,38,856,2,0.1978384256362915,0.9500000000000004,0,0,0.2
237,174,38,857,2,0.1978384256362915,0.9500000000000004,0,0,0.2
238,21,21,167,0,0.9333879947662354,0.9500000000000004,0,0,0.5882352941176471
238,21,21,176,0,0.7996731996536255,0.9500000000000004,0,0,0.20588235294117646
238,21,21,180,0,0.7272858619689941,0.9500000000000004,0,0,0.22857142857142856
238,21,21,332,0,0.31149283051490784,0.9500000000000004,0,0,0.2
238,21,21,34,0,0.9146469831466675,0.9500000000000004,0,0,0.34285714285714286
238,21,21,38,0,0.9803436994552612,0.9500000000000004,1,0,0.42857142857142855
238,21,21,384,0,0.777925968170166,0.9500000000000004,0,0,0.44
238,21,21,389,0,0.7505555152893066,0.9500000000000004,0,0,0.28
238,21,21,55,0,0.8231061100959778,0.9500000000000004,0,1,0.5
238,21,21,680,0,0.9235751032829285,0.9500000000000004,0,0,0.34782608695652173
238,21,21,736,0,0.740744411945343,0.9500000000000004,0,0,0.29411764705882354
238,21,21,815,0,0.20494896173477173,0.9500000000000004,0,0,0.2
238,21,21,817,0,0.9518189430236816,0.9500000000000004,1,0,0.5
238,21,21,828,0,0.832750678062439,0.9500000000000004,0,0,0.5
238,21,817,167,1,0.9282529354095459,0.9500000000000004,0,0,0.46875
238,21,817,193,1,0.8324873447418213,0.9500000000000004,0,0,0.28125
238,21,817,680,1,0.8699232339859009,0.9500000000000004,0,0,0.3125
238,21,817,853,1,0.3174836337566376,0.9500000000000004,0,0,0.5
238,21,817,854,1,0.3174836337566376,0.9500000000000004,0,0,0.5
238,21,817,860,1,0.67784184217453,0.9500000000000004,0,0,1.0
238,21,38,167,1,0.8210488557815552,0.9500000000000004,0,0,0.4358974358974359
238,21,38,34,1,0.8013706207275391,0.9500000000000004,0,0,0.2911392405063291
238,21,38,389,1,0.5710111856460571,0.9500000000000004,0,0,0.2463768115942029
238,21,38,55,1,0.5757893919944763,0.9500000000000004,0,1,0.2692307692307692
238,21,38,680,1,0.9200618863105774,0.9500000000000004,0,0,0.5714285714285714
239,680,680,167,0,0.9167937636375427,0.9500000000000004,0,0,0.52
239,680,680,180,0,0.7107080817222595,0.9500000000000004,0,0,0.2
239,680,680,34,0,0.8876024484634399,0.9500000000000004,0,0,0.22
239,680,680,38,0,0.9839269518852234,0.9500000000000004,1,1,0.72
239,680,680,389,0,0.7047869563102722,0.9500000000000004,0,0,0.24
239,680,680,817,0,0.8340325951576233,0.9500000000000004,0,0,0.4
239,680,680,844,0,0.3100614845752716,0.9500000000000004,0,0,0.5
239,680,38,167,1,0.8853580355644226,0.9500000000000004,0,0,0.4358974358974359
239,680,38,34,1,0.8716155886650085,0.9500000000000004,0,0,0.2911392405063291
239,680,38,389,1,0.6775104999542236,0.9500000000000004,0,0,0.2463768115942029
239,680,38,55,1,0.8207765221595764,0.9500000000000004,0,0,0.2692307692307692
239,680,38,817,1,0.8159096837043762,0.9500000000000004,0,0,0.3939393939393939
240,40,40,154,0,0.896492063999176,0.9500000000000004,0,0,0.2857142857142857
240,40,40,167,0,0.8728877305984497,0.9500000000000004,0,0,0.5714285714285714
240,40,40,180,0,0.6733375191688538,0.9500000000000004,0,0,0.2857142857142857
240,40,40,181,0,0.5540496706962585,0.9500000000000004,0,0,0.2857142857142857
240,40,40,194,0,0.6019760370254517,0.9500000000000004,0,0,0.2857142857142857
240,40,40,214,0,0.5088930130004883,0.9500000000000004,0,0,0.2857142857142857
240,40,40,38,0,0.9857000708580017,0.9500000000000004,1,0,0.7142857142857143
240,40,40,389,0,0.7044386863708496,0.9500000000000004,0,0,0.3333333333333333
240,40,40,47,0,0.6984309554100037,0.9500000000000004,0,0,0.2857142857142857
240,40,40,680,0,0.9755802750587463,0.9500000000000004,1,0,0.6
240,40,40,707,0,0.6849936842918396,0.9500000000000004,0,0,0.2
240,40,40,708,0,0.4841424226760864,0.9500000000000004,0,0,0.4
240,40,40,709,0,0.30185434222221375,0.9500000000000004,0,0,0.2
240,40,40,71,0,0.927089273929596,0.9500000000000004,0,1,0.5
240,40,40,739,0,0.8531808257102966,0.9500000000000004,0,0,0.5
240,40,40,817,0,0.833313524723053,0.9500000000000004,0,0,0.3333333333333333
240,40,40,824,0,0.5573104619979858,0.9500000000000004,0,0,0.3333333333333333
240,40,40,836,0,0.2816106081008911,0.9500000000000004,0,0,0.5
240,40,680,167,1,0.8675044178962708,0.9500000000000004,0,0,0.5098039215686274
240,40,680,34,1,0.8133621215820312,0.9500000000000004,0,0,0.21568627450980393
240,40,680,389,1,0.6508716344833374,0.9500000000000004,0,0,0.23529411764705882
240,40,680,817,1,0.7859227657318115,0.9500000000000004,0,0,0.38461538461538464
240,40,680,844,1,0.16923943161964417,0.9500000000000004,0,0,0.3333333333333333
240,40,38,167,1,0.8601304292678833,0.9500000000000004,0,0,0.43037974683544306
240,40,38,34,1,0.823201060295105,0.9500000000000004,0,0,0.2875
240,40,38,389,1,0.6609734296798706,0.9500000000000004,0,0,0.24285714285714285
240,40,38,55,1,0.7905880212783813,0.9500000000000004,0,0,0.26582278481012656
240,40,38,817,1,0.7921327352523804,0.9500000000000004,0,0,0.38235294117647056
241,180,180,167,0,0.9677816033363342,0.9500000000000004,1,1,0.7058823529411765
241,180,180,176,0,0.7875891923904419,0.9500000000000004,0,0,0.20588235294117646
241,180,180,177,0,0.8418279886245728,0.9500000000000004,0,1,0.21875
241,180,180,21,0,0.9067520499229431,0.9500000000000004,0,0,0.22857142857142856
241,180,180,34,0,0.8290248513221741,0.9500000000000004,0,0,0.34285714285714286
241,180,180,38,0,0.9547004103660583,0.9500000000000004,1,0,0.34285714285714286
241,180,180,389,0,0.7937121391296387,0.9500000000000004,0,0,0.32
241,180,180,680,0,0.9542492628097534,0.9500000000000004,1,0,0.4166666666666667
241,180,180,681,0,0.35614094138145447,0.9500000000000004,0,0,0.2222222222222222
241,180,180,813,0,0.2068471610546112,0.9500000000000004,0,0,0.2
241,180,180,815,0,0.20453286170959473,0.9500000000000004,0,0,0.25
241,180,180,817,0,0.9730362892150879,0.9500000000000004,1,1,1.0
241,180,180,828,0,0.7133143544197083,0.9500000000000004,0,1,0.3333333333333333
241,180,180,834,0,0.4238995611667633,0.9500000000000004,0,0,1.0
241,180,817,193,1,0.8247624039649963,0.9500000000000004,0,1,0.28125
241,180,817,853,1,0.2859290838241577,0.9500000000000004,0,1,0.5
241,180,817,854,1,0.2859290838241577,0.9500000000000004,0,1,0.5
241,180,817,860,1,0.5974160432815552,0.9500000000000004,0,0,1.0
241,180,680,34,1,0.8254019021987915,0.9500000000000004,0,0,0.21568627450980393
241,180,680,389,1,0.6696987748146057,0.9500000000000004,0,0,0.23529411764705882
241,180,680,844,1,0.17350584268569946,0.9500000000000004,0,0,0.3333333333333333
241,180,38,34,1,0.8320892453193665,0.9500000000000004,0,0,0.2875
241,180,38,389,1,0.6765732169151306,0.9500000000000004,0,0,0.24285714285714285
241,180,38,55,1,0.7960329651832581,0.9500000000000004,0,0,0.26582278481012656
241,180,167,21,1,0.8690451979637146,0.9500000000000004,0,0,0.30303030303030304
241,180,167,34,1,0.8467536568641663,0.9500000000000004,0,0,0.3333333333333333
241,180,167,389,1,0.7549537420272827,0.9500000000000004,0,0,0.35714285714285715
241,180,167,852,1,0.332610547542572,0.9500000000000004,0,0,0.25
241,180,167,853,1,0.22063195705413818,0.9500000000000004,0,1,0.3333333333333333
241,180,167,854,1,0.22063195705413818,0.9500000000000004,0,1,0.3333333333333333
242,193,193,167,0,0.9799780249595642,0.9500000000000004,1,0,0.9285714285714286
242,193,193,180,0,0.9411272406578064,0.9500000000000004,0,0,0.42857142857142855
242,193,193,189,0,0.43867790699005127,0.9500000000000004,0,0,0.21428571428571427
242,193,193,192,0,0.6722833514213562,0.9500000000000004,0,1,0.42857142857142855
242,193,193,194,0,0.47216150164604187,0.9500000000000004,0,0,0.23076923076923078
242,193,193,21,0,0.7919572591781616,0.9500000000000004,0,0,0.35714285714285715
242,193,193,38,0,0.8870169520378113,0.9500000000000004,0,0,0.5
242,193,193,384,0,0.5406239628791809,0.9500000000000004,0,0,0.23076923076923078
242,193,193,389,0,0.6645939350128174,0.9500000000000004,0,0,0.46153846153846156
242,193,193,55,0,0.7685556411743164,0.9500000000000004,0,0,0.2857142857142857
242,193,193,680,0,0.8340625762939453,0.9500000000000004,0,1,0.3076923076923077
242,193,193,736,0,0.5075907111167908,0.9500000000000004,0,0,0.23076923076923078
242,193,193,817,0,0.9784754514694214,0.9500000000000004,1,1,0.9090909090909091
242,193,193,834,0,0.14656786620616913,0.9500000000000004,0,1,0.25
242,193,193,853,0,0.8759819269180298,0.9500000000000004,0,0,1.0
242,193,193,854,0,0.8759820461273193,0.9500000000000004,0,0,1.0
242,193,817,38,1,0.8877953886985779,0.9500000000000004,0,0,0.3939393939393939
242,193,817,680,1,0.8076608777046204,0.9500000000000004,0,1,0.30303030303030304
242,193,817,853,1,0.7889859080314636,0.9500000000000004,0,0,0.6666666666666666
242,193,817,854,1,0.7889859080314636,0.9500000000000004,0,0,0.6666666666666666
242,193,817,860,1,0.28964486718177795,0.9500000000000004,0,0,0.5
242,193,167,180,1,0.9364704489707947,0.9500000000000004,0,0,0.373134328358209
242,193,167,21,1,0.7567005157470703,0.9500000000000004,0,0,0.29850746268656714
242,193,167,34,1,0.7478213310241699,0.9500000000000004,0,1,0.3283582089552239
242,193,167,38,1,0.9194329977035522,0.9500000000000004,0,0,0.5074626865671642
242,193,167,389,1,0.6250597238540649,0.9500000000000004,0,0,0.3508771929824561
242,193,167,680,1,0.9070844054222107,0.9500000000000004,0,1,0.5
242,193,167,852,1,0.17165285348892212,0.9500000000000004,0,1,0.2
242,193,167,853,1,0.6701977849006653,0.9500000000000004,0,0,0.5
242,193,167,854,1,0.6701977849006653,0.9500000000000004,0,0,0.5
243,167,167,180,0,0.9360285997390747,0.9500000000000004,0,0,0.373134328358209
243,167,167,21,0,0.7661099433898926,0.9500000000000004,0,1,0.29850746268656714
243,167,167,34,0,0.8507963418960571,0.9500000000000004,0,0,0.3283582089552239
243,167,167,38,0,0.9229326844215393,0.9500000000000004,0,0,0.5074626865671642
243,167,167,389,0,0.6426436901092529,0.9500000000000004,0,0,0.3508771929824561
243,167,167,680,0,0.9410393238067627,0.9500000000000004,0,0,0.5
243,167,167,817,0,0.9642817378044128,0.9500000000000004,1,1,0.64
243,167,167,852,0,0.6082344651222229,0.9500000000000004,0,0,0.2
243,167,167,853,0,0.6476664543151855,0.9500000000000004,0,0,0.5
243,167,167,854,0,0.6476664543151855,0.9500000000000004,0,0,0.5
243,167,817,192,1,0.8600914478302002,0.9500000000000004,0,0,0.20588235294117646
243,167,817,193,1,0.9606287479400635,0.9500000000000004,1,0,0.3235294117647059
243,167,817,34,1,0.9253961443901062,0.9500000000000004,0,0,0.20588235294117646
243,167,817,38,1,0.796429455280304,0.9500000000000004,0,0,0.38235294117647056
243,167,817,680,1,0.9363889694213867,0.9500000000000004,0,0,0.3235294117647059
243,167,817,852,1,0.690748929977417,0.9500000000000004,0,0,0.25
243,167,817,853,1,0.6833822727203369,0.9500000000000004,0,0,0.5
243,167,817,854,1,0.6833822727203369,0.9500000000000004,0,0,0.5
243,167,817,860,1,0.201182559132576,0.9500000000000004,0,0,0.3333333333333333
243,167,193,180,2,0.9359095692634583,0.9500000000000004,0,0,0.4
243,167,193,189,2,0.3962272107601166,0.9500000000000004,0,0,0.2
243,167,193,192,2,0.9257436990737915,0.9500000000000004,0,0,0.4666666666666667
243,167,193,194,2,0.42139482498168945,0.9500000000000004,0,0,0.21428571428571427
243,167,193,21,2,0.7520560026168823,0.9500000000000004,0,1,0.3333333333333333
243,167,193,34,2,0.9415632486343384,0.9500000000000004,0,0,0.2
243,167,193,38,2,0.8452131748199463,0.9500000000000004,0,0,0.4666666666666667
243,167,193,384,2,0.4901863932609558,0.9500000000000004,0,0,0.21428571428571427
243,167,193,389,2,0.6242571473121643,0.9500000000000004,0,0,0.42857142857142855
243,167,193,55,2,0.7189440727233887,0.9500000000000004,0,0,0.26666666666666666
243,167,193,680,2,0.9510423541069031,0.9500000000000004,1,0,0.35714285714285715
243,167,193,736,2,0.4468570649623871,0.9500000000000004,0,0,0.21428571428571427
243,167,193,834,2,0.7534450888633728,0.9500000000000004,0,0,0.4
243,167,193,852,2,0.761720597743988,0.9500000000000004,0,0,0.3333333333333333
243,167,193,853,2,0.7744538187980652,0.9500000000000004,0,0,0.6666666666666666
243,167,193,854,2,0.7744537591934204,0.9500000000000004,0,0,0.6666666666666666
243,167,680,34,3,0.9475851058959961,0.9500000000000004,0,0,0.23076923076923078
243,167,680,38,3,0.9564626812934875,0.9500000000000004,1,0,0.7115384615384616
243,167,680,389,3,0.6275561451911926,0.9500000000000004,0,0,0.23076923076923078
243,167,680,816,3,0.808316707611084,0.9500000000000004,0,0,0.2
243,167,680,844,3,0.11732065677642822,0.9500000000000004,0,0,0.25
243,167,680,852,3,0.683807909488678,0.9500000000000004,0,0,0.25
243,167,38,34,4,0.9118581414222717,0.9500000000000004,0,0,0.2875
243,167,38,389,4,0.6783564686775208,0.9500000000000004,0,0,0.24285714285714285
243,167,38,55,4,0.7854664325714111,0.9500000000000004,0,0,0.26582278481012656
244,167,167,180,0,0.9437021613121033,0.9500000000000004,0,0,0.36764705882352944
244,167,167,21,0,0.9584580659866333,0.9500000000000004,1,0,0.3088235294117647
244,167,167,34,0,0.8499953746795654,0.9500000000000004,0,0,0.3235294117647059
244,167,167,38,0,0.9169549942016602,0.9500000000000004,0,1,0.5
244,167,167,389,0,0.6547163128852844,0.9500000000000004,0,0,0.3448275862068966
244,167,167,680,0,0.9293258190155029,0.9500000000000004,0,1,0.49056603773584906
244,167,167,817,0,0.9860261678695679,0.9500000000000004,1,1,0.6538461538461539
244,167,167,853,0,0.6469367146492004,0.9500000000000004,0,0,0.4
244,167,167,854,0,0.6469367742538452,0.9500000000000004,0,0,0.4
244,167,817,192,1,0.8994833827018738,0.9500000000000004,0,0,0.2
244,167,817,193,1,0.9643744230270386,0.9500000000000004,1,0,0.3142857142857143
244,167,817,34,1,0.9451636672019958,0.9500000000000004,0,0,0.2
244,167,817,38,1,0.8481570482254028,0.9500000000000004,0,1,0.37142857142857144
244,167,817,680,1,0.9505986571311951,0.9500000000000004,1,1,0.3142857142857143
244,167,817,852,1,0.7294304370880127,0.9500000000000004,0,0,0.2
244,167,817,853,1,0.7163880467414856,0.9500000000000004,0,0,0.4
244,167,817,854,1,0.7163880467414856,0.9500000000000004,0,0,0.4
244,167,817,860,1,0.24494871497154236,0.9500000000000004,0,0,0.25
244,167,680,34,2,0.9551964998245239,0.9500000000000004,1,0,0.23076923076923078
245,737,737,1,0,0.8416443467140198,0.9500000000000004,0,0,0.2857142857142857
245,737,737,154,0,0.8765749931335449,0.9500000000000004,0,0,0.2857142857142857
245,737,737,163,0,0.5457587838172913,0.9500000000000004,0,0,0.25
245,737,737,167,0,0.9371978044509888,0.9500000000000004,0,0,0.42857142857142855
245,737,737,176,0,0.8483192324638367,0.9500000000000004,0,0,0.2857142857142857
245,737,737,180,0,0.9038798809051514,0.9500000000000004,0,0,0.42857142857142855
245,737,737,213,0,0.6234272122383118,0.9500000000000004,0,0,1.0
245,737,737,38,0,0.937966525554657,0.9500000000000004,0,0,0.42857142857142855
245,737,737,41,0,0.7772929072380066,0.9500000000000004,0,1,0.2857142857142857
245,737,737,46,0,0.6787934303283691,0.9500000000000004,0,0,0.2857142857142857
245,737,737,50,0,0.6170971393585205,0.9500000000000004,0,0,0.2857142857142857
245,737,737,59,0,0.6234272122383118,0.9500000000000004,0,0,1.0
245,737,737,7,0,0.7976560592651367,0.9500000000000004,0,0,0.2857142857142857
245,737,737,741,0,0.5012427568435669,0.9500000000000004,0,0,0.2
245,737,737,813,0,0.38217851519584656,0.9500000000000004,0,0,0.3333333333333333
245,737,737,824,0,0.8359106779098511,0.9500000000000004,0,1,1.0
246,7,7,1,0,0.9698506593704224,0.9500000000000004,1,1,0.8
246,7,7,149,0,0.8091059923171997,0.9500000000000004,0,0,0.3333333333333333
246,7,7,2,0,0.5498995780944824,0.9500000000000004,0,0,0.3333333333333333
246,7,7,213,0,0.5224911570549011,0.9500000000000004,0,0,1.0
246,7,7,34,0,0.9463448524475098,0.9500000000000004,0,0,0.21428571428571427
246,7,7,38,0,0.9590280652046204,0.9500000000000004,1,0,0.2857142857142857
246,7,7,59,0,0.5224911570549011,0.9500000000000004,0,0,1.0
246,7,7,73,0,0.6369057297706604,0.9500000000000004,0,0,0.26666666666666666
246,7,7,737,0,0.9269692301750183,0.9500000000000004,0,0,0.2857142857142857
246,7,7,824,0,0.9009555578231812,0.9500000000000004,0,0,0.3333333333333333
246,7,38,167,1,0.9631809592247009,0.9500000000000004,1,0,0.4375
246,7,38,34,1,0.8596929907798767,0.9500000000000004,0,0,0.2839506172839506
246,7,38,389,1,0.7018154859542847,0.9500000000000004,0,0,0.23943661971830985
246,7,38,55,1,0.7736749649047852,0.9500000000000004,0,0,0.2625
246,7,38,680,1,0.983320415019989,0.9500000000000004,1,0,0.5846153846153846
246,7,38,817,1,0.9492978453636169,0.9500000000000004,0,0,0.4
246,7,680,34,2,0.9370375871658325,0.9500000000000004,0,0,0.22641509433962265
246,7,680,389,2,0.718222439289093,0.9500000000000004,0,0,0.22641509433962265
246,7,680,817,2,0.9765804409980774,0.9500000000000004,1,0,0.42857142857142855
247,177,177,167,0,0.985896646976471,0.9500000000000004,1,0,0.8
247,177,177,176,0,0.976008415222168,0.9500000000000004,1,1,0.6666666666666666
247,177,177,178,0,0.9031081795692444,0.9500000000000004,0,1,0.5333333333333333
247,177,177,180,0,0.9546906352043152,0.9500000000000004,1,0,0.5333333333333333
247,177,177,21,0,0.7696071863174438,0.9500000000000004,0,0,0.2
247,177,177,34,0,0.8010188341140747,0.9500000000000004,0,0,0.26666666666666666
247,177,177,38,0,0.9607701301574707,0.9500000000000004,1,0,0.4
247,177,177,383,0,0.4815788269042969,0.9500000000000004,0,0,0.21428571428571427
247,177,177,389,0,0.6701219081878662,0.9500000000000004,0,0,0.23076923076923078
247,177,177,680,0,0.9703066945075989,0.9500000000000004,1,0,0.6153846153846154
248,829,829,1,0,0.9618977308273315,0.9500000000000004,1,0,0.5
248,829,829,154,0,0.8360084295272827,0.9500000000000004,0,0,0.25
248,829,829,204,0,0.6177447438240051,0.9500000000000004,0,0,0.25
248,829,829,34,0,0.9427463412284851,0.9500000000000004,0,0,0.5
248,829,829,371,0,0.5264667272567749,0.9500000000000004,0,0,0.25
248,829,829,789,0,0.5663046836853027,0.9500000000000004,0,0,0.25
248,829,829,811,0,0.8557441234588623,0.9500000000000004,0,0,0.25
248,829,829,812,0,0.4689024090766907,0.9500000000000004,0,0,0.25
248,829,829,817,0,0.9540910720825195,0.9500000000000004,1,0,0.5
248,829,829,827,0,0.4645591676235199,0.9500000000000004,0,0,0.25
248,829,829,830,0,0.7158219814300537,0.9500000000000004,0,0,0.5
248,829,829,831,0,0.3939928114414215,0.9500000000000004,0,0,0.3333333333333333
248,829,829,832,0,0.3939928114414215,0.9500000000000004,0,0,0.3333333333333333
248,829,817,167,1,0.9740046262741089,0.9500000000000004,1,0,0.5
248,829,817,193,1,0.9208250045776367,0.9500000000000004,0,0,0.3055555555555556
248,829,817,38,1,0.9506519436836243,0.9500000000000004,1,0,0.3888888888888889
248,829,817,680,1,0.960780680179596,0.9500000000000004,1,0,0.3333333333333333
249,857,857,34,0,0.9228045344352722,0.9500000000000004,0,0,1.0
249,857,857,366,0,0.7519780397415161,0.9500000000000004,0,0,1.0
249,857,857,38,0,0.928068995475769,0.9500000000000004,0,1,1.0
249,857,857,680,0,0.9279609322547913,0.9500000000000004,0,0,1.0
249,857,857,707,0,0.9159988760948181,0.9500000000000004,0,0,1.0
249,857,857,856,0,0.6745099425315857,0.9500000000000004,0,0,1.0
250,390,390,164,0,0.5425903797149658,0.9500000000000004,0,0,0.5
250,390,390,167,0,0.9310178756713867,0.9500000000000004,0,0,0.5
250,390,390,176,0,0.8886496424674988,0.9500000000000004,0,0,0.5
250,390,390,177,0,0.88100665807724,0.9500000000000004,0,0,0.5
250,390,390,178,0,0.8782531023025513,0.9500000000000004,0,0,0.5
250,390,390,180,0,0.8701207637786865,0.9500000000000004,0,0,0.5
250,390,390,187,0,0.8992642760276794,0.9500000000000004,0,0,0.5
250,390,390,189,0,0.6858806014060974,0.9500000000000004,0,0,0.5
250,390,390,205,0,0.4812316596508026,0.9500000000000004,0,0,0.5
250,390,390,21,0,0.8114457130432129,0.9500000000000004,0,0,0.5
250,390,390,27,0,0.5215036273002625,0.9500000000000004,0,0,1.0
250,390,390,28,0,0.5215036273002625,0.9500000000000004,0,0,1.0
250,390,390,34,0,0.8840456008911133,0.9500000000000004,0,0,0.5
250,390,390,38,0,0.9326051473617554,0.9500000000000004,0,0,0.5
250,390,390,46,0,0.689514696598053,0.9500000000000004,0,0,0.5
250,390,390,680,0,0.9241200089454651,0.9500000000000004,0,0,1.0
250,390,390,740,0,0.5215036273002625,0.9500000000000004,0,0,1.0
251,41,41,167,0,0.8817541599273682,0.9500000000000004,0,0,0.3333333333333333
251,41,41,204,0,0.6134508848190308,0.9500000000000004,0,0,0.2857142857142857
251,41,41,210,0,0.8136317729949951,0.9500000000000004,0,0,0.42857142857142855
251,41,41,213,0,0.30786997079849243,0.9500000000000004,0,0,0.3333333333333333
251,41,41,38,0,0.9791486263275146,0.9500000000000004,1,0,0.7333333333333333
251,41,41,46,0,0.6900672912597656,0.9500000000000004,0,0,0.3333333333333333
251,41,41,59,0,0.30786997079849243,0.9500000000000004,0,0,0.3333333333333333
251,41,41,680,0,0.8154229521751404,0.9500000000000004,0,0,0.38461538461538464
251,41,41,737,0,0.8600886464118958,0.9500000000000004,0,0,0.25
251,41,41,824,0,0.9676940441131592,0.9500000000000004,1,0,0.6
251,41,41,826,0,0.29122719168663025,0.9500000000000004,0,1,0.2
251,41,41,851,0,0.8174494504928589,0.9500000000000004,0,0,1.0
251,41,824,167,1,0.9448229670524597,0.9500000000000004,0,0,0.42857142857142855
251,41,824,192,1,0.7374531030654907,0.9500000000000004,0,0,0.2857142857142857
251,41,824,213,1,0.26663079857826233,0.9500000000000004,0,0,0.2
251,41,824,59,1,0.26663079857826233,0.9500000000000004,0,0,0.2
251,41,824,737,1,0.8500352501869202,0.9500000000000004,0,0,0.2857142857142857
251,41,824,817,1,0.8838726282119751,0.9500000000000004,0,0,0.2857142857142857
251,41,824,851,1,0.604239821434021,0.9500000000000004,0,0,0.25
251,41,824,852,1,0.5004134774208069,0.9500000000000004,0,0,0.25
251,41,824,853,1,0.45826956629753113,0.9500000000000004,0,0,0.3333333333333333
251,41,824,854,1,0.45826956629753113,0.9500000000000004,0,0,0.3333333333333333
251,41,824,871,1,0.8075138926506042,0.9500000000000004,0,0,1.0
251,41,38,167,1,0.9730431437492371,0.9500000000000004,1,0,0.4444444444444444
251,41,38,34,1,0.7837183475494385,0.9500000000000004,0,0,0.2804878048780488
251,41,38,389,1,0.6418358683586121,0.9500000000000004,0,0,0.2361111111111111
251,41,38,55,1,0.7010278105735779,0.9500000000000004,0,0,0.25925925925925924
251,41,38,680,1,0.9172564148902893,0.9500000000000004,0,0,0.5757575757575758
251,41,38,817,1,0.9645397663116455,0.9500000000000004,1,0,0.4166666666666667
251,41,38,857,1,0.5816687345504761,0.9500000000000004,0,0,0.2222222222222222
251,41,38,870,1,0.5608108639717102,0.9500000000000004,0,0,1.0
251,41,817,193,2,0.7812821269035339,0.9500000000000004,0,0,0.2972972972972973
251,41,817,680,2,0.909201443195343,0.9500000000000004,0,0,0.32432432432432434
251,41,817,853,2,0.33911532163619995,0.9500000000000004,0,0,0.2857142857142857
251,41,817,854,2,0.33911532163619995,0.9500000000000004,0,0,0.2857142857142857
251,41,817,870,2,0.6241686940193176,0.9500000000000004,0,0,1.0
251,41,167,180,2,0.8490247130393982,0.9500000000000004,0,0,0.35714285714285715
251,41,167,21,2,0.847093939781189,0.9500000000000004,0,0,0.3
251,41,167,34,2,0.7716736197471619,0.9500000000000004,0,0,0.3142857142857143
251,41,167,389,2,0.6503620147705078,0.9500000000000004,0,0,0.3333333333333333
251,41,167,680,2,0.9110762476921082,0.9500000000000004,0,0,0.4909090909090909
251,41,167,853,2,0.31951969861984253,0.9500000000000004,0,0,0.2857142857142857
251,41,167,854,2,0.3195197284221649,0.9500000000000004,0,0,0.2857142857142857
251,41,167,870,2,0.5916597843170166,0.9500000000000004,0,0,1.0
252,180,180,167,0,0.9841066598892212,0.9500000000000004,1,1,0.7142857142857143
252,180,180,176,0,0.7607104182243347,0.9500000000000004,0,0,0.2
252,180,180,177,0,0.8936695456504822,0.9500000000000004,0,0,0.24242424242424243
252,180,180,21,0,0.7833720445632935,0.9500000000000004,0,0,0.2222222222222222
252,180,180,34,0,0.7900892496109009,0.9500000000000004,0,0,0.3333333333333333
252,180,180,38,0,0.9258056879043579,0.9500000000000004,0,0,0.3333333333333333
252,180,180,389,0,0.7379782795906067,0.9500000000000004,0,0,0.3076923076923077
252,180,180,680,0,0.877056896686554,0.9500000000000004,0,0,0.4
252,180,180,681,0,0.37978288531303406,0.9500000000000004,0,0,0.2
252,180,180,747,0,0.6770626306533813,0.9500000000000004,0,0,0.2
252,180,180,815,0,0.22226348519325256,0.9500000000000004,0,0,0.2
252,180,180,817,0,0.9846506118774414,0.9500000000000004,1,1,1.0
252,180,180,828,0,0.7618860602378845,0.9500000000000004,0,0,0.5
252,180,180,834,0,0.5345986485481262,0.9500000000000004,0,0,0.5
252,180,180,853,0,0.6593589782714844,0.9500000000000004,0,0,1.0
252,180,180,854,0,0.6593590378761292,0.9500000000000004,0,0,1.0
252,180,817,193,1,0.7806128859519958,0.9500000000000004,0,0,0.2972972972972973
252,180,817,38,1,0.9666869640350342,0.9500000000000004,1,0,0.40540540540540543
252,180,817,680,1,0.9082600474357605,0.9500000000000004,0,0,0.32432432432432434
252,180,817,853,1,0.33303171396255493,0.9500000000000004,0,0,0.2857142857142857
252,180,817,854,1,0.33303171396255493,0.9500000000000004,0,0,0.2857142857142857
252,180,817,870,1,0.5851667523384094,0.9500000000000004,0,0,1.0
252,180,38,34,2,0.7811129689216614,0.9500000000000004,0,0,0.2804878048780488
252,180,38,389,2,0.643429696559906,0.9500000000000004,0,0,0.2361111111111111
252,180,38,55,2,0.7017572522163391,0.9500000000000004,0,0,0.25925925925925924
252,180,38,680,2,0.9174303412437439,0.9500000000000004,0,0,0.5757575757575758
252,180,38,857,2,0.5300279855728149,0.9500000000000004,0,0,0.2222222222222222
252,180,38,870,2,0.5201883912086487,0.9500000000000004,0,0,1.0
252,180,167,21,1,0.846656322479248,0.9500000000000004,0,0,0.3
252,180,167,34,1,0.7728645205497742,0.9500000000000004,0,0,0.3142857142857143
252,180,167,389,1,0.6524794101715088,0.9500000000000004,0,0,0.3333333333333333
252,180,167,680,1,0.9111111164093018,0.9500000000000004,0,0,0.4909090909090909
252,180,167,853,1,0.31183329224586487,0.9500000000000004,0,0,0.2857142857142857
252,180,167,854,1,0.31183329224586487,0.9500000000000004,0,0,0.2857142857142857
252,180,167,870,1,0.5535275936126709,0.9500000000000004,0,0,1.0
253,178,178,167,0,0.8920709490776062,0.9500000000000004,0,0,0.6666666666666666
253,178,178,176,0,0.9632556438446045,0.9500000000000004,1,1,0.6
253,178,178,177,0,0.9614407420158386,0.9500000000000004,1,1,0.6
253,178,178,180,0,0.8354784250259399,0.9500000000000004,0,0,0.3333333333333333
253,178,178,21,0,0.7759312987327576,0.9500000000000004,0,0,0.26666666666666666
253,178,178,34,0,0.8795269727706909,0.9500000000000004,0,0,0.4666666666666667
253,178,178,35,0,0.720067024230957,0.9500000000000004,0,0,0.2
253,178,178,38,0,0.9159659147262573,0.9500000000000004,0,0,0.4
253,178,178,389,0,0.6831808686256409,0.9500000000000004,0,0,0.2857142857142857
253,178,178,55,0,0.7306142449378967,0.9500000000000004,0,0,0.2
253,178,178,680,0,0.9327659606933594,0.9500000000000004,0,0,0.5714285714285714
253,178,178,741,0,0.49434998631477356,0.9500000000000004,0,0,0.23076923076923078
253,178,178,817,0,0.9319912195205688,0.9500000000000004,0,1,0.2857142857142857
253,178,178,820,0,0.3242625892162323,0.9500000000000004,0,0,0.25
253,178,178,852,0,0.5612184405326843,0.9500000000000004,0,0,0.3333333333333333
253,178,178,860,0,0.3333273231983185,0.9500000000000004,0,1,0.5
253,178,177,167,1,0.9865188002586365,0.9500000000000004,1,0,0.75
253,178,177,180,1,0.9600637555122375,0.9500000000000004,1,0,0.5
253,178,177,34,1,0.7450689077377319,0.9500000000000004,0,0,0.25
253,178,177,38,1,0.9407004714012146,0.9500000000000004,0,0,0.375
253,178,177,383,1,0.40708109736442566,0.9500000000000004,0,0,0.2
253,178,177,389,1,0.6229702234268188,0.9500000000000004,0,0,0.21428571428571427
253,178,177,680,1,0.9335511922836304,0.9500000000000004,0,0,0.5714285714285714
253,178,177,747,1,0.7459667325019836,0.9500000000000004,0,0,0.375
253,178,177,817,1,0.9860467314720154,0.9500000000000004,1,1,0.8333333333333334
254,737,737,1,0,0.8895694613456726,0.9500000000000004,0,0,0.25
254,737,737,154,0,0.7897001504898071,0.9500000000000004,0,0,0.25
254,737,737,163,0,0.5174779295921326,0.9500000000000004,0,0,0.2
254,737,737,167,0,0.8966778516769409,0.9500000000000004,0,0,0.375
254,737,737,176,0,0.8234468698501587,0.9500000000000004,0,0,0.25
254,737,737,180,0,0.8864695429801941,0.9500000000000004,0,0,0.375
254,737,737,213,0,0.4266776144504547,0.9500000000000004,0,0,0.5
254,737,737,38,0,0.8798525333404541,0.9500000000000004,0,0,0.375
254,737,737,41,0,0.9439170956611633,0.9500000000000004,0,0,0.375
254,737,737,46,0,0.6563586592674255,0.9500000000000004,0,0,0.25
254,737,737,50,0,0.5941377878189087,0.9500000000000004,0,0,0.25
254,737,737,59,0,0.4266776144504547,0.9500000000000004,0,0,0.5
254,737,737,7,0,0.8501145243644714,0.9500000000000004,0,0,0.25
254,737,737,813,0,0.36240464448928833,0.9500000000000004,0,0,0.25
254,737,737,824,0,0.9558368921279907,0.9500000000000004,1,0,1.0
254,737,737,851,0,0.8283218741416931,0.9500000000000004,0,0,1.0
254,737,824,167,1,0.9597366452217102,0.9500000000000004,1,0,0.42857142857142855
254,737,824,192,1,0.7855656147003174,0.9500000000000004,0,0,0.2857142857142857
254,737,824,213,1,0.31271302700042725,0.9500000000000004,0,0,0.2
254,737,824,41,1,0.9542217254638672,0.9500000000000004,1,0,0.42857142857142855
254,737,824,59,1,0.31271302700042725,0.9500000000000004,0,0,0.2
254,737,824,817,1,0.9260669350624084,0.9500000000000004,0,0,0.2857142857142857
254,737,824,851,1,0.6064819097518921,0.9500000000000004,0,0,0.25
254,737,824,852,1,0.5599187612533569,0.9500000000000004,0,0,0.25
254,737,824,853,1,0.518212080001831,0.9500000000000004,0,0,0.3333333333333333
254,737,824,854,1,0.518212080001831,0.9500000000000004,0,0,0.3333333333333333
254,737,824,871,1,0.7584118247032166,0.9500000000000004,0,0,1.0
254,737,41,204,2,0.5757877230644226,0.9500000000000004,0,0,0.25
254,737,41,210,2,0.7478836178779602,0.9500000000000004,0,0,0.4
254,737,41,213,2,0.27005505561828613,0.9500000000000004,0,0,0.25
254,737,41,38,2,0.954348087310791,0.9500000000000004,1,0,0.6875
254,737,41,46,2,0.6691865921020508,0.9500000000000004,0,0,0.3125
254,737,41,59,2,0.27005505561828613,0.9500000000000004,0,0,0.25
254,737,41,680,2,0.7883790135383606,0.9500000000000004,0,0,0.35714285714285715
254,737,41,826,2,0.7381845116615295,0.9500000000000004,0,0,0.3333333333333333
254,737,41,851,2,0.6557379961013794,0.9500000000000004,0,0,0.5
254,737,41,872,2,0.6668669581413269,0.9500000000000004,0,0,1.0
254,737,38,34,3,0.7796263694763184,0.9500000000000004,0,0,0.2804878048780488
254,737,38,389,3,0.6557247042655945,0.9500000000000004,0,0,0.2361111111111111
254,737,38,55,3,0.7093343138694763,0.9500000000000004,0,0,0.25925925925925924
254,737,38,680,3,0.9238219261169434,0.9500000000000004,0,0,0.5757575757575758
254,737,38,817,3,0.9613693356513977,0.9500000000000004,1,0,0.4166666666666667
255,829,829,1,0,0.9144365191459656,0.9500000000000004,0,0,0.4
255,829,829,154,0,0.7477300763130188,0.9500000000000004,0,0,0.2
255,829,829,204,0,0.5713275074958801,0.9500000000000004,0,0,0.2
255,829,829,34,0,0.8783202171325684,0.9500000000000004,0,0,0.4
255,829,829,371,0,0.48988789319992065,0.9500000000000004,0,0,0.2
255,829,829,789,0,0.5276861786842346,0.9500000000000004,0,0,0.2
255,829,829,811,0,0.7088794708251953,0.9500000000000004,0,0,0.2
255,829,829,812,0,0.44413769245147705,0.9500000000000004,0,0,0.2
255,829,829,817,0,0.9417608976364136,0.9500000000000004,0,0,0.4
255,829,829,827,0,0.4395914673805237,0.9500000000000004,0,0,0.2
255,829,829,830,0,0.5929596424102783,0.9500000000000004,0,0,0.4
255,829,829,831,0,0.3703508973121643,0.9500000000000004,0,0,0.25
255,829,829,832,0,0.3703508973121643,0.9500000000000004,0,0,0.25
255,829,829,863,0,0.7176684141159058,0.9500000000000004,0,0,1.0
256,66,66,167,0,0.9550042152404785,0.9500000000000004,1,0,0.25
256,66,66,215,0,0.6107348203659058,0.9500000000000004,0,0,0.25
256,66,66,329,0,0.5516392588615417,0.9500000000000004,0,0,0.2
256,66,66,33,0,0.7436930537223816,0.9500000000000004,0,0,0.25
256,66,66,34,0,0.9589201807975769,0.9500000000000004,1,1,0.6666666666666666
256,66,66,364,0,0.7575938701629639,0.9500000000000004,0,0,0.21052631578947367
256,66,66,38,0,0.9652859568595886,0.9500000000000004,1,0,0.42857142857142855
256,66,66,384,0,0.748879611492157,0.9500000000000004,0,0,0.4
256,66,66,389,0,0.7802155017852783,0.9500000000000004,0,0,0.4
256,66,66,391,0,0.41427770256996155,0.9500000000000004,0,0,0.2
256,66,66,65,0,0.8465094566345215,0.9500000000000004,0,1,0.5238095238095238
256,66,66,680,0,0.9469472765922546,0.9500000000000004,0,1,0.5
256,66,66,683,0,0.6561732292175293,0.9500000000000004,0,0,0.25
256,66,66,738,0,0.39051657915115356,0.9500000000000004,0,0,0.25
256,66,66,742,0,0.2687433660030365,0.9500000000000004,0,0,0.2
256,66,66,743,0,0.2687433660030365,0.9500000000000004,0,0,0.2
256,66,66,744,0,0.2687433660030365,0.9500000000000004,0,0,0.2
256,66,66,745,0,0.2687433660030365,0.9500000000000004,0,0,0.2
256,66,66,818,0,0.27117934823036194,0.9500000000000004,0,0,0.25
256,66,38,389,1,0.6515887379646301,0.9500000000000004,0,0,0.2361111111111111
256,66,38,55,1,0.7049551606178284,0.9500000000000004,0,0,0.25925925925925924
256,66,38,680,1,0.9191356301307678,0.9500000000000004,0,1,0.5757575757575758
256,66,38,817,1,0.946462094783783,0.9500000000000004,0,0,0.4166666666666667
256,66,38,857,1,0.3938208520412445,0.9500000000000004,0,0,0.2222222222222222
256,66,38,870,1,0.6969976425170898,0.9500000000000004,0,0,1.0
256,66,34,213,1,0.20649629831314087,0.9500000000000004,0,0,0.2
256,66,34,389,1,0.6685816645622253,0.9500000000000004,0,0,0.2647058823529412
256,66,34,59,1,0.20649629831314087,0.9500000000000004,0,0,0.2
256,66,34,680,1,0.9247922897338867,0.9500000000000004,0,1,0.41379310344827586
256,66,34,816,1,0.801478385925293,0.9500000000000004,0,0,0.375
256,66,34,817,1,0.9191115498542786,0.9500000000000004,0,0,0.35
256,66,34,829,1,0.7264469861984253,0.9500000000000004,0,0,0.2
256,66,34,852,1,0.5994459986686707,0.9500000000000004,0,0,0.5
256,66,34,856,1,0.20819835364818573,0.9500000000000004,0,0,0.25
256,66,34,857,1,0.4132039248943329,0.9500000000000004,0,0,0.25
256,66,167,180,1,0.943760335445404,0.9500000000000004,0,0,0.36619718309859156
256,66,167,21,1,0.8407491445541382,0.9500000000000004,0,0,0.29577464788732394
256,66,167,389,1,0.662976861000061,0.9500000000000004,0,0,0.32786885245901637
256,66,167,680,1,0.8817561268806458,0.9500000000000004,0,1,0.48214285714285715
256,66,167,817,1,0.9769837260246277,0.9500000000000004,1,0,0.6896551724137931
256,66,167,853,1,0.3218643069267273,0.9500000000000004,0,0,0.25
256,66,167,854,1,0.3218643069267273,0.9500000000000004,0,0,0.25
256,66,167,870,1,0.6868655681610107,0.9500000000000004,0,0,0.5
256,66,817,193,2,0.7605919241905212,0.9500000000000004,0,0,0.28205128205128205
256,66,817,680,2,0.8691284656524658,0.9500000000000004,0,1,0.3076923076923077
256,66,817,853,2,0.3510423004627228,0.9500000000000004,0,0,0.2222222222222222
256,66,817,854,2,0.3510423004627228,0.9500000000000004,0,0,0.2222222222222222
256,66,817,860,2,0.6217517256736755,0.9500000000000004,0,0,0.25
256,66,817,870,2,0.6968786120414734,0.9500000000000004,0,0,0.3333333333333333
257,680,680,167,0,0.900244414806366,0.9500000000000004,0,0,0.5
257,680,680,34,0,0.964923620223999,0.9500000000000004,1,0,0.24074074074074073
257,680,680,38,0,0.9154765009880066,0.9500000000000004,0,0,0.7037037037037037
257,680,680,389,0,0.6260382533073425,0.9500000000000004,0,0,0.2222222222222222
257,680,680,817,0,0.9102644920349121,0.9500000000000004,0,0,0.41379310344827586
257,680,680,852,0,0.3437493145465851,0.9500000000000004,0,0,0.2
257,680,680,872,0,0.7644613981246948,0.9500000000000004,0,0,1.0
257,680,34,167,1,0.8015689253807068,0.9500000000000004,0,0,0.3548387096774194
257,680,34,38,1,0.809962809085846,0.9500000000000004,0,0,0.3484848484848485
257,680,34,389,1,0.6063125133514404,0.9500000000000004,0,0,0.2571428571428571
257,680,34,65,1,0.9166951775550842,0.9500000000000004,0,0,0.203125
257,680,34,66,1,0.9338825941085815,0.9500000000000004,0,0,0.234375
257,680,34,816,1,0.6544144153594971,0.9500000000000004,0,0,0.35294117647058826
257,680,34,817,1,0.8454843163490295,0.9500000000000004,0,0,0.3333333333333333
257,680,34,852,1,0.42717796564102173,0.9500000000000004,0,0,0.4
257,680,34,856,1,0.13893891870975494,0.9500000000000004,0,0,0.2
257,680,34,857,1,0.2858978509902954,0.9500000000000004,0,0,0.2
257,680,34,872,1,0.7646212577819824,0.9500000000000004,0,0,1.0
258,167,167,180,0,0.9342013001441956,0.9500000000000004,0,0,0.36619718309859156
258,167,167,21,0,0.8334541916847229,0.9500000000000004,0,0,0.29577464788732394
258,167,167,34,0,0.8514676094055176,0.9500000000000004,0,0,0.30985915492957744
258,167,167,38,0,0.9431175589561462,0.9500000000000004,0,1,0.5070422535211268
258,167,167,389,0,0.6598618030548096,0.9500000000000004,0,0,0.32786885245901637
258,167,167,680,0,0.9539964199066162,0.9500000000000004,1,1,0.48214285714285715
258,167,167,817,0,0.9724969267845154,0.9500000000000004,1,0,0.6896551724137931
258,167,167,853,0,0.2969731092453003,0.9500000000000004,0,0,0.25
258,167,167,854,0,0.2969731092453003,0.9500000000000004,0,0,0.25
258,167,167,870,0,0.5746164917945862,0.9500000000000004,0,0,0.5
258,167,817,193,1,0.7535792589187622,0.9500000000000004,0,0,0.28205128205128205
258,167,817,38,1,0.9330776929855347,0.9500000000000004,0,1,0.38461538461538464
258,167,817,853,1,0.32887279987335205,0.9500000000000004,0,0,0.2222222222222222
258,167,817,854,1,0.32887279987335205,0.9500000000000004,0,0,0.2222222222222222
258,167,817,860,1,0.525833010673523,0.9500000000000004,0,0,0.25
258,167,817,870,1,0.5666592717170715,0.9500000000000004,0,0,0.3333333333333333
258,167,680,34,1,0.956289529800415,0.9500000000000004,1,0,0.23636363636363636
258,167,680,38,1,0.9092741012573242,0.9500000000000004,0,1,0.6909090909090909
258,167,680,389,1,0.6204721927642822,0.9500000000000004,0,0,0.21818181818181817
258,167,680,872,1,0.6262723207473755,0.9500000000000004,0,0,0.5
258,167,34,38,2,0.8131420016288757,0.9500000000000004,0,1,0.3484848484848485
258,167,34,389,2,0.6168765425682068,0.9500000000000004,0,0,0.2571428571428571
258,167,34,65,2,0.9079635739326477,0.9500000000000004,0,0,0.203125
258,167,34,66,2,0.9270443916320801,0.9500000000000004,0,0,0.234375
258,167,34,816,2,0.6692507266998291,0.9500000000000004,0,0,0.35294117647058826
258,167,34,852,2,0.43801411986351013,0.9500000000000004,0,0,0.4
258,167,34,856,2,0.14378218352794647,0.9500000000000004,0,0,0.2
258,167,34,857,2,0.2867158353328705,0.9500000000000004,0,0,0.2
258,167,34,872,2,0.7370941042900085,0.9500000000000004,0,0,1.0
259,167,167,180,0,0.9047053456306458,0.9500000000000004,0,0,0.3611111111111111
259,167,167,21,0,0.8087843656539917,0.9500000000000004,0,0,0.2916666666666667
259,167,167,34,0,0.8114429712295532,0.9500000000000004,0,0,0.3055555555555556
259,167,167,38,0,0.9734420776367188,0.9500000000000004,1,0,0.5138888888888888
259,167,167,389,0,0.6518046855926514,0.9500000000000004,0,0,0.3225806451612903
259,167,167,680,0,0.9699493646621704,0.9500000000000004,1,1,0.49122807017543857
259,167,167,817,0,0.9618450999259949,0.9500000000000004,1,0,0.6666666666666666
259,167,167,853,0,0.3298669159412384,0.9500000000000004,0,0,0.2222222222222222
259,167,167,854,0,0.3298669159412384,0.9500000000000004,0,0,0.2222222222222222
259,167,167,870,0,0.48432010412216187,0.9500000000000004,0,0,0.3333333333333333
259,167,817,193,1,0.7603248953819275,0.9500000000000004,0,0,0.28205128205128205
259,167,817,853,1,0.343204140663147,0.9500000000000004,0,0,0.2222222222222222
259,167,817,854,1,0.343204140663147,0.9500000000000004,0,0,0.2222222222222222
259,167,817,860,1,0.4995647966861725,0.9500000000000004,0,0,0.25
259,167,817,870,1,0.5075047612190247,0.9500000000000004,0,0,0.3333333333333333
259,167,680,34,1,0.9416211247444153,0.9500000000000004,0,0,0.23214285714285715
259,167,680,389,1,0.6644843220710754,0.9500000000000004,0,0,0.21428571428571427
259,167,680,872,1,0.5700514316558838,0.9500000000000004,0,0,0.3333333333333333
259,167,38,34,1,0.8263041973114014,0.9500000000000004,0,0,0.27710843373493976
259,167,38,389,1,0.6606866121292114,0.9500000000000004,0,0,0.2328767123287671
259,167,38,55,1,0.701816737651825,0.9500000000000004,0,0,0.25609756097560976
259,167,38,857,1,0.39944568276405334,0.9500000000000004,0,0,0.2
259,167,38,870,1,0.5158165693283081,0.9500000000000004,0,0,0.5
260,33,33,167,0,0.8926073908805847,0.9500000000000004,0,0,0.25
260,33,33,204,0,0.5311911106109619,0.9500000000000004,0,0,0.2
260,33,33,215,0,0.6142656803131104,0.9500000000000004,0,0,0.26666666666666666
260,33,33,34,0,0.945249080657959,0.9500000000000004,0,0,0.4375
260,33,33,38,0,0.9140357375144958,0.9500000000000004,0,1,0.3125
260,33,33,380,0,0.672690749168396,0.9500000000000004,0,0,0.3333333333333333
260,33,33,384,0,0.6635527014732361,0.9500000000000004,0,0,0.2727272727272727
260,33,33,66,0,0.776561439037323,0.9500000000000004,0,0,0.3125
260,33,33,680,0,0.9821385145187378,0.9500000000000004,1,0,0.5
260,33,33,681,0,0.6701639294624329,0.9500000000000004,0,0,0.2857142857142857
260,33,33,683,0,0.6367268562316895,0.9500000000000004,0,0,0.2857142857142857
260,33,33,705,0,0.5403215289115906,0.9500000000000004,0,0,0.25
260,33,33,706,0,0.669085681438446,0.9500000000000004,0,0,0.25
260,33,33,707,0,0.8383033871650696,0.9500000000000004,0,0,0.375
260,33,33,816,0,0.7868692874908447,0.9500000000000004,0,0,0.4
260,33,33,817,0,0.9624274373054504,0.9500000000000004,1,0,0.6
260,33,33,834,0,0.5963714122772217,0.9500000000000004,0,0,0.5
260,33,33,852,0,0.6647900342941284,0.9500000000000004,0,0,0.5
260,33,817,167,1,0.9815778136253357,0.9500000000000004,1,0,0.5128205128205128
260,33,817,193,1,0.7673577666282654,0.9500000000000004,0,0,0.28205128205128205
260,33,817,38,1,0.9576020240783691,0.9500000000000004,1,1,0.38461538461538464
260,33,817,853,1,0.3611539602279663,0.9500000000000004,0,0,0.2222222222222222
260,33,817,854,1,0.3611539602279663,0.9500000000000004,0,0,0.2222222222222222
260,33,817,860,1,0.48928332328796387,0.9500000000000004,0,0,0.25
260,33,817,870,1,0.4802679121494293,0.9500000000000004,0,0,0.3333333333333333
260,33,38,34,2,0.8228268623352051,0.9500000000000004,0,0,0.27710843373493976
260,33,38,389,2,0.6697619557380676,0.9500000000000004,0,0,0.2328767123287671
260,33,38,55,2,0.7110468149185181,0.9500000000000004,0,1,0.25609756097560976
260,33,38,857,2,0.40929630398750305,0.9500000000000004,0,0,0.2
260,33,38,870,2,0.507197916507721,0.9500000000000004,0,0,0.5
260,33,167,180,2,0.8981937766075134,0.9500000000000004,0,0,0.3561643835616438
260,33,167,21,2,0.8148993253707886,0.9500000000000004,0,1,0.2876712328767123
260,33,167,34,2,0.8068715929985046,0.9500000000000004,0,0,0.3013698630136986
260,33,167,389,2,0.6606280207633972,0.9500000000000004,0,0,0.31746031746031744
260,33,167,853,2,0.34879738092422485,0.9500000000000004,0,0,0.2
260,33,167,854,2,0.34879738092422485,0.9500000000000004,0,0,0.2
260,33,167,870,2,0.4377410113811493,0.9500000000000004,0,0,0.25
260,33,167,878,2,0.6612388491630554,0.9500000000000004,0,0,1.0
260,33,680,34,1,0.928611159324646,0.9500000000000004,0,0,0.22807017543859648
260,33,680,389,1,0.6744406819343567,0.9500000000000004,0,0,0.21052631578947367
260,33,680,872,1,0.5037327408790588,0.9500000000000004,0,0,0.25
260,33,680,878,1,0.6687933206558228,0.9500000000000004,0,0,1.0
261,38,38,167,0,0.9689818620681763,0.9500000000000004,1,0,0.4457831325301205
261,38,38,34,0,0.8164457678794861,0.9500000000000004,0,0,0.27380952380952384
261,38,38,389,0,0.6798422932624817,0.9500000000000004,0,0,0.22972972972972974
261,38,38,55,0,0.93537837266922,0.9500000000000004,0,1,0.26506024096385544
261,38,38,680,0,0.9764412641525269,0.9500000000000004,1,0,0.5735294117647058
261,38,38,817,0,0.8956818580627441,0.9500000000000004,0,0,0.39473684210526316
261,38,38,870,0,0.48117467761039734,0.9500000000000004,0,0,0.3333333333333333
261,38,38,879,0,0.6358546614646912,0.9500000000000004,0,0,1.0
261,38,680,34,1,0.9314442276954651,0.9500000000000004,0,0,0.22807017543859648
261,38,680,389,1,0.7058808207511902,0.9500000000000004,0,0,0.21052631578947367
261,38,680,817,1,0.9189568758010864,0.9500000000000004,0,0,0.375
261,38,680,872,1,0.5078980326652527,0.9500000000000004,0,0,0.25
261,38,680,878,1,0.659378170967102,0.9500000000000004,0,0,1.0
261,38,167,180,1,0.9109809994697571,0.9500000000000004,0,0,0.3561643835616438
261,38,167,21,1,0.9278097152709961,0.9500000000000004,0,0,0.2876712328767123
261,38,167,34,1,0.826433002948761,0.9500000000000004,0,0,0.3013698630136986
261,38,167,389,1,0.6946325898170471,0.9500000000000004,0,0,0.31746031746031744
261,38,167,817,1,0.9633194804191589,0.9500000000000004,1,0,0.6451612903225806
261,38,167,853,1,0.4038340151309967,0.9500000000000004,0,0,0.2
261,38,167,854,1,0.4038340151309967,0.9500000000000004,0,0,0.2
261,38,167,870,1,0.46612390875816345,0.9500000000000004,0,0,0.25
261,38,167,878,1,0.640154242515564,0.9500000000000004,0,0,1.0
261,38,817,193,2,0.7869583964347839,0.9500000000000004,0,0,0.28205128205128205
261,38,817,853,2,0.40963271260261536,0.9500000000000004,0,0,0.2222222222222222
261,38,817,854,2,0.40963271260261536,0.9500000000000004,0,0,0.2222222222222222
261,38,817,860,2,0.5288158655166626,0.9500000000000004,0,0,0.25
261,38,817,870,2,0.503843367099762,0.9500000000000004,0,0,0.3333333333333333
262,46,46,163,0,0.4526444673538208,0.9500000000000004,0,0,0.2
262,46,46,167,0,0.9109740257263184,0.9500000000000004,0,0,0.5
262,46,46,180,0,0.8421438336372375,0.9500000000000004,0,0,0.3333333333333333
262,46,46,187,0,0.7476674318313599,0.9500000000000004,0,0,0.25
262,46,46,21,0,0.8668566942214966,0.9500000000000004,0,0,0.25
262,46,46,210,0,0.8735460042953491,0.9500000000000004,0,1,0.5454545454545454
262,46,46,34,0,0.8473618626594543,0.9500000000000004,0,0,0.25
262,46,46,368,0,0.7178320288658142,0.9500000000000004,0,0,0.3
262,46,46,38,0,0.9851083159446716,0.9500000000000004,1,0,0.5833333333333334
262,46,46,41,0,0.8618183732032776,0.9500000000000004,0,1,0.4166666666666667
262,46,46,680,0,0.984887421131134,0.9500000000000004,1,0,0.8571428571428571
262,46,46,682,0,0.37456443905830383,0.9500000000000004,0,0,0.3333333333333333
262,46,46,706,0,0.6572331190109253,0.9500000000000004,0,0,0.2857142857142857
262,46,46,707,0,0.9051471948623657,0.9500000000000004,0,0,0.5714285714285714
262,46,46,737,0,0.7516254186630249,0.9500000000000004,0,0,0.3333333333333333
262,46,46,817,0,0.9384778738021851,0.9500000000000004,0,0,1.0
262,46,680,167,1,0.9765735864639282,0.9500000000000004,1,0,0.5087719298245614
262,46,680,34,1,0.9280620217323303,0.9500000000000004,0,0,0.22807017543859648
262,46,680,389,1,0.7082840800285339,0.9500000000000004,0,0,0.21052631578947367
262,46,680,817,1,0.9183171987533569,0.9500000000000004,0,0,0.375
262,46,680,872,1,0.4799121022224426,0.9500000000000004,0,0,0.25
262,46,680,878,1,0.6365916132926941,0.9500000000000004,0,0,1.0
262,46,167,180,2,0.9101715683937073,0.9500000000000004,0,0,0.3561643835616438
262,46,167,21,2,0.9213111400604248,0.9500000000000004,0,0,0.2876712328767123
262,46,167,34,2,0.8278772830963135,0.9500000000000004,0,0,0.3013698630136986
262,46,167,389,2,0.6978282928466797,0.9500000000000004,0,0,0.31746031746031744
262,46,167,817,2,0.9628593921661377,0.9500000000000004,1,0,0.6451612903225806
262,46,167,853,2,0.39376363158226013,0.9500000000000004,0,0,0.2
262,46,167,854,2,0.3937636613845825,0.9500000000000004,0,0,0.2
262,46,167,870,2,0.44305068254470825,0.9500000000000004,0,1,0.25
262,46,167,878,2,0.614061713218689,0.9500000000000004,0,0,1.0
262,46,817,193,3,0.7876496315002441,0.9500000000000004,0,0,0.28205128205128205
262,46,817,853,3,0.41351839900016785,0.9500000000000004,0,0,0.2222222222222222
262,46,817,854,3,0.41351839900016785,0.9500000000000004,0,0,0.2222222222222222
262,46,817,860,3,0.5201200246810913,0.9500000000000004,0,0,0.25
262,46,817,870,3,0.4891831874847412,0.9500000000000004,0,1,0.3333333333333333
262,46,38,34,1,0.7977467775344849,0.9500000000000004,0,0,0.27058823529411763
262,46,38,389,1,0.6616923809051514,0.9500000000000004,0,0,0.22666666666666666
262,46,38,55,1,0.9616376161575317,0.9500000000000004,1,0,0.27380952380952384
263,817,817,167,0,0.9761238098144531,0.9500000000000004,1,1,0.5128205128205128
263,817,817,193,0,0.7897355556488037,0.9500000000000004,0,0,0.28205128205128205
263,817,817,38,0,0.964566707611084,0.9500000000000004,1,0,0.38461538461538464
263,817,817,680,0,0.9357982873916626,0.9500000000000004,0,0,0.3076923076923077
263,817,817,853,0,0.4224637746810913,0.9500000000000004,0,0,0.2222222222222222
263,817,817,854,0,0.4224637746810913,0.9500000000000004,0,0,0.2222222222222222
263,817,817,860,0,0.519250214099884,0.9500000000000004,0,0,0.25
263,817,817,870,0,0.8142717480659485,0.9500000000000004,0,0,0.3333333333333333
263,817,38,34,1,0.8068814873695374,0.9500000000000004,0,0,0.27058823529411763
263,817,38,389,1,0.6751123070716858,0.9500000000000004,0,0,0.22666666666666666
263,817,38,55,1,0.9536833167076111,0.9500000000000004,1,0,0.27380952380952384
263,817,38,680,1,0.9623993039131165,0.9500000000000004,1,0,0.5652173913043478
263,817,38,870,1,0.6717195510864258,0.9500000000000004,0,0,0.25
263,817,38,879,1,0.43228232860565186,0.9500000000000004,0,0,0.5
263,817,680,34,2,0.9255965948104858,0.9500000000000004,0,0,0.22807017543859648
263,817,680,389,2,0.7135558724403381,0.9500000000000004,0,0,0.21052631578947367
263,817,680,872,2,0.4682905673980713,0.9500000000000004,0,0,0.25
263,817,680,878,2,0.6230809688568115,0.9500000000000004,0,0,1.0
263,817,55,21,2,0.9750785827636719,0.9500000000000004,1,0,0.6333333333333333
264,680,680,167,0,0.9838257431983948,0.9500000000000004,1,1,0.5087719298245614
264,680,680,34,0,0.9207419157028198,0.9500000000000004,0,0,0.22807017543859648
264,680,680,38,0,0.9825522899627686,0.9500000000000004,1,1,0.6842105263157895
264,680,680,389,0,0.7110292911529541,0.9500000000000004,0,0,0.21052631578947367
264,680,680,817,0,0.9768855571746826,0.9500000000000004,1,1,0.375
264,680,680,872,0,0.44247671961784363,0.9500000000000004,0,0,0.25
264,680,680,878,0,0.5996561050415039,0.9500000000000004,0,0,1.0
264,680,817,193,1,0.6212713122367859,0.9500000000000004,0,0,0.275
264,680,817,853,1,0.2214665710926056,0.9500000000000004,0,0,0.2
264,680,817,854,1,0.2214665710926056,0.9500000000000004,0,0,0.2
264,680,817,860,1,0.2532409429550171,0.9500000000000004,0,0,0.2222222222222222
264,680,817,870,1,0.46943631768226624,0.9500000000000004,0,0,0.25
264,680,38,34,1,0.8027604818344116,0.9500000000000004,0,0,0.27058823529411763
264,680,38,389,1,0.6709833145141602,0.9500000000000004,0,0,0.22666666666666666
264,680,38,55,1,0.9471797943115234,0.9500000000000004,0,0,0.27380952380952384
264,680,38,870,1,0.6158317923545837,0.9500000000000004,0,0,0.25
264,680,38,879,1,0.3940604031085968,0.9500000000000004,0,0,0.5
264,680,167,180,1,0.8005600571632385,0.9500000000000004,0,0,0.35135135135135137
264,680,167,21,1,0.8090085983276367,0.9500000000000004,0,0,0.28378378378378377
264,680,167,34,1,0.724980354309082,0.9500000000000004,0,0,0.2972972972972973
264,680,167,389,1,0.5787037014961243,0.9500000000000004,0,0,0.3125
264,680,167,870,1,0.44320929050445557,0.9500000000000004,0,0,0.2
264,680,167,878,1,0.23900605738162994,0.9500000000000004,0,0,0.5
265,817,817,167,0,0.9859244227409363,0.9500000000000004,1,1,0.5365853658536586
265,817,817,193,0,0.5841022729873657,0.9500000000000004,0,0,0.2682926829268293
265,817,817,38,0,0.9680197238922119,0.9500000000000004,1,0,0.3902439024390244
265,817,817,680,0,0.9679844975471497,0.9500000000000004,1,0,0.3170731707317073
265,817,817,860,0,0.2157064527273178,0.9500000000000004,0,0,0.2
265,817,817,870,0,0.38606366515159607,0.9500000000000004,0,0,0.2
265,817,680,34,1,0.8046481013298035,0.9500000000000004,0,0,0.22413793103448276
265,817,680,389,1,0.5570588111877441,0.9500000000000004,0,0,0.20689655172413793
265,817,680,872,1,0.1743387132883072,0.9500000000000004,0,0,0.2
265,817,680,878,1,0.20474781095981598,0.9500000000000004,0,0,0.5
265,817,38,34,1,0.7176355123519897,0.9500000000000004,0,0,0.26744186046511625
265,817,38,389,1,0.5579206943511963,0.9500000000000004,0,0,0.2236842105263158
265,817,38,55,1,0.870104968547821,0.9500000000000004,0,0,0.27058823529411763
265,817,38,870,1,0.3311741352081299,0.9500000000000004,0,0,0.2
265,817,38,879,1,0.15695039927959442,0.9500000000000004,0,0,0.3333333333333333
265,817,167,180,1,0.7812408208847046,0.9500000000000004,0,0,0.3466666666666667
265,817,167,21,1,0.7609387636184692,0.9500000000000004,0,0,0.28
265,817,167,34,1,0.7196213006973267,0.9500000000000004,0,0,0.29333333333333333
265,817,167,389,1,0.5597050189971924,0.9500000000000004,0,0,0.3076923076923077
265,817,167,878,1,0.1574764847755432,0.9500000000000004,0,0,0.3333333333333333
266,817,817,167,0,0.9858623147010803,0.9500000000000004,1,0,0.5476190476190477
266,817,817,193,0,0.7053114175796509,0.9500000000000004,0,0,0.2619047619047619
266,817,817,38,0,0.9684538841247559,0.9500000000000004,1,0,0.38095238095238093
266,817,817,680,0,0.9709671139717102,0.9500000000000004,1,0,0.30952380952380953
266,817,680,34,1,0.8676605224609375,0.9500000000000004,0,0,0.22413793103448276
266,817,680,389,1,0.6547027826309204,0.9500000000000004,0,0,0.20689655172413793
266,817,680,872,1,0.32032865285873413,0.9500000000000004,0,0,0.2
266,817,680,878,1,0.33273887634277344,0.9500000000000004,0,0,0.5
266,817,38,34,1,0.7622140645980835,0.9500000000000004,0,0,0.26744186046511625
266,817,38,389,1,0.638900101184845,0.9500000000000004,0,0,0.2236842105263158
266,817,38,55,1,0.9133650064468384,0.9500000000000004,0,0,0.27058823529411763
266,817,38,870,1,0.4725233018398285,0.9500000000000004,0,0,0.2
266,817,38,879,1,0.25448721647262573,0.9500000000000004,0,0,0.3333333333333333
266,817,167,180,1,0.8470779061317444,0.9500000000000004,0,0,0.34210526315789475
266,817,167,21,1,0.8137366771697998,0.9500000000000004,0,0,0.27631578947368424
266,817,167,34,1,0.7737910151481628,0.9500000000000004,0,0,0.2894736842105263
266,817,167,389,1,0.6491932272911072,0.9500000000000004,0,0,0.30303030303030304
266,817,167,878,1,0.25466006994247437,0.9500000000000004,0,0,0.25
267,38,38,167,0,0.9677591323852539,0.9500000000000004,1,0,0.4470588235294118
267,38,38,34,0,0.759157657623291,0.9500000000000004,0,0,0.26744186046511625
267,38,38,389,0,0.6342008113861084,0.9500000000000004,0,0,0.2236842105263158
267,38,38,55,0,0.9068122506141663,0.9500000000000004,0,0,0.27058823529411763
267,38,38,680,0,0.971498429775238,0.9500000000000004,1,0,0.5714285714285714
267,38,38,817,0,0.9643557667732239,0.9500000000000004,1,0,0.4
267,38,38,870,0,0.4383544325828552,0.9500000000000004,0,0,0.2
267,38,38,879,0,0.23230670392513275,0.9500000000000004,0,0,0.3333333333333333
267,38,817,193,1,0.5851243138313293,0.9500000000000004,0,0,0.2558139534883721
267,38,817,898,1,0.7006849646568298,0.9500000000000004,0,0,1.0
267,38,680,34,1,0.86336350440979,0.9500000000000004,0,0,0.22413793103448276
267,38,680,389,1,0.6518486142158508,0.9500000000000004,0,0,0.20689655172413793
267,38,680,872,1,0.29338839650154114,0.9500000000000004,0,0,0.2
267,38,680,878,1,0.3079811930656433,0.9500000000000004,0,0,0.5
267,38,167,180,1,0.8469125032424927,0.9500000000000004,0,0,0.34210526315789475
267,38,167,21,1,0.8108524680137634,0.9500000000000004,0,0,0.27631578947368424
267,38,167,34,1,0.7742350101470947,0.9500000000000004,0,0,0.2894736842105263
267,38,167,389,1,0.6464898586273193,0.9500000000000004,0,0,0.30303030303030304
267,38,167,878,1,0.2260201871395111,0.9500000000000004,0,0,0.25
268,680,680,167,0,0.9730944037437439,0.9500000000000004,1,0,0.5172413793103449
268,680,680,34,0,0.8595238327980042,0.9500000000000004,0,0,0.22413793103448276
268,680,680,38,0,0.9823060631752014,0.9500000000000004,1,1,0.6896551724137931
268,680,680,389,0,0.6509211659431458,0.9500000000000004,0,0,0.20689655172413793
268,680,680,817,0,0.9748759865760803,0.9500000000000004,1,1,0.3939393939393939
268,680,680,872,0,0.27574747800827026,0.9500000000000004,0,0,0.2
268,680,680,878,0,0.29179123044013977,0.9500000000000004,0,0,0.5
268,680,817,193,1,0.6324122548103333,0.9500000000000004,0,0,0.2558139534883721
268,680,817,898,1,0.6528037786483765,0.9500000000000004,0,0,1.0
268,680,38,34,1,0.7195329070091248,0.9500000000000004,0,0,0.26436781609195403
268,680,38,389,1,0.5901784896850586,0.9500000000000004,0,0,0.22077922077922077
268,680,38,55,1,0.8579058051109314,0.9500000000000004,0,0,0.26744186046511625
268,680,38,879,1,0.14568065106868744,0.9500000000000004,0,0,0.25
268,680,38,899,1,0.5620344281196594,0.9500000000000004,0,0,1.0
268,680,38,900,1,0.5620344281196594,0.9500000000000004,0,0,1.0
268,680,167,180,1,0.8464512825012207,0.9500000000000004,0,0,0.34210526315789475
268,680,167,21,1,0.8077673316001892,0.9500000000000004,0,0,0.27631578947368424
268,680,167,34,1,0.7744505405426025,0.9500000000000004,0,0,0.2894736842105263
268,680,167,389,1,0.6450154185295105,0.9500000000000004,0,0,0.30303030303030304
268,680,167,878,1,0.20707429945468903,0.9500000000000004,0,0,0.25
269,36,36,167,0,0.9450308680534363,0.9500000000000004,0,0,0.75
269,36,36,177,0,0.8373141884803772,0.9500000000000004,0,0,0.5
269,36,36,178,0,0.7090571522712708,0.9500000000000004,0,0,0.25
269,36,36,180,0,0.8573986291885376,0.9500000000000004,0,0,0.5
269,36,36,192,0,0.8189051747322083,0.9500000000000004,0,0,0.5
269,36,36,193,0,0.7202960848808289,0.9500000000000004,0,0,0.25
269,36,36,33,0,0.8236158490180969,0.9500000000000004,0,0,0.25
269,36,36,34,0,0.9533690810203552,0.9500000000000004,1,1,0.75
269,36,36,35,0,0.7243958115577698,0.9500000000000004,0,0,0.25
269,36,36,38,0,0.8587074279785156,0.9500000000000004,0,0,0.25
269,36,36,389,0,0.7431349754333496,0.9500000000000004,0,0,0.5
269,36,36,54,0,0.5329558849334717,0.9500000000000004,0,0,0.25
269,36,36,680,0,0.9522587060928345,0.9500000000000004,1,1,0.5
269,36,36,707,0,0.7268213629722595,0.9500000000000004,0,0,0.25
269,36,36,746,0,0.46031180024147034,0.9500000000000004,0,0,0.3333333333333333
269,36,36,747,0,0.8071178197860718,0.9500000000000004,0,0,0.6666666666666666
269,36,36,748,0,0.5553781390190125,0.9500000000000004,0,0,0.3333333333333333
269,36,36,816,0,0.7396672368049622,0.9500000000000004,0,0,0.5
269,36,36,817,0,0.97658771276474,0.9500000000000004,1,0,1.0
269,36,36,828,0,0.6794053316116333,0.9500000000000004,0,0,0.5
269,36,36,834,0,0.8825056552886963,0.9500000000000004,0,0,1.0
269,36,36,852,0,0.7679641842842102,0.9500000000000004,0,1,1.0
269,36,817,167,1,0.9771170020103455,0.9500000000000004,1,0,0.5227272727272727
269,36,817,193,1,0.7355731129646301,0.9500000000000004,0,0,0.25
269,36,817,38,1,0.9764627814292908,0.9500000000000004,1,0,0.38636363636363635
271,857,857,167,0,0.9362656474113464,0.9500000000000004,0,0,0.5
271,857,857,187,0,0.8727174401283264,0.9500000000000004,0,0,0.5
271,857,857,34,0,0.9061191082000732,0.9500000000000004,0,0,0.5
271,857,857,366,0,0.5654029250144958,0.9500000000000004,0,0,0.5
271,857,857,38,0,0.9838919639587402,0.9500000000000004,1,0,1.0
271,857,857,680,0,0.9061217904090881,0.9500000000000004,0,0,0.5
271,857,857,707,0,0.7768423557281494,0.9500000000000004,0,0,0.5
271,857,857,817,0,0.9440031051635742,0.9500000000000004,0,0,0.5
271,857,857,856,0,0.48575422167778015,0.9500000000000004,0,0,0.5
271,857,857,870,0,0.8387483358383179,0.9500000000000004,0,1,1.0
271,857,38,167,1,0.9546995759010315,0.9500000000000004,1,0,0.4367816091954023
271,857,38,34,1,0.8418795466423035,0.9500000000000004,0,0,0.26136363636363635
271,857,38,389,1,0.6643253564834595,0.9500000000000004,0,0,0.21794871794871795
271,857,38,55,1,0.895200252532959,0.9500000000000004,0,0,0.26436781609195403
271,857,38,680,1,0.9740672707557678,0.9500000000000004,1,0,0.5694444444444444
271,857,38,817,1,0.9634473323822021,0.9500000000000004,1,0,0.40476190476190477
271,857,38,879,1,0.23400172591209412,0.9500000000000004,0,0,0.2
271,857,38,899,1,0.41919729113578796,0.9500000000000004,0,0,0.5
271,857,38,900,1,0.41919729113578796,0.9500000000000004,0,0,0.5
271,857,817,193,2,0.7346180081367493,0.9500000000000004,0,0,0.25
271,857,817,898,2,0.4779411554336548,0.9500000000000004,0,0,0.5
271,857,680,34,2,0.9482305645942688,0.9500000000000004,0,0,0.23333333333333334
271,857,680,389,2,0.6339424848556519,0.9500000000000004,0,0,0.2
271,857,680,865,2,0.6169262528419495,0.9500000000000004,0,0,1.0
271,857,680,869,2,0.6169262528419495,0.9500000000000004,0,0,1.0
271,857,680,878,2,0.19691690802574158,0.9500000000000004,0,0,0.25
271,857,167,180,2,0.8710291385650635,0.9500000000000004,0,0,0.34210526315789475
271,857,167,21,2,0.8233898282051086,0.9500000000000004,0,0,0.27631578947368424
271,857,167,34,2,0.8811041116714478,0.9500000000000004,0,0,0.2894736842105263
271,857,167,389,2,0.6784279346466064,0.9500000000000004,0,0,0.30303030303030304
271,857,167,878,2,0.23745976388454437,0.9500000000000004,0,0,0.25
273,7,7,1,0,0.9776358008384705,0.9500000000000004,1,1,0.8125
273,7,7,149,0,0.7351797223091125,0.9500000000000004,0,1,0.3125
273,7,7,2,0,0.5547125935554504,0.9500000000000004,0,0,0.3076923076923077
273,7,7,213,0,0.34662723541259766,0.9500000000000004,0,0,0.5
273,7,7,34,0,0.9367033243179321,0.9500000000000004,0,0,0.2
273,7,7,38,0,0.9364497065544128,0.9500000000000004,0,0,0.26666666666666666
273,7,7,59,0,0.34662723541259766,0.9500000000000004,0,0,0.5
273,7,7,73,0,0.6197041869163513,0.9500000000000004,0,1,0.25
273,7,7,737,0,0.7334076166152954,0.9500000000000004,0,0,0.25
273,7,7,811,0,0.6944605112075806,0.9500000000000004,0,0,0.2857142857142857
273,7,7,824,0,0.6308091282844543,0.9500000000000004,0,0,0.25
273,7,1,149,1,0.6716128587722778,0.9500000000000004,0,1,0.20588235294117646
273,7,1,213,1,0.2891257107257843,0.9500000000000004,0,0,0.3333333333333333
273,7,1,34,1,0.9379372596740723,0.9500000000000004,0,0,0.2727272727272727
273,7,1,59,1,0.2891257107257843,0.9500000000000004,0,0,0.3333333333333333
273,7,1,829,1,0.6494312882423401,0.9500000000000004,0,0,0.2857142857142857
273,7,1,872,1,0.6299566626548767,0.9500000000000004,0,0,1.0
274,155,155,1,0,0.965183675289154,0.9500000000000004,1,1,0.3333333333333333
274,155,155,410,0,0.45620718598365784,0.9500000000000004,0,0,0.3333333333333333
274,155,155,477,0,0.49537500739097595,0.9500000000000004,0,0,0.5
274,155,155,490,0,0.49537500739097595,0.9500000000000004,0,0,0.5
274,155,155,513,0,0.45620718598365784,0.9500000000000004,0,0,0.3333333333333333
274,155,155,515,0,0.49537500739097595,0.9500000000000004,0,0,0.5
274,155,155,520,0,0.49537500739097595,0.9500000000000004,0,0,0.5
274,155,155,526,0,0.49537500739097595,0.9500000000000004,0,0,0.5
274,155,155,531,0,0.45620718598365784,0.9500000000000004,0,0,0.3333333333333333
274,155,155,539,0,0.49537500739097595,0.9500000000000004,0,0,0.5
274,155,155,567,0,0.5505687594413757,0.9500000000000004,0,0,0.3333333333333333
274,155,155,598,0,0.49537500739097595,0.9500000000000004,0,0,0.5
274,155,155,616,0,0.49537500739097595,0.9500000000000004,0,0,0.5
274,155,155,622,0,0.6203587055206299,0.9500000000000004,0,0,0.5
274,155,155,623,0,0.49537500739097595,0.9500000000000004,0,0,0.5
274,155,155,625,0,0.49537500739097595,0.9500000000000004,0,0,0.5
274,155,155,635,0,0.5620225667953491,0.9500000000000004,0,0,0.5
274,155,155,641,0,0.49537500739097595,0.9500000000000004,0,0,0.5
274,155,155,731,0,0.45620718598365784,0.9500000000000004,0,0,0.3333333333333333
274,155,155,758,0,0.45620718598365784,0.9500000000000004,0,0,0.3333333333333333
274,155,1,149,1,0.943198561668396,0.9500000000000004,0,0,0.22857142857142856
274,155,1,213,1,0.2916605770587921,0.9500000000000004,0,0,0.25
274,155,1,34,1,0.8737335801124573,0.9500000000000004,0,0,0.2647058823529412
274,155,1,59,1,0.2916605770587921,0.9500000000000004,0,0,0.25
274,155,1,7,1,0.9707664251327515,0.9500000000000004,1,1,0.4
274,155,1,73,1,0.8912481069564819,0.9500000000000004,0,0,0.2
274,155,1,829,1,0.6284116506576538,0.9500000000000004,0,0,0.25
274,155,1,872,1,0.4966234564781189,0.9500000000000004,0,0,0.5
274,155,7,149,2,0.9614138603210449,0.9500000000000004,1,0,0.35294117647058826
274,155,7,2,2,0.556890606880188,0.9500000000000004,0,0,0.2857142857142857
274,155,7,213,2,0.344914972782135,0.9500000000000004,0,0,0.3333333333333333
274,155,7,38,2,0.8409916758537292,0.9500000000000004,0,0,0.25
274,155,7,59,2,0.344914972782135,0.9500000000000004,0,0,0.3333333333333333
274,155,7,73,2,0.9290605783462524,0.9500000000000004,0,0,0.29411764705882354
274,155,7,737,2,0.7036270499229431,0.9500000000000004,0,0,0.2222222222222222
274,155,7,811,2,0.6981886029243469,0.9500000000000004,0,0,0.25
274,155,7,824,2,0.6304053664207458,0.9500000000000004,0,0,0.2
274,155,149,154,3,0.7387641072273254,0.9500000000000004,0,0,0.3
274,155,149,2,3,0.540667712688446,0.9500000000000004,0,0,0.2
274,155,149,213,3,0.46438634395599365,0.9500000000000004,0,0,0.5
274,155,149,34,3,0.8464511632919312,0.9500000000000004,0,0,0.2
274,155,149,38,3,0.834240198135376,0.9500000000000004,0,0,0.2
274,155,149,41,3,0.7912039160728455,0.9500000000000004,0,0,0.2
274,155,149,59,3,0.46438634395599365,0.9500000000000004,0,0,0.5
274,155,149,73,3,0.9522285461425781,0.9500000000000004,1,0,0.45454545454545453
274,155,149,820,3,0.483916699886322,0.9500000000000004,0,0,0.2
274,155,149,824,3,0.6677651405334473,0.9500000000000004,0,0,0.25
274,155,149,833,3,0.41165632009506226,0.9500000000000004,0,0,0.3333333333333333
274,155,73,2,4,0.5560826063156128,0.9500000000000004,0,0,0.4
275,905,905,1,0,0.8146405816078186,0.9500000000000004,0,1,1.0
275,905,905,155,0,0.674570620059967,0.9500000000000004,0,0,1.0
275,905,905,7,0,0.7783182859420776,0.9500000000000004,0,1,1.0
276,507,507,397,0,0.4832024872303009,0.9500000000000004,0,0,0.5
276,507,507,402,0,0.6807577013969421,0.9500000000000004,0,0,1.0
276,507,507,417,0,0.42590466141700745,0.9500000000000004,0,0,0.5
276,507,507,464,0,0.5635655522346497,0.9500000000000004,0,0,1.0
276,507,507,475,0,0.5796830058097839,0.9500000000000004,0,0,0.5
276,507,507,476,0,0.5635655522346497,0.9500000000000004,0,0,1.0
276,507,507,481,0,0.6550596952438354,0.9500000000000004,0,0,1.0
276,507,507,493,0,0.42590466141700745,0.9500000000000004,0,0,0.5
276,507,507,496,0,0.6550596952438354,0.9500000000000004,0,0,1.0
276,507,507,503,0,0.5635655522346497,0.9500000000000004,0,0,1.0
276,507,507,504,0,0.6807577013969421,0.9500000000000004,0,0,1.0
276,507,507,554,0,0.5635655522346497,0.9500000000000004,0,0,1.0
276,507,507,557,0,0.42590466141700745,0.9500000000000004,0,0,0.5
276,507,507,558,0,0.5635655522346497,0.9500000000000004,0,0,1.0
276,507,507,563,0,0.5874335169792175,0.9500000000000004,0,0,0.5
276,507,507,573,0,0.4832024872303009,0.9500000000000004,0,0,0.5
276,507,507,596,0,0.5635655522346497,0.9500000000000004,0,0,1.0
276,507,507,601,0,0.42590466141700745,0.9500000000000004,0,0,0.5
276,507,507,622,0,0.6641365885734558,0.9500000000000004,0,0,0.5
276,507,507,635,0,0.4832024872303009,0.9500000000000004,0,0,0.5
276,507,507,825,0,0.5205981731414795,0.9500000000000004,0,0,0.5
277,778,778,775,0,0.5939536094665527,0.9500000000000004,0,1,1.0
280,573,573,397,0,0.6025021076202393,0.9500000000000004,0,0,0.5
280,573,573,417,0,0.5444120764732361,0.9500000000000004,0,0,1.0
280,573,573,493,0,0.5444120764732361,0.9500000000000004,0,0,1.0
280,573,573,507,0,0.8116998672485352,0.9500000000000004,0,1,1.0
280,573,573,557,0,0.5444120764732361,0.9500000000000004,0,0,1.0
280,573,573,561,0,0.4266844689846039,0.9500000000000004,0,0,0.5
280,573,573,583,0,0.4266844689846039,0.9500000000000004,0,0,0.5
280,573,573,601,0,0.5444120764732361,0.9500000000000004,0,0,1.0
280,573,573,635,0,0.5831025242805481,0.9500000000000004,0,0,0.5
280,573,573,636,0,0.5460203886032104,0.9500000000000004,0,0,0.5
280,573,573,644,0,0.4266844689846039,0.9500000000000004,0,0,0.5
280,573,573,775,0,0.7364110350608826,0.9500000000000004,0,0,0.5
280,573,573,777,0,0.4266844689846039,0.9500000000000004,0,0,0.5
280,573,573,781,0,0.4266844689846039,0.9500000000000004,0,0,0.5
280,573,573,825,0,0.6439293026924133,0.9500000000000004,0,0,1.0
281,443,443,479,0,0.5845659375190735,0.9500000000000004,0,0,1.0
281,443,443,481,0,0.6561115384101868,0.9500000000000004,0,0,1.0
281,443,443,496,0,0.6561115384101868,0.9500000000000004,0,0,1.0
281,443,443,562,0,0.6561115384101868,0.9500000000000004,0,0,1.0
281,443,443,622,0,0.7002786993980408,0.9500000000000004,0,0,1.0
281,443,443,825,0,0.6561115384101868,0.9500000000000004,0,0,1.0
282,507,507,397,0,0.46406418085098267,0.9500000000000004,0,0,0.2
282,507,507,402,0,0.5121045708656311,0.9500000000000004,0,0,0.25
282,507,507,417,0,0.4216519296169281,0.9500000000000004,0,0,0.2
282,507,507,441,0,0.7683732509613037,0.9500000000000004,0,0,1.0
282,507,507,442,0,0.6576747894287109,0.9500000000000004,0,0,0.5
282,507,507,443,0,0.8645349144935608,0.9500000000000004,0,1,0.3333333333333333
282,507,507,445,0,0.7683732509613037,0.9500000000000004,0,0,1.0
282,507,507,464,0,0.4277840852737427,0.9500000000000004,0,0,0.25
282,507,507,475,0,0.48020103573799133,0.9500000000000004,0,0,0.2
282,507,507,476,0,0.4277840852737427,0.9500000000000004,0,0,0.25
282,507,507,481,0,0.4949590861797333,0.9500000000000004,0,0,0.25
282,507,507,492,0,0.7683732509613037,0.9500000000000004,0,0,1.0
282,507,507,493,0,0.4216519296169281,0.9500000000000004,0,0,0.2
282,507,507,496,0,0.4949590861797333,0.9500000000000004,0,0,0.25
282,507,507,503,0,0.4277840852737427,0.9500000000000004,0,0,0.25
282,507,507,504,0,0.5121045708656311,0.9500000000000004,0,0,0.25
282,507,507,524,0,0.5018803477287292,0.9500000000000004,0,0,0.3333333333333333
282,507,507,525,0,0.5018803477287292,0.9500000000000004,0,0,0.3333333333333333
282,507,507,554,0,0.4277840852737427,0.9500000000000004,0,0,0.25
282,507,507,557,0,0.4216519296169281,0.9500000000000004,0,0,0.2
282,507,507,558,0,0.4277840852737427,0.9500000000000004,0,0,0.25
282,507,507,563,0,0.4822057783603668,0.9500000000000004,0,0,0.2
282,507,507,573,0,0.9176807403564453,0.9500000000000004,0,0,0.4
282,507,507,596,0,0.4277840852737427,0.9500000000000004,0,0,0.25
282,507,507,601,0,0.4216519296169281,0.9500000000000004,0,0,0.2
282,507,507,622,0,0.5342882871627808,0.9500000000000004,0,0,0.2
282,507,507,635,0,0.46406418085098267,0.9500000000000004,0,0,0.2
282,507,507,768,0,0.5018803477287292,0.9500000000000004,0,0,0.3333333333333333
282,507,507,825,0,0.4933456778526306,0.9500000000000004,0,0,0.2
284,825,825,397,0,0.4832721948623657,0.9500000000000004,0,0,0.5
284,825,825,417,0,0.4278084337711334,0.9500000000000004,0,0,0.5
284,825,825,443,0,0.8524649739265442,0.9500000000000004,0,0,1.0
284,825,825,479,0,0.5738092660903931,0.9500000000000004,0,0,1.0
284,825,825,481,0,0.7686421275138855,0.9500000000000004,0,0,1.0
284,825,825,493,0,0.4278084337711334,0.9500000000000004,0,0,0.5
284,825,825,496,0,0.7686421275138855,0.9500000000000004,0,0,1.0
284,825,825,507,0,0.8038620948791504,0.9500000000000004,0,0,0.5
284,825,825,557,0,0.4278084337711334,0.9500000000000004,0,0,0.5
284,825,825,562,0,0.5871394276618958,0.9500000000000004,0,0,0.5
284,825,825,573,0,0.7305374145507812,0.9500000000000004,0,0,0.5
284,825,825,601,0,0.4278084337711334,0.9500000000000004,0,0,0.5
284,825,825,622,0,0.6239227056503296,0.9500000000000004,0,0,0.5
284,825,825,635,0,0.4832721948623657,0.9500000000000004,0,0,0.5
285,562,562,443,0,0.8392502069473267,0.9500000000000004,0,1,1.0
285,562,562,475,0,0.49631229043006897,0.9500000000000004,0,0,0.5
285,562,562,479,0,0.5649004578590393,0.9500000000000004,0,0,1.0
285,562,562,481,0,0.7634759545326233,0.9500000000000004,0,0,1.0
285,562,562,486,0,0.4232366383075714,0.9500000000000004,0,0,0.5
285,562,562,496,0,0.7634759545326233,0.9500000000000004,0,0,1.0
285,562,562,498,0,0.4743458926677704,0.9500000000000004,0,0,0.5
285,562,562,501,0,0.4232366383075714,0.9500000000000004,0,0,0.5
285,562,562,619,0,0.5365826487541199,0.9500000000000004,0,0,0.5
285,562,562,622,0,0.6183251142501831,0.9500000000000004,0,0,0.5
285,562,562,636,0,0.5393895506858826,0.9500000000000004,0,0,0.5
285,562,562,792,0,0.5128638744354248,0.9500000000000004,0,0,0.5
285,562,562,793,0,0.47640737891197205,0.9500000000000004,0,0,0.5
285,562,562,794,0,0.4232366383075714,0.9500000000000004,0,0,0.5
285,562,562,825,0,0.9376803040504456,0.9500000000000004,0,0,1.0
286,55,55,167,0,0.8553171157836914,0.9500000000000004,0,0,0.4
286,55,55,21,0,0.945734441280365,0.9500000000000004,0,0,0.6333333333333333
286,55,55,34,0,0.8169355392456055,0.9500000000000004,0,1,0.26666666666666666
286,55,55,38,0,0.9706116318702698,0.9500000000000004,1,1,0.7666666666666667
286,55,55,384,0,0.7073126435279846,0.9500000000000004,0,0,0.36
286,55,55,389,0,0.6876453757286072,0.9500000000000004,0,0,0.24
286,55,55,680,0,0.8674346804618835,0.9500000000000004,0,0,0.391304347826087
286,55,55,736,0,0.5796827673912048,0.9500000000000004,0,0,0.2222222222222222
286,55,55,817,0,0.8383834958076477,0.9500000000000004,0,0,0.38461538461538464
286,55,55,879,0,0.33750954270362854,0.9500000000000004,0,0,0.5
286,55,38,167,1,0.928678572177887,0.9500000000000004,0,0,0.4367816091954023
286,55,38,34,1,0.789665162563324,0.9500000000000004,0,1,0.26136363636363635
286,55,38,389,1,0.6589722633361816,0.9500000000000004,0,0,0.21794871794871795
286,55,38,680,1,0.946478545665741,0.9500000000000004,0,0,0.5694444444444444
286,55,38,817,1,0.9185488820075989,0.9500000000000004,0,0,0.40476190476190477
286,55,38,879,1,0.21291863918304443,0.9500000000000004,0,0,0.2
286,55,38,899,1,0.29326578974723816,0.9500000000000004,0,0,0.5
286,55,38,900,1,0.29326578974723816,0.9500000000000004,0,0,0.5
287,1,1,149,0,0.9108544588088989,0.9500000000000004,0,0,0.24324324324324326
287,1,1,34,0,0.9654415845870972,0.9500000000000004,1,0,0.25
287,1,1,7,0,0.9664703607559204,0.9500000000000004,1,0,0.43243243243243246
287,1,1,73,0,0.8770744204521179,0.9500000000000004,0,0,0.21621621621621623
287,1,1,829,0,0.5593451857566833,0.9500000000000004,0,0,0.2
287,1,1,872,0,0.34209397435188293,0.9500000000000004,0,0,0.25
287,1,1,905,0,0.8556809425354004,0.9500000000000004,0,0,1.0
287,1,7,149,1,0.9397847652435303,0.9500000000000004,0,0,0.3684210526315789
287,1,7,2,1,0.5348224639892578,0.9500000000000004,0,0,0.25
287,1,7,213,1,0.26151609420776367,0.9500000000000004,0,0,0.2
287,1,7,38,1,0.9621666669845581,0.9500000000000004,1,0,0.2222222222222222
287,1,7,59,1,0.26151609420776367,0.9500000000000004,0,0,0.2
287,1,7,73,1,0.9113775491714478,0.9500000000000004,0,0,0.3157894736842105
287,1,7,811,1,0.6085061430931091,0.9500000000000004,0,0,0.2
287,1,7,905,1,0.8894018530845642,0.9500000000000004,0,0,1.0
287,1,38,167,2,0.8018300533294678,0.9500000000000004,0,0,0.4318181818181818
287,1,38,389,2,0.5828931927680969,0.9500000000000004,0,0,0.21518987341772153
287,1,38,55,2,0.9548397660255432,0.9500000000000004,1,0,0.2727272727272727
287,1,38,680,2,0.8436999917030334,0.9500000000000004,0,0,0.5616438356164384
287,1,38,817,2,0.7776458859443665,0.9500000000000004,0,0,0.3953488372093023
287,1,38,869,2,0.6921017169952393,0.9500000000000004,0,0,1.0
287,1,38,899,2,0.1311175376176834,0.9500000000000004,0,0,0.3333333333333333
287,1,38,900,2,0.1311175376176834,0.9500000000000004,0,0,0.3333333333333333
287,1,55,167,3,0.764647364616394,0.9500000000000004,0,0,0.3870967741935484
287,1,55,21,3,0.8449201583862305,0.9500000000000004,0,0,0.6129032258064516
287,1,55,384,3,0.6212854385375977,0.9500000000000004,0,0,0.34615384615384615
287,1,55,389,3,0.6135553121566772,0.9500000000000004,0,0,0.23076923076923078
287,1,55,680,3,0.7554643750190735,0.9500000000000004,0,0,0.375
287,1,55,736,3,0.4778171181678772,0.9500000000000004,0,0,0.21052631578947367
287,1,55,817,3,0.7379541993141174,0.9500000000000004,0,0,0.35714285714285715
287,1,55,869,3,0.7713029384613037,0.9500000000000004,0,0,1.0
287,1,55,879,3,0.16864202916622162,0.9500000000000004,0,0,0.3333333333333333
287,1,34,167,1,0.7188535928726196,0.9500000000000004,0,0,0.34375
287,1,34,389,1,0.5796712636947632,0.9500000000000004,0,0,0.24324324324324326
287,1,34,66,1,0.664279580116272,0.9500000000000004,0,0,0.22727272727272727
287,1,34,680,1,0.8245526552200317,0.9500000000000004,0,0,0.4375
287,1,34,816,1,0.9003838300704956,0.9500000000000004,0,0,0.3684210526315789
287,1,34,817,1,0.705579936504364,0.9500000000000004,0,0,0.30434782608695654
287,1,34,852,1,0.492041677236557,0.9500000000000004,0,0,0.42857142857142855
287,1,34,865,1,0.20297111570835114,0.9500000000000004,0,0,0.5
287,1,34,869,1,0.8548204898834229,0.9500000000000004,0,0,1.0
287,1,34,872,1,0.229332834482193,0.9500000000000004,0,0,0.3333333333333333
288,34,34,167,0,0.7230308651924133,0.9500000000000004,0,0,0.34375
288,34,34,38,0,0.9480670094490051,0.9500000000000004,0,0,0.35294117647058826
288,34,34,389,0,0.5847251415252686,0.9500000000000004,0,0,0.24324324324324326
288,34,34,66,0,0.6685543656349182,0.9500000000000004,0,0,0.22727272727272727
288,34,34,680,0,0.83262699842453,0.9500000000000004,0,1,0.4375
288,34,34,816,0,0.8887251019477844,0.9500000000000004,0,0,0.3684210526315789
288,34,34,817,0,0.7113161683082581,0.9500000000000004,0,0,0.30434782608695654
288,34,34,852,0,0.4922057092189789,0.9500000000000004,0,0,0.42857142857142855
288,34,34,865,0,0.19469299912452698,0.9500000000000004,0,0,0.5
288,34,34,869,0,0.8383090496063232,0.9500000000000004,0,0,1.0
288,34,34,872,0,0.22327756881713867,0.9500000000000004,0,0,0.3333333333333333
289,680,680,167,0,0.8316131234169006,0.9500000000000004,0,1,0.4918032786885246
289,680,680,34,0,0.9606977105140686,0.9500000000000004,1,1,0.2459016393442623
289,680,680,38,0,0.9554300308227539,0.9500000000000004,1,0,0.6721311475409836
289,680,680,817,0,0.7875120043754578,0.9500000000000004,0,0,0.3888888888888889
289,680,680,865,0,0.16756445169448853,0.9500000000000004,0,0,0.5
289,680,680,869,0,0.5162994861602783,0.9500000000000004,0,0,0.5
289,680,680,878,0,0.12397631257772446,0.9500000000000004,0,0,0.2
289,680,38,167,1,0.8194572925567627,0.9500000000000004,0,1,0.4318181818181818
289,680,38,389,1,0.5987834930419922,0.9500000000000004,0,0,0.21518987341772153
289,680,38,55,1,0.9492144584655762,0.9500000000000004,0,0,0.2727272727272727
289,680,38,817,1,0.7971500754356384,0.9500000000000004,0,0,0.3953488372093023
289,680,38,869,1,0.6523295044898987,0.9500000000000004,0,0,1.0
289,680,38,899,1,0.13208773732185364,0.9500000000000004,0,0,0.3333333333333333
289,680,38,900,1,0.13208773732185364,0.9500000000000004,0,0,0.3333333333333333
289,680,34,167,1,0.718614935874939,0.9500000000000004,0,1,0.3384615384615385
289,680,34,389,1,0.5768938064575195,0.9500000000000004,0,0,0.23684210526315788
289,680,34,66,1,0.6643243432044983,0.9500000000000004,0,0,0.22388059701492538
289,680,34,816,1,0.869410514831543,0.9500000000000004,0,0,0.35
289,680,34,817,1,0.7013143301010132,0.9500000000000004,0,0,0.2916666666666667
289,680,34,852,1,0.4692472219467163,0.9500000000000004,0,0,0.375
289,680,34,865,1,0.1587393581867218,0.9500000000000004,0,0,0.3333333333333333
289,680,34,869,1,0.7151009440422058,0.9500000000000004,0,0,0.6666666666666666
289,680,34,872,1,0.21146483719348907,0.9500000000000004,0,0,0.25
290,916,916,443,0,0.8718940019607544,0.9500000000000004,0,0,1.0
290,916,916,507,0,0.8959028720855713,0.9500000000000004,0,0,1.0
290,916,916,917,0,0.7328706979751587,0.9500000000000004,0,0,1.0
290,916,916,918,0,0.7328706979751587,0.9500000000000004,0,0,1.0
290,916,916,919,0,0.7328706979751587,0.9500000000000004,0,0,1.0
290,916,916,920,0,0.7328706979751587,0.9500000000000004,0,0,1.0
290,916,916,922,0,0.7328706979751587,0.9500000000000004,0,0,1.0
290,916,916,923,0,0.7328706979751587,0.9500000000000004,0,0,1.0
290,916,916,924,0,0.7328706979751587,0.9500000000000004,0,0,1.0
290,916,916,925,0,0.7328706979751587,0.9500000000000004,0,0,1.0
290,916,916,926,0,0.7328706979751587,0.9500000000000004,0,0,1.0
290,916,916,927,0,0.7328706979751587,0.9500000000000004,0,1,1.0
290,916,916,928,0,0.7328706979751587,0.9500000000000004,0,0,1.0
290,916,916,929,0,0.7328706979751587,0.9500000000000004,0,0,1.0
291,38,38,167,0,0.9483979344367981,0.9500000000000004,0,0,0.4318181818181818
291,38,38,34,0,0.9274885654449463,0.9500000000000004,0,0,0.2696629213483146
291,38,38,389,0,0.6171360611915588,0.9500000000000004,0,0,0.21518987341772153
291,38,38,55,0,0.9405285716056824,0.9500000000000004,0,0,0.2727272727272727
291,38,38,680,0,0.9611968398094177,0.9500000000000004,1,0,0.5616438356164384
291,38,38,817,0,0.8152345418930054,0.9500000000000004,0,0,0.3953488372093023
291,38,38,869,0,0.6081626415252686,0.9500000000000004,0,0,1.0
291,38,38,899,0,0.1711432784795761,0.9500000000000004,0,0,0.3333333333333333
291,38,38,900,0,0.1711432784795761,0.9500000000000004,0,0,0.3333333333333333
291,38,680,167,1,0.9786732792854309,0.9500000000000004,1,0,0.5
291,38,680,34,1,0.9777678847312927,0.9500000000000004,1,0,0.25806451612903225
291,38,680,817,1,0.8217158913612366,0.9500000000000004,0,0,0.3783783783783784
291,38,680,865,1,0.21604065597057343,0.9500000000000004,0,0,0.3333333333333333
291,38,680,869,1,0.4785645604133606,0.9500000000000004,0,0,0.3333333333333333
291,38,34,389,2,0.6135834455490112,0.9500000000000004,0,0,0.23076923076923078
291,38,34,66,2,0.7046021223068237,0.9500000000000004,0,0,0.22058823529411764
291,38,34,816,2,0.877423107624054,0.9500000000000004,0,0,0.3333333333333333
291,38,34,817,2,0.724638819694519,0.9500000000000004,0,0,0.28
291,38,34,852,2,0.5509451031684875,0.9500000000000004,0,0,0.3333333333333333
291,38,34,865,2,0.1964208036661148,0.9500000000000004,0,0,0.25
291,38,34,869,2,0.6183107495307922,0.9500000000000004,0,0,0.5
291,38,34,872,2,0.27040374279022217,0.9500000000000004,0,0,0.2
291,38,167,180,2,0.7551174163818359,0.9500000000000004,0,0,0.33766233766233766
291,38,167,21,2,0.7160303592681885,0.9500000000000004,0,0,0.2727272727272727
291,38,167,389,2,0.6272649168968201,0.9500000000000004,0,0,0.29850746268656714
291,38,167,817,2,0.9141564965248108,0.9500000000000004,0,0,0.6571428571428571
291,38,167,878,2,0.18279507756233215,0.9500000000000004,0,0,0.2
292,870,870,167,0,0.8510874509811401,0.9500000000000004,0,1,0.25
292,870,870,187,0,0.6655242443084717,0.9500000000000004,0,0,0.25
292,870,870,210,0,0.7167355418205261,0.9500000000000004,0,0,0.25
292,870,870,38,0,0.869918167591095,0.9500000000000004,0,1,0.25
292,870,870,41,0,0.7538567185401917,0.9500000000000004,0,0,0.25
292,870,870,46,0,0.7360110282897949,0.9500000000000004,0,0,0.25
292,870,870,817,0,0.7567864656448364,0.9500000000000004,0,0,0.25
292,870,870,829,0,0.6356008648872375,0.9500000000000004,0,0,0.25
292,870,870,857,0,0.8113340139389038,0.9500000000000004,0,0,0.5
292,870,870,862,0,0.46188023686408997,0.9500000000000004,0,0,0.5
292,870,870,866,0,0.46188023686408997,0.9500000000000004,0,0,0.5
293,34,34,167,0,0.9606065154075623,0.9500000000000004,1,1,0.3484848484848485
293,34,34,38,0,0.9539556503295898,0.9500000000000004,1,0,0.34285714285714286
293,34,34,389,0,0.62663733959198,0.9500000000000004,0,0,0.23076923076923078
293,34,34,66,0,0.7213719487190247,0.9500000000000004,0,0,0.22058823529411764
293,34,34,680,0,0.9831096529960632,0.9500000000000004,1,1,0.47058823529411764
293,34,34,816,0,0.8618034720420837,0.9500000000000004,0,0,0.3333333333333333
293,34,34,817,0,0.7366732358932495,0.9500000000000004,0,1,0.28
293,34,34,852,0,0.5834084749221802,0.9500000000000004,0,1,0.3333333333333333
293,34,34,865,0,0.2250874638557434,0.9500000000000004,0,0,0.25
293,34,34,869,0,0.5903561115264893,0.9500000000000004,0,0,0.5
293,34,34,872,0,0.30022940039634705,0.9500000000000004,0,0,0.2
293,34,680,817,1,0.7781100869178772,0.9500000000000004,0,1,0.3684210526315789
293,34,680,865,1,0.2069380283355713,0.9500000000000004,0,0,0.25
293,34,680,869,1,0.3791089653968811,0.9500000000000004,0,0,0.25
293,34,38,389,1,0.6066102385520935,0.9500000000000004,0,0,0.20987654320987653
293,34,38,55,1,0.9127489924430847,0.9500000000000004,0,0,0.26666666666666666
293,34,38,817,1,0.7743871212005615,0.9500000000000004,0,1,0.37777777777777777
293,34,38,869,1,0.38532450795173645,0.9500000000000004,0,0,0.3333333333333333
293,34,38,870,1,0.7454001903533936,0.9500000000000004,0,1,0.2
293,34,38,899,1,0.190909281373024,0.9500000000000004,0,0,0.2
293,34,38,900,1,0.190909281373024,0.9500000000000004,0,0,0.2
293,34,167,180,1,0.7277054190635681,0.9500000000000004,0,0,0.3333333333333333
293,34,167,21,1,0.6951659917831421,0.9500000000000004,0,0,0.2692307692307692
293,34,167,389,1,0.6198878288269043,0.9500000000000004,0,0,0.29411764705882354
293,34,167,817,1,0.8797411322593689,0.9500000000000004,0,1,0.6388888888888888
293,34,167,870,1,0.8153995275497437,0.9500000000000004,0,1,0.2222222222222222
294,509,509,569,0,0.6752738952636719,0.9500000000000004,0,0,0.5
294,509,509,825,0,0.8801770210266113,0.9500000000000004,0,0,0.5
295,579,579,443,0,0.8374884724617004,0.9500000000000004,0,0,1.0
295,579,579,451,0,0.6985438466072083,0.9500000000000004,0,0,1.0
295,579,579,452,0,0.6985438466072083,0.9500000000000004,0,1,1.0
295,579,579,453,0,0.6985438466072083,0.9500000000000004,0,1,1.0
295,579,579,507,0,0.8721867799758911,0.9500000000000004,0,1,1.0
295,579,579,522,0,0.6985438466072083,0.9500000000000004,0,0,1.0
295,579,579,562,0,0.8136134147644043,0.9500000000000004,0,1,1.0
295,579,579,569,0,0.8136134147644043,0.9500000000000004,0,0,1.0
295,579,579,571,0,0.7738515734672546,0.9500000000000004,0,0,1.0
295,579,579,573,0,0.8374884724617004,0.9500000000000004,0,0,1.0
295,579,579,581,0,0.7738515734672546,0.9500000000000004,0,0,1.0
295,579,579,582,0,0.6985438466072083,0.9500000000000004,0,0,1.0
295,579,579,583,0,0.7738515734672546,0.9500000000000004,0,0,1.0
295,579,579,769,0,0.6985438466072083,0.9500000000000004,0,0,1.0
296,862,862,210,0,0.9083994030952454,0.9500000000000004,0,0,1.0
296,862,862,41,0,0.8472552299499512,0.9500000000000004,0,0,1.0
296,862,862,46,0,0.9109456539154053,0.9500000000000004,0,0,1.0
296,862,862,866,0,0.6232775449752808,0.9500000000000004,0,0,1.0
296,862,862,870,0,0.8911548256874084,0.9500000000000004,0,0,1.0
297,824,824,167,0,0.9811838865280151,0.9500000000000004,1,0,0.42857142857142855
297,824,824,192,0,0.9482845067977905,0.9500000000000004,0,1,0.2857142857142857
297,824,824,213,0,0.3711555302143097,0.9500000000000004,0,0,0.2
297,824,824,41,0,0.8629974722862244,0.9500000000000004,0,0,0.42857142857142855
297,824,824,59,0,0.3711555302143097,0.9500000000000004,0,0,0.2
297,824,824,737,0,0.7275097370147705,0.9500000000000004,0,0,0.2857142857142857
297,824,824,817,0,0.9521431922912598,0.9500000000000004,1,0,0.2857142857142857
297,824,824,851,0,0.5005812644958496,0.9500000000000004,0,0,0.25
297,824,824,852,0,0.7488452792167664,0.9500000000000004,0,0,0.25
297,824,824,853,0,0.482867956161499,0.9500000000000004,0,0,0.3333333333333333
297,824,824,854,0,0.482867956161499,0.9500000000000004,0,0,0.3333333333333333
297,824,824,871,0,0.5974759459495544,0.9500000000000004,0,0,1.0
297,824,817,193,1,0.8578465580940247,0.9500000000000004,0,0,0.2608695652173913
297,824,817,38,1,0.9727690815925598,0.9500000000000004,1,0,0.391304347826087
297,824,817,680,1,0.9305652976036072,0.9500000000000004,0,0,0.32608695652173914
297,824,817,870,1,0.6441313028335571,0.9500000000000004,0,0,0.2
297,824,817,898,1,0.108470618724823,0.9500000000000004,0,0,0.25
297,824,38,34,2,0.8359173536300659,0.9500000000000004,0,0,0.2608695652173913
297,824,38,389,2,0.5193337798118591,0.9500000000000004,0,0,0.2073170731707317
297,824,38,55,2,0.7889924645423889,0.9500000000000004,0,0,0.26373626373626374
297,824,38,680,2,0.9421570301055908,0.9500000000000004,0,0,0.5526315789473685
297,824,38,869,2,0.16514329612255096,0.9500000000000004,0,0,0.25
297,824,167,180,1,0.6175758242607117,0.9500000000000004,0,0,0.325
297,824,167,21,1,0.6083926558494568,0.9500000000000004,0,0,0.2625
297,824,167,34,1,0.8858824372291565,0.9500000000000004,0,0,0.3
297,824,167,389,1,0.5350438356399536,0.9500000000000004,0,0,0.2857142857142857
297,824,167,680,1,0.9266507625579834,0.9500000000000004,0,0,0.5076923076923077
297,824,167,870,1,0.6347601413726807,0.9500000000000004,0,0,0.2727272727272727
298,680,680,167,0,0.9669039249420166,0.9500000000000004,1,0,0.515625
298,680,680,34,0,0.9518694877624512,0.9500000000000004,1,0,0.265625
298,680,680,38,0,0.9447089433670044,0.9500000000000004,0,0,0.65625
298,680,680,817,0,0.9273725748062134,0.9500000000000004,0,0,0.38461538461538464
298,680,680,852,0,0.6709313988685608,0.9500000000000004,0,0,0.2
298,680,680,865,0,0.1603950709104538,0.9500000000000004,0,0,0.2
298,680,680,869,0,0.27581876516342163,0.9500000000000004,0,0,0.2
298,680,34,38,1,0.9346505403518677,0.9500000000000004,0,0,0.3380281690140845
298,680,34,389,1,0.5839324593544006,0.9500000000000004,0,0,0.225
298,680,34,66,1,0.6400681734085083,0.9500000000000004,0,0,0.21739130434782608
298,680,34,816,1,0.7250117659568787,0.9500000000000004,0,0,0.3181818181818182
298,680,34,817,1,0.9294629693031311,0.9500000000000004,0,0,0.3076923076923077
298,680,34,852,1,0.7524112462997437,0.9500000000000004,0,0,0.4
298,680,34,865,1,0.15825611352920532,0.9500000000000004,0,0,0.2
298,680,34,869,1,0.4016392230987549,0.9500000000000004,0,0,0.4
298,680,167,180,1,0.6666443347930908,0.9500000000000004,0,0,0.325
298,680,167,21,1,0.6601393818855286,0.9500000000000004,0,0,0.2625
298,680,167,38,1,0.9654989242553711,0.9500000000000004,1,0,0.5
298,680,167,389,1,0.594547688961029,0.9500000000000004,0,0,0.2857142857142857
298,680,167,817,1,0.9684126377105713,0.9500000000000004,1,0,0.6578947368421053
298,680,167,870,1,0.7167866230010986,0.9500000000000004,0,0,0.2727272727272727
298,680,817,193,2,0.8867847919464111,0.9500000000000004,0,0,0.2608695652173913
298,680,817,870,2,0.7019575834274292,0.9500000000000004,0,0,0.2
298,680,817,898,2,0.1796227991580963,0.9500000000000004,0,0,0.25
298,680,38,389,2,0.5834361910820007,0.9500000000000004,0,0,0.2073170731707317
298,680,38,55,2,0.8515944480895996,0.9500000000000004,0,0,0.26373626373626374
298,680,38,869,2,0.2585790753364563,0.9500000000000004,0,0,0.25
299,680,680,167,0,0.9263785481452942,0.9500000000000004,0,1,0.5076923076923077
299,680,680,34,0,0.8779343366622925,0.9500000000000004,0,0,0.26153846153846155
299,680,680,38,0,0.8713541030883789,0.9500000000000004,0,0,0.6461538461538462
299,680,680,817,0,0.84170001745224,0.9500000000000004,0,0,0.375
300,149,149,1,0,0.9741309881210327,0.9500000000000004,1,1,0.75
300,149,149,154,0,0.6837495565414429,0.9500000000000004,0,0,0.2727272727272727
300,149,149,213,0,0.28783518075942993,0.9500000000000004,0,0,0.3333333333333333
300,149,149,59,0,0.28783518075942993,0.9500000000000004,0,0,0.3333333333333333
300,149,149,7,0,0.9359795451164246,0.9500000000000004,0,1,0.5833333333333334
300,149,149,73,0,0.8818578124046326,0.9500000000000004,0,1,0.5
300,149,149,824,0,0.7816565036773682,0.9500000000000004,0,0,0.2
300,149,149,833,0,0.27348485589027405,0.9500000000000004,0,0,0.25
300,149,149,905,0,0.7041569948196411,0.9500000000000004,0,1,1.0
300,149,1,34,1,0.876699686050415,0.9500000000000004,0,0,0.24324324324324326
300,149,1,7,1,0.9145774841308594,0.9500000000000004,0,1,0.42105263157894735
300,149,1,73,1,0.7561444640159607,0.9500000000000004,0,1,0.21052631578947367
300,149,1,872,1,0.29462847113609314,0.9500000000000004,0,0,0.2
300,149,1,905,1,0.5542078018188477,0.9500000000000004,0,1,0.6666666666666666
300,149,1,931,1,0.5687479972839355,0.9500000000000004,0,0,1.0
300,149,1,932,1,0.5687479972839355,0.9500000000000004,0,0,1.0
301,73,73,1,0,0.989812433719635,0.9500000000000004,1,1,1.0
301,73,73,149,0,0.9793591499328613,0.9500000000000004,1,1,0.7777777777777778
301,73,73,2,0,0.44483426213264465,0.9500000000000004,0,0,0.2857142857142857
301,73,73,7,0,0.9851126074790955,0.9500000000000004,1,1,0.7777777777777778
301,73,73,905,0,0.9330448508262634,0.9500000000000004,0,1,1.0
301,73,7,2,1,0.4478573501110077,0.9500000000000004,0,0,0.23529411764705882
301,73,7,38,1,0.8021074533462524,0.9500000000000004,0,0,0.21052631578947367
301,73,7,905,1,0.9831634163856506,0.9500000000000004,1,1,1.0
301,73,905,155,2,0.6166419386863708,0.9500000000000004,0,0,0.3333333333333333
301,73,149,154,1,0.6105844378471375,0.9500000000000004,0,0,0.25
301,73,149,213,1,0.2554846405982971,0.9500000000000004,0,0,0.25
301,73,149,59,1,0.2554846405982971,0.9500000000000004,0,0,0.25
301,73,149,833,1,0.25303396582603455,0.9500000000000004,0,0,0.2
301,73,1,34,1,0.7511135935783386,0.9500000000000004,0,0,0.23684210526315788
301,73,1,931,1,0.242539644241333,0.9500000000000004,0,0,0.5
301,73,1,932,1,0.242539644241333,0.9500000000000004,0,0,0.5
302,265,265,180,0,0.680516242980957,0.9500000000000004,0,0,0.3333333333333333
302,265,265,260,0,0.36294254660606384,0.9500000000000004,0,0,0.3333333333333333
302,265,265,261,0,0.7826159000396729,0.9500000000000004,0,1,1.0
302,265,265,327,0,0.7913206815719604,0.9500000000000004,0,1,1.0
302,265,265,34,0,0.8238875269889832,0.9500000000000004,0,0,0.3333333333333333
302,265,265,346,0,0.25962793827056885,0.9500000000000004,0,0,0.3333333333333333
302,265,265,347,0,0.25962793827056885,0.9500000000000004,0,0,0.3333333333333333
302,265,265,348,0,0.25962793827056885,0.9500000000000004,0,0,0.3333333333333333
302,265,265,349,0,0.25962793827056885,0.9500000000000004,0,0,0.3333333333333333
302,265,265,350,0,0.25962793827056885,0.9500000000000004,0,0,0.3333333333333333
302,265,265,355,0,0.25962793827056885,0.9500000000000004,0,0,0.3333333333333333
302,265,265,356,0,0.25962793827056885,0.9500000000000004,0,0,0.3333333333333333
302,265,265,357,0,0.25962793827056885,0.9500000000000004,0,0,0.3333333333333333
302,265,265,358,0,0.25962793827056885,0.9500000000000004,0,0,0.3333333333333333
302,265,265,65,0,0.5878599286079407,0.9500000000000004,0,0,0.3333333333333333
302,265,265,66,0,0.6361867189407349,0.9500000000000004,0,0,0.3333333333333333
302,265,265,742,0,0.2782650887966156,0.9500000000000004,0,0,0.5
302,265,265,743,0,0.2782650887966156,0.9500000000000004,0,0,0.5
302,265,265,744,0,0.2782650887966156,0.9500000000000004,0,0,0.5
302,265,265,745,0,0.2782650887966156,0.9500000000000004,0,0,0.5
302,265,265,807,0,0.4062481224536896,0.9500000000000004,0,0,1.0
302,265,265,808,0,0.4062481224536896,0.9500000000000004,0,0,1.0
302,265,265,809,0,0.4062481224536896,0.9500000000000004,0,0,1.0
302,265,265,810,0,0.4062481224536896,0.9500000000000004,0,0,1.0
304,444,444,397,0,0.8419785499572754,0.9500000000000004,0,0,1.0
304,444,444,509,0,0.812518835067749,0.9500000000000004,0,0,1.0
305,583,583,443,0,0.9306709170341492,0.9500000000000004,0,0,1.0
305,583,583,451,0,0.5153176784515381,0.9500000000000004,0,0,1.0
305,583,583,452,0,0.6407960653305054,0.9500000000000004,0,0,1.0
305,583,583,453,0,0.6407960653305054,0.9500000000000004,0,0,1.0
305,583,583,507,0,0.8552602529525757,0.9500000000000004,0,0,1.0
305,583,583,522,0,0.5153176784515381,0.9500000000000004,0,0,1.0
305,583,583,561,0,0.3805886209011078,0.9500000000000004,0,0,0.5
305,583,583,562,0,0.6761336922645569,0.9500000000000004,0,0,0.5
305,583,583,569,0,0.5301328301429749,0.9500000000000004,0,0,0.5
305,583,583,571,0,0.47597554326057434,0.9500000000000004,0,0,0.5
305,583,583,573,0,0.8484243154525757,0.9500000000000004,0,0,1.0
305,583,583,579,0,0.6407960653305054,0.9500000000000004,0,0,1.0
305,583,583,581,0,0.4778793454170227,0.9500000000000004,0,0,0.5
305,583,583,582,0,0.5153176784515381,0.9500000000000004,0,0,1.0
305,583,583,636,0,0.4744335114955902,0.9500000000000004,0,0,0.5
305,583,583,644,0,0.3805886209011078,0.9500000000000004,0,0,0.5
305,583,583,769,0,0.5153176784515381,0.9500000000000004,0,0,1.0
305,583,583,775,0,0.5493134260177612,0.9500000000000004,0,0,0.5
305,583,583,777,0,0.3805886209011078,0.9500000000000004,0,0,0.5
305,583,583,781,0,0.3805886209011078,0.9500000000000004,0,0,0.5
306,562,562,397,0,0.5348564386367798,0.9500000000000004,0,0,0.25
306,562,562,443,0,0.9034742116928101,0.9500000000000004,0,0,0.6666666666666666
306,562,562,451,0,0.3819989264011383,0.9500000000000004,0,0,0.5
306,562,562,452,0,0.8588168621063232,0.9500000000000004,0,0,1.0
306,562,562,453,0,0.8588168621063232,0.9500000000000004,0,0,1.0
306,562,562,475,0,0.42349550127983093,0.9500000000000004,0,0,0.25
306,562,562,479,0,0.3742849826812744,0.9500000000000004,0,0,0.3333333333333333
306,562,562,481,0,0.43074679374694824,0.9500000000000004,0,0,0.3333333333333333
306,562,562,486,0,0.3679787218570709,0.9500000000000004,0,0,0.25
306,562,562,496,0,0.43074679374694824,0.9500000000000004,0,0,0.3333333333333333
306,562,562,498,0,0.4066852927207947,0.9500000000000004,0,0,0.25
306,562,562,501,0,0.3679787218570709,0.9500000000000004,0,0,0.25
306,562,562,507,0,0.873282253742218,0.9500000000000004,0,0,0.6666666666666666
306,562,562,512,0,0.6057935953140259,0.9500000000000004,0,0,1.0
306,562,562,522,0,0.3819989264011383,0.9500000000000004,0,0,0.5
306,562,562,524,0,0.5488436222076416,0.9500000000000004,0,0,0.5
306,562,562,525,0,0.5488436222076416,0.9500000000000004,0,0,0.5
306,562,562,537,0,0.44139009714126587,0.9500000000000004,0,0,0.3333333333333333
306,562,562,538,0,0.6057935953140259,0.9500000000000004,0,0,1.0
306,562,562,552,0,0.6057935953140259,0.9500000000000004,0,0,1.0
306,562,562,569,0,0.44135162234306335,0.9500000000000004,0,0,0.25
306,562,562,571,0,0.4150845408439636,0.9500000000000004,0,0,0.3333333333333333
306,562,562,573,0,0.5297268629074097,0.9500000000000004,0,0,0.3333333333333333
306,562,562,579,0,0.8588168621063232,0.9500000000000004,0,1,1.0
306,562,562,581,0,0.3766976296901703,0.9500000000000004,0,0,0.25
306,562,562,582,0,0.3819989264011383,0.9500000000000004,0,0,0.5
306,562,562,583,0,0.7910916209220886,0.9500000000000004,0,0,0.3333333333333333
306,562,562,619,0,0.45503368973731995,0.9500000000000004,0,0,0.25
306,562,562,622,0,0.44366076588630676,0.9500000000000004,0,0,0.25
306,562,562,636,0,0.45759257674217224,0.9500000000000004,0,0,0.25
306,562,562,768,0,0.5488436222076416,0.9500000000000004,0,0,0.5
306,562,562,769,0,0.3819989264011383,0.9500000000000004,0,0,0.5
306,562,562,792,0,0.4360332489013672,0.9500000000000004,0,0,0.25
306,562,562,793,0,0.4083433151245117,0.9500000000000004,0,0,0.25
306,562,562,794,0,0.3679787218570709,0.9500000000000004,0,0,0.25
306,562,562,825,0,0.5485273003578186,0.9500000000000004,0,0,0.3333333333333333
307,569,569,412,0,0.3286176025867462,0.9500000000000004,0,0,0.3333333333333333
307,569,569,443,0,0.839100182056427,0.9500000000000004,0,1,0.5
307,569,569,451,0,0.4998988211154938,0.9500000000000004,0,0,1.0
307,569,569,452,0,0.627511739730835,0.9500000000000004,0,0,1.0
307,569,569,453,0,0.627511739730835,0.9500000000000004,0,0,1.0
307,569,569,507,0,0.7564120292663574,0.9500000000000004,0,0,0.5
307,569,569,509,0,0.5746641159057617,0.9500000000000004,0,0,0.5
307,569,569,522,0,0.4998988211154938,0.9500000000000004,0,0,1.0
307,569,569,562,0,0.8978189826011658,0.9500000000000004,0,0,0.5
307,569,569,563,0,0.3923991918563843,0.9500000000000004,0,0,0.3333333333333333
307,569,569,568,0,0.3286176025867462,0.9500000000000004,0,0,0.3333333333333333
307,569,569,571,0,0.4777599275112152,0.9500000000000004,0,0,0.5
307,569,569,573,0,0.5780328512191772,0.9500000000000004,0,0,0.5
307,569,569,579,0,0.8454912304878235,0.9500000000000004,0,0,1.0
307,569,569,581,0,0.6810601949691772,0.9500000000000004,0,1,0.6666666666666666
307,569,569,582,0,0.4998988211154938,0.9500000000000004,0,0,1.0
307,569,569,583,0,0.8268948197364807,0.9500000000000004,0,0,0.5
307,569,569,728,0,0.3286176025867462,0.9500000000000004,0,0,0.3333333333333333
307,569,569,729,0,0.3286176025867462,0.9500000000000004,0,0,0.3333333333333333
307,569,569,769,0,0.4998988211154938,0.9500000000000004,0,0,1.0
308,481,481,402,0,0.4135366380214691,0.9500000000000004,0,0,0.5
308,481,481,443,0,0.8855350613594055,0.9500000000000004,0,0,1.0
308,481,481,464,0,0.34239038825035095,0.9500000000000004,0,0,0.5
308,481,481,475,0,0.3841419517993927,0.9500000000000004,0,0,0.5
308,481,481,476,0,0.34239038825035095,0.9500000000000004,0,0,0.5
308,481,481,479,0,0.4899265170097351,0.9500000000000004,0,0,1.0
308,481,481,496,0,0.7630287408828735,0.9500000000000004,0,1,1.0
308,481,481,503,0,0.34239038825035095,0.9500000000000004,0,0,0.5
308,481,481,504,0,0.4135366380214691,0.9500000000000004,0,0,0.5
308,481,481,507,0,0.6946204304695129,0.9500000000000004,0,1,0.5
308,481,481,554,0,0.34239038825035095,0.9500000000000004,0,0,0.5
308,481,481,558,0,0.34239038825035095,0.9500000000000004,0,0,0.5
308,481,481,562,0,0.8358200788497925,0.9500000000000004,0,0,0.5
308,481,481,563,0,0.3841419517993927,0.9500000000000004,0,0,0.5
308,481,481,596,0,0.34239038825035095,0.9500000000000004,0,0,0.5
308,481,481,622,0,0.7880382537841797,0.9500000000000004,0,0,1.0
308,481,481,825,0,0.6089256405830383,0.9500000000000004,0,0,0.5
309,957,957,481,0,0.8674014210700989,0.9500000000000004,0,1,1.0
309,957,957,496,0,0.8674014210700989,0.9500000000000004,0,1,1.0
309,957,957,507,0,0.9156110882759094,0.9500000000000004,0,0,1.0
309,957,957,561,0,0.8402760624885559,0.9500000000000004,0,0,1.0
309,957,957,569,0,0.8955584168434143,0.9500000000000004,0,1,1.0
309,957,957,592,0,0.7880855798721313,0.9500000000000004,0,0,1.0
309,957,957,727,0,0.7880855798721313,0.9500000000000004,0,0,1.0
309,957,957,773,0,0.7880855798721313,0.9500000000000004,0,0,1.0
309,957,957,838,0,0.8402760624885559,0.9500000000000004,0,1,1.0
309,957,957,885,0,0.7880855798721313,0.9500000000000004,0,0,1.0
309,957,957,956,0,0.7880855798721313,0.9500000000000004,0,0,1.0
309,957,957,958,0,0.7880855798721313,0.9500000000000004,0,0,1.0
310,481,481,402,0,0.3567919433116913,0.9500000000000004,0,0,0.25
310,481,481,443,0,0.694748044013977,0.9500000000000004,0,0,0.3333333333333333
310,481,481,464,0,0.28110143542289734,0.9500000000000004,0,0,0.25
310,481,481,475,0,0.331840842962265,0.9500000000000004,0,0,0.25
310,481,481,476,0,0.28110143542289734,0.9500000000000004,0,0,0.25
310,481,481,479,0,0.28745129704475403,0.9500000000000004,0,0,0.3333333333333333
310,481,481,496,0,0.9760349988937378,0.9500000000000004,1,1,1.0
310,481,481,503,0,0.28110143542289734,0.9500000000000004,0,0,0.25
310,481,481,504,0,0.3567919433116913,0.9500000000000004,0,0,0.25
310,481,481,507,0,0.9183834195137024,0.9500000000000004,0,0,0.5
310,481,481,554,0,0.28110143542289734,0.9500000000000004,0,0,0.25
310,481,481,558,0,0.28110143542289734,0.9500000000000004,0,0,0.25
310,481,481,561,0,0.6111057996749878,0.9500000000000004,0,0,0.25
310,481,481,562,0,0.6754549741744995,0.9500000000000004,0,0,0.25
310,481,481,563,0,0.331840842962265,0.9500000000000004,0,0,0.25
310,481,481,569,0,0.9493009448051453,0.9500000000000004,0,1,0.5
310,481,481,592,0,0.5830579996109009,0.9500000000000004,0,0,0.5
310,481,481,596,0,0.28110143542289734,0.9500000000000004,0,0,0.25
310,481,481,622,0,0.4721972644329071,0.9500000000000004,0,0,0.5
310,481,481,727,0,0.5830579996109009,0.9500000000000004,0,0,0.5
310,481,481,773,0,0.5830579996109009,0.9500000000000004,0,1,0.5
310,481,481,825,0,0.46621695160865784,0.9500000000000004,0,0,0.25
310,481,481,838,0,0.9592442512512207,0.9500000000000004,1,1,1.0
310,481,481,885,0,0.5830579996109009,0.9500000000000004,0,0,0.5
310,481,481,956,0,0.5830579996109009,0.9500000000000004,0,0,0.5
310,481,481,957,0,0.9524351954460144,0.9500000000000004,1,0,1.0
310,481,481,958,0,0.5830579996109009,0.9500000000000004,0,0,0.5
310,481,957,507,1,0.7300904989242554,0.9500000000000004,0,0,0.5
310,481,957,561,1,0.5256060361862183,0.9500000000000004,0,0,0.5
310,481,957,569,1,0.9104434847831726,0.9500000000000004,0,1,1.0
310,481,957,592,1,0.42326074838638306,0.9500000000000004,0,0,0.5
310,481,957,727,1,0.42326074838638306,0.9500000000000004,0,0,0.5
310,481,957,773,1,0.42326074838638306,0.9500000000000004,0,1,0.5
310,481,957,885,1,0.42326074838638306,0.9500000000000004,0,0,0.5
310,481,957,956,1,0.42326074838638306,0.9500000000000004,0,0,0.5
310,481,957,958,1,0.42326074838638306,0.9500000000000004,0,0,0.5
310,481,838,507,1,0.793559193611145,0.9500000000000004,0,0,0.3333333333333333
310,481,838,561,1,0.5582798719406128,0.9500000000000004,0,0,0.3333333333333333
310,481,838,562,1,0.6257088780403137,0.9500000000000004,0,0,0.3333333333333333
310,481,838,569,1,0.932693600654602,0.9500000000000004,0,1,0.6666666666666666
310,481,838,579,1,0.5182650685310364,0.9500000000000004,0,0,0.3333333333333333
310,481,838,592,1,0.4798935353755951,0.9500000000000004,0,0,0.5
310,481,838,727,1,0.4798935353755951,0.9500000000000004,0,0,0.5
310,481,838,773,1,0.4798935353755951,0.9500000000000004,0,1,0.5
310,481,838,839,1,0.2848716676235199,0.9500000000000004,0,0,0.3333333333333333
310,481,838,885,1,0.4798935353755951,0.9500000000000004,0,0,0.5
310,481,838,956,1,0.4798935353755951,0.9500000000000004,0,0,0.5
310,481,838,958,1,0.4798935353755951,0.9500000000000004,0,0,0.5
310,481,496,402,1,0.3567919433116913,0.9500000000000004,0,0,0.25
310,481,496,443,1,0.694748044013977,0.9500000000000004,0,0,0.3333333333333333
310,481,496,464,1,0.28110143542289734,0.9500000000000004,0,0,0.25
310,481,496,475,1,0.331840842962265,0.9500000000000004,0,0,0.25
310,481,496,476,1,0.28110143542289734,0.9500000000000004,0,0,0.25
310,481,496,479,1,0.28745129704475403,0.9500000000000004,0,0,0.3333333333333333
310,481,496,503,1,0.28110143542289734,0.9500000000000004,0,0,0.25
310,481,496,504,1,0.3567919433116913,0.9500000000000004,0,0,0.25
310,481,496,507,1,0.9183834195137024,0.9500000000000004,0,0,0.5
310,481,496,554,1,0.28110143542289734,0.9500000000000004,0,0,0.25
310,481,496,558,1,0.28110143542289734,0.9500000000000004,0,0,0.25
310,481,496,561,1,0.6111057996749878,0.9500000000000004,0,0,0.25
310,481,496,562,1,0.6754549741744995,0.9500000000000004,0,0,0.25
310,481,496,563,1,0.331840842962265,0.9500000000000004,0,0,0.25
310,481,496,569,1,0.9493009448051453,0.9500000000000004,0,1,0.5
310,481,496,592,1,0.5830579996109009,0.9500000000000004,0,0,0.5
310,481,496,596,1,0.28110143542289734,0.9500000000000004,0,0,0.25
310,481,496,622,1,0.4721972644329071,0.9500000000000004,0,0,0.5
310,481,496,727,1,0.5830579996109009,0.9500000000000004,0,0,0.5
310,481,496,773,1,0.5830579996109009,0.9500000000000004,0,1,0.5
310,481,496,825,1,0.46621695160865784,0.9500000000000004,0,0,0.25
310,481,496,885,1,0.5830579996109009,0.9500000000000004,0,0,0.5
310,481,496,956,1,0.5830579996109009,0.9500000000000004,0,0,0.5
310,481,496,958,1,0.5830579996109009,0.9500000000000004,0,0,0.5
311,178,178,167,0,0.8385689854621887,0.9500000000000004,0,0,0.5882352941176471
311,178,178,176,0,0.8724316954612732,0.9500000000000004,0,0,0.5882352941176471
311,178,178,177,0,0.8652443289756775,0.9500000000000004,0,0,0.5882352941176471
311,178,178,180,0,0.6887516379356384,0.9500000000000004,0,0,0.29411764705882354
311,178,178,21,0,0.6870310306549072,0.9500000000000004,0,0,0.23529411764705882
311,178,178,34,0,0.8629375100135803,0.9500000000000004,0,0,0.4117647058823529
311,178,178,38,0,0.8624731302261353,0.9500000000000004,0,0,0.35294117647058826
311,178,178,389,0,0.6271780729293823,0.9500000000000004,0,0,0.25
311,178,178,680,0,0.8926568627357483,0.9500000000000004,0,0,0.5
311,178,178,741,0,0.4772876501083374,0.9500000000000004,0,0,0.2
311,178,178,817,0,0.8517552018165588,0.9500000000000004,0,0,0.3333333333333333
311,178,178,852,0,0.5400875806808472,0.9500000000000004,0,0,0.2
311,178,178,860,0,0.48585301637649536,0.9500000000000004,0,1,0.5
311,178,178,873,0,0.4753391742706299,0.9500000000000004,0,0,1.0
312,419,419,498,0,0.5497267842292786,0.9500000000000004,0,1,1.0
312,419,419,619,0,0.6136375665664673,0.9500000000000004,0,0,1.0
312,419,419,792,0,0.589178740978241,0.9500000000000004,0,0,1.0
313,772,772,419,0,0.7425646185874939,0.9500000000000004,0,0,1.0
313,772,772,438,0,0.682862401008606,0.9500000000000004,0,0,1.0
313,772,772,479,0,0.7425646185874939,0.9500000000000004,0,0,1.0
313,772,772,498,0,0.7773343324661255,0.9500000000000004,0,0,1.0
313,772,772,569,0,0.8484843969345093,0.9500000000000004,0,0,1.0
313,772,772,959,0,0.682862401008606,0.9500000000000004,0,0,1.0
313,772,772,960,0,0.682862401008606,0.9500000000000004,0,0,1.0
314,773,773,481,0,0.884381115436554,0.9500000000000004,0,1,1.0
314,773,773,496,0,0.884381115436554,0.9500000000000004,0,1,1.0
314,773,773,507,0,0.6835486888885498,0.9500000000000004,0,0,0.5
314,773,773,561,0,0.46801576018333435,0.9500000000000004,0,0,0.5
314,773,773,569,0,0.9131989479064941,0.9500000000000004,0,1,1.0
314,773,773,592,0,0.36249271035194397,0.9500000000000004,0,0,0.5
314,773,773,727,0,0.36249271035194397,0.9500000000000004,0,0,0.5
314,773,773,838,0,0.8724988698959351,0.9500000000000004,0,1,1.0
314,773,773,885,0,0.36249271035194397,0.9500000000000004,0,0,0.5
314,773,773,956,0,0.36249271035194397,0.9500000000000004,0,0,0.5
314,773,773,957,0,0.4888938069343567,0.9500000000000004,0,1,0.5
314,773,773,958,0,0.36249271035194397,0.9500000000000004,0,0,0.5
315,496,496,443,0,0.4442109167575836,0.9500000000000004,0,0,0.2
315,496,496,479,0,0.41071563959121704,0.9500000000000004,0,0,0.2
315,496,496,481,0,0.9591718316078186,0.9500000000000004,1,1,1.0
315,496,496,507,0,0.6335309743881226,0.9500000000000004,0,0,0.3333333333333333
315,496,496,569,0,0.9452080726623535,0.9500000000000004,0,1,0.6666666666666666
315,496,496,592,0,0.0943019837141037,0.9500000000000004,0,0,0.25
315,496,496,622,0,0.28434741497039795,0.9500000000000004,0,0,0.3333333333333333
315,496,496,727,0,0.0943019837141037,0.9500000000000004,0,0,0.25
315,496,496,772,0,0.7834984064102173,0.9500000000000004,0,0,1.0
315,496,496,773,0,0.8838644623756409,0.9500000000000004,0,0,0.75
315,496,496,838,0,0.9464669823646545,0.9500000000000004,0,0,1.0
315,496,496,885,0,0.0943019837141037,0.9500000000000004,0,0,0.25
315,496,496,911,0,0.738523542881012,0.9500000000000004,0,0,1.0
315,496,496,956,0,0.0943019837141037,0.9500000000000004,0,0,0.25
315,496,496,957,0,0.887693464756012,0.9500000000000004,0,0,0.75
315,496,496,958,0,0.0943019837141037,0.9500000000000004,0,0,0.25
315,496,481,443,1,0.4442109167575836,0.9500000000000004,0,0,0.2
315,496,481,479,1,0.41071563959121704,0.9500000000000004,0,0,0.2
315,496,481,507,1,0.6335309743881226,0.9500000000000004,0,0,0.3333333333333333
315,496,481,569,1,0.9452080726623535,0.9500000000000004,0,1,0.6666666666666666
315,496,481,592,1,0.0943019837141037,0.9500000000000004,0,0,0.25
315,496,481,622,1,0.28434741497039795,0.9500000000000004,0,0,0.3333333333333333
315,496,481,727,1,0.0943019837141037,0.9500000000000004,0,0,0.25
315,496,481,772,1,0.7834984064102173,0.9500000000000004,0,0,1.0
315,496,481,773,1,0.8838644623756409,0.9500000000000004,0,0,0.75
315,496,481,838,1,0.9464669823646545,0.9500000000000004,0,0,1.0
315,496,481,885,1,0.0943019837141037,0.9500000000000004,0,0,0.25
315,496,481,911,1,0.738523542881012,0.9500000000000004,0,0,1.0
315,496,481,956,1,0.0943019837141037,0.9500000000000004,0,0,0.25
315,496,481,957,1,0.887693464756012,0.9500000000000004,0,0,0.75
315,496,481,958,1,0.0943019837141037,0.9500000000000004,0,0,0.25
316,869,869,194,0,0.7858585119247437,0.9500000000000004,0,0,0.5
316,869,869,34,0,0.9663842916488647,0.9500000000000004,1,0,1.0
316,869,869,36,0,0.6924766302108765,0.9500000000000004,0,0,0.5
316,869,869,38,0,0.8977185487747192,0.9500000000000004,0,0,0.5
316,869,869,55,0,0.8535323143005371,0.9500000000000004,0,0,0.5
316,869,869,680,0,0.8268182873725891,0.9500000000000004,0,0,0.5
316,869,869,816,0,0.7828003168106079,0.9500000000000004,0,0,0.5
316,869,869,852,0,0.6761339902877808,0.9500000000000004,0,0,0.5
316,869,869,865,0,0.44759276509284973,0.9500000000000004,0,1,0.5
316,869,34,167,1,0.9264849424362183,0.9500000000000004,0,0,0.3582089552238806
316,869,34,38,1,0.8878454566001892,0.9500000000000004,0,0,0.3380281690140845
316,869,34,389,1,0.5985926389694214,0.9500000000000004,0,0,0.225
316,869,34,66,1,0.6451712250709534,0.9500000000000004,0,0,0.21739130434782608
316,869,34,680,1,0.9519684314727783,0.9500000000000004,1,0,0.4857142857142857
316,869,34,816,1,0.6633621454238892,0.9500000000000004,0,0,0.3181818181818182
316,869,34,817,1,0.8350076675415039,0.9500000000000004,0,0,0.3076923076923077
316,869,34,852,1,0.6018936634063721,0.9500000000000004,0,0,0.4
316,869,34,865,1,0.18281400203704834,0.9500000000000004,0,1,0.2
316,869,680,167,2,0.9512518644332886,0.9500000000000004,1,0,0.5151515151515151
316,869,680,38,2,0.9039252400398254,0.9500000000000004,0,0,0.6363636363636364
316,869,680,817,2,0.8580698370933533,0.9500000000000004,0,0,0.36585365853658536
316,869,167,180,3,0.7020381689071655,0.9500000000000004,0,0,0.32098765432098764
316,869,167,21,3,0.69205242395401,0.9500000000000004,0,0,0.25925925925925924
316,869,167,38,3,0.9174652695655823,0.9500000000000004,0,0,0.49382716049382713
316,869,167,389,3,0.634670078754425,0.9500000000000004,0,0,0.28169014084507044
316,869,167,817,3,0.9273409247398376,0.9500000000000004,0,0,0.6410256410256411
316,869,167,870,3,0.7546820640563965,0.9500000000000004,0,0,0.25
317,870,870,167,0,0.8962015509605408,0.9500000000000004,0,0,0.42857142857142855
317,870,870,210,0,0.7273218631744385,0.9500000000000004,0,0,0.2857142857142857
317,870,870,38,0,0.8267022371292114,0.9500000000000004,0,0,0.2857142857142857
317,870,870,46,0,0.7595288753509521,0.9500000000000004,0,0,0.2857142857142857
317,870,870,680,0,0.8549392223358154,0.9500000000000004,0,0,0.2857142857142857
317,870,870,817,0,0.8150887489318848,0.9500000000000004,0,0,0.2857142857142857
317,870,870,857,0,0.5166674256324768,0.9500000000000004,0,1,0.2857142857142857
317,870,870,862,0,0.4465300440788269,0.9500000000000004,0,0,0.2
317,870,870,866,0,0.3331463932991028,0.9500000000000004,0,0,0.2
318,902,902,439,0,0.6658341884613037,0.9500000000000004,0,0,1.0
318,902,902,441,0,0.7429952621459961,0.9500000000000004,0,0,1.0
318,902,902,442,0,0.7429952621459961,0.9500000000000004,0,0,1.0
318,902,902,443,0,0.848629891872406,0.9500000000000004,0,0,1.0
318,902,902,444,0,0.7429952621459961,0.9500000000000004,0,0,1.0
318,902,902,445,0,0.7429952621459961,0.9500000000000004,0,0,1.0
318,902,902,446,0,0.6658341884613037,0.9500000000000004,0,0,1.0
318,902,902,447,0,0.6658341884613037,0.9500000000000004,0,0,1.0
318,902,902,448,0,0.6658341884613037,0.9500000000000004,0,0,1.0
318,902,902,449,0,0.6658341884613037,0.9500000000000004,0,0,1.0
319,839,839,562,0,0.825907289981842,0.9500000000000004,0,0,1.0
319,839,839,579,0,0.7829347252845764,0.9500000000000004,0,0,1.0
319,839,839,838,0,0.8729413747787476,0.9500000000000004,0,0,1.0
320,905,905,1,0,0.9804738759994507,0.9500000000000004,1,1,1.0
320,905,905,149,0,0.9445914626121521,0.9500000000000004,0,1,0.75
320,905,905,155,0,0.5055100321769714,0.9500000000000004,0,0,0.25
320,905,905,7,0,0.9748123288154602,0.9500000000000004,1,1,1.0
320,905,905,73,0,0.931854248046875,0.9500000000000004,0,1,0.75
320,905,7,149,1,0.9183857440948486,0.9500000000000004,0,1,0.42857142857142855
320,905,7,2,1,0.4829947352409363,0.9500000000000004,0,0,0.2222222222222222
320,905,7,38,1,0.8303418159484863,0.9500000000000004,0,0,0.2
320,905,7,73,1,0.8913607001304626,0.9500000000000004,0,1,0.38095238095238093
320,905,1,149,1,0.8909297585487366,0.9500000000000004,0,1,0.275
320,905,1,34,1,0.8205788731575012,0.9500000000000004,0,0,0.23076923076923078
320,905,1,73,1,0.8763516545295715,0.9500000000000004,0,1,0.25
320,905,1,931,1,0.2259560376405716,0.9500000000000004,0,0,0.3333333333333333
320,905,1,932,1,0.2259560376405716,0.9500000000000004,0,0,0.3333333333333333
321,390,390,164,0,0.5158236622810364,0.9500000000000004,0,0,0.3333333333333333
321,390,390,167,0,0.7848952412605286,0.9500000000000004,0,0,0.3333333333333333
321,390,390,176,0,0.6857713460922241,0.9500000000000004,0,0,0.3333333333333333
321,390,390,177,0,0.6735783219337463,0.9500000000000004,0,0,0.3333333333333333
321,390,390,178,0,0.7654498815536499,0.9500000000000004,0,0,0.3333333333333333
321,390,390,180,0,0.7136719226837158,0.9500000000000004,0,0,0.3333333333333333
321,390,390,187,0,0.666557252407074,0.9500000000000004,0,0,0.3333333333333333
321,390,390,189,0,0.648614227771759,0.9500000000000004,0,0,0.3333333333333333
321,390,390,205,0,0.46688657999038696,0.9500000000000004,0,0,0.3333333333333333
321,390,390,21,0,0.6891061067581177,0.9500000000000004,0,0,0.3333333333333333
321,390,390,27,0,0.4529373347759247,0.9500000000000004,0,0,0.5
321,390,390,28,0,0.4529373347759247,0.9500000000000004,0,0,0.5
321,390,390,34,0,0.7674492001533508,0.9500000000000004,0,0,0.3333333333333333
321,390,390,38,0,0.7797343134880066,0.9500000000000004,0,0,0.3333333333333333
321,390,390,46,0,0.6706270575523376,0.9500000000000004,0,0,0.3333333333333333
321,390,390,680,0,0.8006177544593811,0.9500000000000004,0,0,0.5
321,390,390,740,0,0.4529373347759247,0.9500000000000004,0,0,0.5
321,390,390,824,0,0.8268594145774841,0.9500000000000004,0,0,1.0
321,390,390,871,0,0.5465186834335327,0.9500000000000004,0,0,1.0
322,155,155,1,0,0.9490051865577698,0.9500000000000004,0,0,0.4
322,155,155,38,0,0.8521124124526978,0.9500000000000004,0,0,0.2
322,155,155,410,0,0.43359410762786865,0.9500000000000004,0,0,0.2
322,155,155,477,0,0.445128858089447,0.9500000000000004,0,0,0.25
322,155,155,490,0,0.445128858089447,0.9500000000000004,0,0,0.25
322,155,155,513,0,0.43359410762786865,0.9500000000000004,0,0,0.2
322,155,155,515,0,0.445128858089447,0.9500000000000004,0,0,0.25
322,155,155,520,0,0.445128858089447,0.9500000000000004,0,0,0.25
322,155,155,526,0,0.445128858089447,0.9500000000000004,0,0,0.25
322,155,155,531,0,0.43359410762786865,0.9500000000000004,0,0,0.2
322,155,155,539,0,0.445128858089447,0.9500000000000004,0,0,0.25
322,155,155,567,0,0.4979231059551239,0.9500000000000004,0,0,0.2
322,155,155,598,0,0.445128858089447,0.9500000000000004,0,0,0.25
322,155,155,616,0,0.445128858089447,0.9500000000000004,0,0,0.25
322,155,155,622,0,0.5373498797416687,0.9500000000000004,0,0,0.25
322,155,155,623,0,0.445128858089447,0.9500000000000004,0,0,0.25
322,155,155,625,0,0.445128858089447,0.9500000000000004,0,0,0.25
322,155,155,635,0,0.49368149042129517,0.9500000000000004,0,0,0.25
322,155,155,641,0,0.445128858089447,0.9500000000000004,0,0,0.25
322,155,155,7,0,0.8752852082252502,0.9500000000000004,0,0,0.2
322,155,155,731,0,0.43359410762786865,0.9500000000000004,0,0,0.2
322,155,155,758,0,0.43359410762786865,0.9500000000000004,0,0,0.2
322,155,155,905,0,0.7933077812194824,0.9500000000000004,0,0,0.5
324,0,0,1,0,0.818500816822052,0.9500000000000004,0,0,0.5
324,0,0,811,0,0.7077972888946533,0.9500000000000004,0,0,1.0
324,0,0,812,0,0.5909885764122009,0.9500000000000004,0,0,1.0
325,969,969,390,0,0.8928638100624084,0.9500000000000004,0,0,1.0
325,969,969,961,0,0.7623815536499023,0.9500000000000004,0,0,1.0
325,969,969,962,0,0.7623815536499023,0.9500000000000004,0,0,1.0
325,969,969,963,0,0.8393502831459045,0.9500000000000004,0,0,1.0
325,969,969,964,0,0.7623815536499023,0.9500000000000004,0,0,1.0
325,969,969,965,0,0.7623815536499023,0.9500000000000004,0,0,1.0
325,969,969,966,0,0.7623815536499023,0.9500000000000004,0,0,1.0
325,969,969,967,0,0.7623815536499023,0.9500000000000004,0,0,1.0
325,969,969,968,0,0.7623815536499023,0.9500000000000004,0,0,1.0
325,969,969,970,0,0.7623815536499023,0.9500000000000004,0,0,1.0
325,969,969,971,0,0.7623815536499023,0.9500000000000004,0,0,1.0
325,969,969,972,0,0.7623815536499023,0.9500000000000004,0,0,1.0
326,390,390,155,0,0.8364211320877075,0.9500000000000004,0,1,0.3333333333333333
326,390,390,164,0,0.4834180772304535,0.9500000000000004,0,0,0.2
326,390,390,167,0,0.7185027599334717,0.9500000000000004,0,0,0.2
326,390,390,176,0,0.6398351788520813,0.9500000000000004,0,0,0.2
326,390,390,177,0,0.6301655769348145,0.9500000000000004,0,0,0.2
326,390,390,178,0,0.6933156847953796,0.9500000000000004,0,0,0.2
326,390,390,180,0,0.6622501015663147,0.9500000000000004,0,0,0.2
326,390,390,187,0,0.624289870262146,0.9500000000000004,0,0,0.2
326,390,390,189,0,0.6087367534637451,0.9500000000000004,0,0,0.2
326,390,390,205,0,0.4449317455291748,0.9500000000000004,0,0,0.2
326,390,390,21,0,0.6544108986854553,0.9500000000000004,0,0,0.2
326,390,390,27,0,0.41423383355140686,0.9500000000000004,0,0,0.25
326,390,390,28,0,0.41423383355140686,0.9500000000000004,0,0,0.25
326,390,390,34,0,0.7056094408035278,0.9500000000000004,0,0,0.2
326,390,390,38,0,0.7170987129211426,0.9500000000000004,0,0,0.2
326,390,390,46,0,0.6361382603645325,0.9500000000000004,0,0,0.2
326,390,390,680,0,0.7175613641738892,0.9500000000000004,0,0,0.25
326,390,390,740,0,0.41423383355140686,0.9500000000000004,0,0,0.25
326,390,390,824,0,0.6562780737876892,0.9500000000000004,0,0,0.3333333333333333
326,390,390,871,0,0.4283497631549835,0.9500000000000004,0,0,0.3333333333333333
326,390,390,961,0,0.5937104821205139,0.9500000000000004,0,0,0.5
326,390,390,962,0,0.5937104821205139,0.9500000000000004,0,0,0.5
326,390,390,963,0,0.938262403011322,0.9500000000000004,0,0,1.0
326,390,390,964,0,0.5937104821205139,0.9500000000000004,0,0,0.5
326,390,390,965,0,0.5937104821205139,0.9500000000000004,0,0,0.5
326,390,390,966,0,0.5937104821205139,0.9500000000000004,0,0,0.5
326,390,390,967,0,0.5937104821205139,0.9500000000000004,0,0,0.5
326,390,390,968,0,0.5937104821205139,0.9500000000000004,0,0,0.5
326,390,390,969,0,0.8269540071487427,0.9500000000000004,0,0,0.5
326,390,390,970,0,0.5937104821205139,0.9500000000000004,0,0,0.5
326,390,390,971,0,0.5937104821205139,0.9500000000000004,0,0,0.5
326,390,390,972,0,0.5937104821205139,0.9500000000000004,0,0,0.5
326,390,390,973,0,0.7594114542007446,0.9500000000000004,0,0,1.0
327,1028,1028,1026,0,0.6435170769691467,0.9500000000000004,0,1,1.0
327,1028,1028,1027,0,0.6435170769691467,0.9500000000000004,0,0,1.0
327,1028,1028,969,0,0.7115066051483154,0.9500000000000004,0,0,1.0
328,390,390,1002,0,0.8063287138938904,0.9500000000000004,0,0,1.0
328,390,390,1021,0,0.8063287138938904,0.9500000000000004,0,0,1.0
328,390,390,155,0,0.9427077770233154,0.9500000000000004,0,0,0.5
328,390,390,27,0,0.44821974635124207,0.9500000000000004,0,0,0.2
328,390,390,28,0,0.44821974635124207,0.9500000000000004,0,0,0.2
328,390,390,680,0,0.717111349105835,0.9500000000000004,0,0,0.2
328,390,390,740,0,0.44821974635124207,0.9500000000000004,0,0,0.2
328,390,390,824,0,0.6622920036315918,0.9500000000000004,0,0,0.25
328,390,390,871,0,0.46439477801322937,0.9500000000000004,0,0,0.25
328,390,390,961,0,0.5694859027862549,0.9500000000000004,0,0,0.3333333333333333
328,390,390,962,0,0.5694859027862549,0.9500000000000004,0,0,0.3333333333333333
328,390,390,963,0,0.8770725727081299,0.9500000000000004,0,0,0.6666666666666666
328,390,390,964,0,0.5694859027862549,0.9500000000000004,0,0,0.3333333333333333
328,390,390,965,0,0.5694859027862549,0.9500000000000004,0,0,0.3333333333333333
328,390,390,966,0,0.5694859027862549,0.9500000000000004,0,0,0.3333333333333333
328,390,390,967,0,0.5694859027862549,0.9500000000000004,0,0,0.3333333333333333
328,390,390,968,0,0.5694859027862549,0.9500000000000004,0,0,0.3333333333333333
328,390,390,969,0,0.7368323802947998,0.9500000000000004,0,0,0.3333333333333333
328,390,390,970,0,0.5694859027862549,0.9500000000000004,0,0,0.3333333333333333
328,390,390,971,0,0.5694859027862549,0.9500000000000004,0,0,0.3333333333333333
328,390,390,972,0,0.5694859027862549,0.9500000000000004,0,0,0.3333333333333333
328,390,390,973,0,0.6459424495697021,0.9500000000000004,0,0,0.5
329,865,865,34,0,0.7534852027893066,0.9500000000000004,0,0,0.5
329,865,865,36,0,0.5664242506027222,0.9500000000000004,0,0,0.5
329,865,865,680,0,0.7588943839073181,0.9500000000000004,0,0,0.5
329,865,865,852,0,0.547685980796814,0.9500000000000004,0,0,0.5
329,865,865,869,0,0.9060343503952026,0.9500000000000004,0,1,1.0
330,149,149,1,0,0.9678075313568115,0.9500000000000004,1,1,0.8
330,149,149,154,0,0.6019121408462524,0.9500000000000004,0,0,0.21428571428571427
330,149,149,7,0,0.9508106708526611,0.9500000000000004,1,1,0.6666666666666666
330,149,149,73,0,0.9246613383293152,0.9500000000000004,0,1,0.6
330,149,149,905,0,0.9124181270599365,0.9500000000000004,0,1,1.0
330,149,7,2,1,0.49957704544067383,0.9500000000000004,0,0,0.21052631578947367
330,149,7,73,1,0.9043477177619934,0.9500000000000004,0,1,0.4090909090909091
330,149,7,905,1,0.9281151294708252,0.9500000000000004,0,1,1.0
330,149,1,34,1,0.7441388368606567,0.9500000000000004,0,0,0.225
330,149,1,73,1,0.8863629102706909,0.9500000000000004,0,1,0.2682926829268293
330,149,1,905,1,0.9095668792724609,0.9500000000000004,0,1,0.8333333333333334
330,149,1,931,1,0.24930639564990997,0.9500000000000004,0,0,0.25
330,149,1,932,1,0.24930639564990997,0.9500000000000004,0,0,0.25
331,525,525,397,0,0.5412713885307312,0.9500000000000004,0,0,0.5
331,525,525,452,0,0.6339005827903748,0.9500000000000004,0,0,1.0
331,525,525,453,0,0.6339005827903748,0.9500000000000004,0,0,1.0
331,525,525,507,0,0.8524487614631653,0.9500000000000004,0,1,1.0
331,525,525,512,0,0.5031014680862427,0.9500000000000004,0,0,1.0
331,525,525,524,0,0.7586044669151306,0.9500000000000004,0,1,1.0
331,525,525,537,0,0.4764806032180786,0.9500000000000004,0,0,0.5
331,525,525,538,0,0.5031014680862427,0.9500000000000004,0,0,1.0
331,525,525,552,0,0.5031014680862427,0.9500000000000004,0,0,1.0
331,525,525,562,0,0.5915473103523254,0.9500000000000004,0,0,0.5
331,525,525,579,0,0.6940064430236816,0.9500000000000004,0,0,1.0
331,525,525,768,0,0.7586045265197754,0.9500000000000004,0,0,1.0
333,677,677,397,0,0.6961658000946045,0.9500000000000004,0,0,1.0
333,677,677,638,0,0.511846661567688,0.9500000000000004,0,0,1.0
335,815,815,180,0,0.779295802116394,0.9500000000000004,0,0,1.0
335,815,815,21,0,0.7838271856307983,0.9500000000000004,0,0,1.0
335,815,815,55,0,0.793530285358429,0.9500000000000004,0,0,1.0
335,815,815,817,0,0.8125401735305786,0.9500000000000004,0,0,1.0
336,1098,1098,1202,0,0.713657796382904,0.9500000000000004,0,0,1.0
336,1098,1098,677,0,0.7856580018997192,0.9500000000000004,0,0,1.0
337,1098,1098,1138,0,0.5912503004074097,0.9500000000000004,0,1,1.0
337,1098,1098,1202,0,0.20935820043087006,0.9500000000000004,0,0,0.5
337,1098,1098,677,0,0.3071167767047882,0.9500000000000004,0,0,0.5
338,1218,1218,1097,0,0.7682819366455078,0.9500000000000004,0,0,1.0
338,1218,1218,1098,0,0.8531593084335327,0.9500000000000004,0,1,1.0
338,1218,1218,1138,0,0.823907196521759,0.9500000000000004,0,0,1.0
340,397,397,417,0,0.4209935963153839,0.9500000000000004,0,0,0.3333333333333333
340,397,397,444,0,0.5323610305786133,0.9500000000000004,0,0,0.5
340,397,397,452,0,0.5453861951828003,0.9500000000000004,0,0,0.5
340,397,397,453,0,0.5453861951828003,0.9500000000000004,0,0,0.5
340,397,397,493,0,0.4209935963153839,0.9500000000000004,0,0,0.3333333333333333
340,397,397,507,0,0.8586617112159729,0.9500000000000004,0,0,0.6666666666666666
340,397,397,509,0,0.5826095342636108,0.9500000000000004,0,0,0.5
340,397,397,512,0,0.571044385433197,0.9500000000000004,0,0,1.0
340,397,397,524,0,0.6784577965736389,0.9500000000000004,0,0,0.5
340,397,397,525,0,0.6784578561782837,0.9500000000000004,0,0,0.5
340,397,397,537,0,0.5060239434242249,0.9500000000000004,0,0,0.3333333333333333
340,397,397,538,0,0.571044385433197,0.9500000000000004,0,0,1.0
340,397,397,552,0,0.571044385433197,0.9500000000000004,0,0,1.0
340,397,397,557,0,0.4209935963153839,0.9500000000000004,0,0,0.3333333333333333
340,397,397,562,0,0.6006425023078918,0.9500000000000004,0,0,0.3333333333333333
340,397,397,573,0,0.6619821786880493,0.9500000000000004,0,0,0.3333333333333333
340,397,397,579,0,0.6027844548225403,0.9500000000000004,0,0,0.5
340,397,397,601,0,0.4209935963153839,0.9500000000000004,0,0,0.3333333333333333
340,397,397,635,0,0.4694904685020447,0.9500000000000004,0,0,0.3333333333333333
340,397,397,638,0,0.4073052406311035,0.9500000000000004,0,0,0.25
340,397,397,677,0,0.5492760539054871,0.9500000000000004,0,0,0.25
340,397,397,768,0,0.5469101071357727,0.9500000000000004,0,0,0.5
340,397,397,825,0,0.53301602602005,0.9500000000000004,0,0,0.3333333333333333
343,1217,1217,1095,0,0.6922001838684082,0.9500000000000004,0,0,1.0
343,1217,1217,1098,0,0.8361940979957581,0.9500000000000004,0,0,1.0
343,1217,1217,1218,0,0.7698200941085815,0.9500000000000004,0,0,1.0
344,1224,1224,1217,0,0.8229487538337708,0.9500000000000004,0,0,1.0
348,1218,1218,1095,0,0.4783895015716553,0.9500000000000004,0,0,1.0
348,1218,1218,1097,0,0.29487401247024536,0.9500000000000004,0,0,0.5
348,1218,1218,1098,0,0.8315011262893677,0.9500000000000004,0,0,1.0
348,1218,1218,1138,0,0.3759565055370331,0.9500000000000004,0,0,0.5
348,1218,1218,1217,0,0.6144062876701355,0.9500000000000004,0,0,1.0
349,208,208,167,0,0.8002640604972839,0.9500000000000004,0,0,1.0
349,208,208,180,0,0.7546914219856262,0.9500000000000004,0,0,1.0
349,208,208,187,0,0.7156896591186523,0.9500000000000004,0,0,1.0
349,208,208,30,0,0.6864581108093262,0.9500000000000004,0,0,1.0
349,208,208,34,0,0.793804407119751,0.9500000000000004,0,0,1.0
349,208,208,368,0,0.6892285346984863,0.9500000000000004,0,0,1.0
349,208,208,38,0,0.8014302253723145,0.9500000000000004,0,0,1.0
349,208,208,46,0,0.7373132109642029,0.9500000000000004,0,0,1.0
350,1218,1218,1095,0,0.213157519698143,0.9500000000000004,0,0,0.5
350,1218,1218,1097,0,0.15633319318294525,0.9500000000000004,0,0,0.3333333333333333
350,1218,1218,1098,0,0.7322618961334229,0.9500000000000004,0,1,0.6666666666666666
350,1218,1218,1138,0,0.22404077649116516,0.9500000000000004,0,0,0.3333333333333333
350,1218,1218,1217,0,0.3718104362487793,0.9500000000000004,0,0,0.5
350,1218,1218,1227,0,0.6274381279945374,0.9500000000000004,0,0,1.0
350,1218,1218,811,0,0.7693020701408386,0.9500000000000004,0,0,0.3333333333333333
351,390,390,1002,0,0.47794169187545776,0.9500000000000004,0,0,0.5
351,390,390,1021,0,0.47794169187545776,0.9500000000000004,0,0,0.5
351,390,390,155,0,0.7475939393043518,0.9500000000000004,0,0,0.4
351,390,390,824,0,0.5883548259735107,0.9500000000000004,0,0,0.2
351,390,390,870,0,0.6676309704780579,0.9500000000000004,0,0,0.2
351,390,390,871,0,0.39800941944122314,0.9500000000000004,0,0,0.2
351,390,390,961,0,0.4106963574886322,0.9500000000000004,0,0,0.25
351,390,390,962,0,0.4106963574886322,0.9500000000000004,0,0,0.25
351,390,390,963,0,0.6335069537162781,0.9500000000000004,0,0,0.5
351,390,390,964,0,0.4106963574886322,0.9500000000000004,0,0,0.25
351,390,390,965,0,0.4106963574886322,0.9500000000000004,0,0,0.25
351,390,390,966,0,0.4106963574886322,0.9500000000000004,0,0,0.25
351,390,390,967,0,0.4106963574886322,0.9500000000000004,0,0,0.25
351,390,390,968,0,0.4106963574886322,0.9500000000000004,0,0,0.25
351,390,390,969,0,0.4816479980945587,0.9500000000000004,0,0,0.25
351,390,390,970,0,0.4106963574886322,0.9500000000000004,0,0,0.25
351,390,390,971,0,0.4106963574886322,0.9500000000000004,0,0,0.25
351,390,390,972,0,0.4106963574886322,0.9500000000000004,0,0,0.25
351,390,390,973,0,0.4311680793762207,0.9500000000000004,0,0,0.3333333333333333
